id,name,state,label,population,lat,lng
5128581,"New York City","NY","New York City, NY",8175133,40.71427,-74.00597
5368361,"Los Angeles","CA","Los Angeles, CA",3971883,34.05223,-118.24368
4887398,"Chicago","IL","Chicago, IL",2720546,41.85003,-87.65005
5110302,"Brooklyn","NY","Brooklyn, NY",2300664,40.6501,-73.94958
4699066,"Houston","TX","Houston, TX",2296224,29.76328,-95.36327
5133273,"Queens","NY","Queens, NY",2272771,40.68149,-73.83652
4560349,"Philadelphia","PA","Philadelphia, PA",1567442,39.95233,-75.16379
5308655,"Phoenix","AZ","Phoenix, AZ",1563025,33.44838,-112.07404
5125771,"Manhattan","NY","Manhattan, NY",1487536,40.78343,-73.96625
4726206,"San Antonio","TX","San Antonio, TX",1469845,29.42412,-98.49363
5391811,"San Diego","CA","San Diego, CA",1394928,32.71571,-117.16472
5110266,"The Bronx","NY","The Bronx, NY",1385108,40.84985,-73.86641
4684888,"Dallas","TX","Dallas, TX",1300092,32.78306,-96.80667
5392171,"San Jose","CA","San Jose, CA",1026908,37.33939,-121.89496
4671654,"Austin","TX","Austin, TX",931830,30.26715,-97.74306
4160021,"Jacksonville","FL","Jacksonville, FL",868031,30.33218,-81.65565
5391959,"San Francisco","CA","San Francisco, CA",864816,37.77493,-122.41942
4509177,"Columbus","OH","Columbus, OH",850106,39.96118,-82.99879
4691930,"Fort Worth","TX","Fort Worth, TX",833319,32.72541,-97.32085
4259418,"Indianapolis","IN","Indianapolis, IN",829718,39.76838,-86.15804
4460243,"Charlotte","NC","Charlotte, NC",827097,35.22709,-80.84313
5809844,"Seattle","WA","Seattle, WA",684451,47.60621,-122.33207
5419384,"Denver","CO","Denver, CO",682545,39.73915,-104.9847
5520993,"El Paso","TX","El Paso, TX",681124,31.75872,-106.48693
4990729,"Detroit","MI","Detroit, MI",677116,42.33143,-83.04575
4930956,"Boston","MA","Boston, MA",667137,42.35843,-71.05977
4641239,"Memphis","TN","Memphis, TN",655770,35.14953,-90.04898
5746545,"Portland","OR","Portland, OR",632309,45.52345,-122.67621
4544349,"Oklahoma City","OK","Oklahoma City, OK",631346,35.46756,-97.51643
5506956,"Las Vegas","NV","Las Vegas, NV",623747,36.17497,-115.13722
4347778,"Baltimore","MD","Baltimore, MD",621849,39.29038,-76.61219
4140963,"Washington, D.C.","DC","Washington, D.C., DC",601723,38.89511,-77.03637
5263045,"Milwaukee","WI","Milwaukee, WI",600155,43.0389,-87.90647
5454711,"Albuquerque","NM","Albuquerque, NM",559121,35.08449,-106.65114
5318313,"Tucson","AZ","Tucson, AZ",531641,32.22174,-110.92648
4644585,"Nashville","TN","Nashville, TN",530852,36.16589,-86.78444
5350937,"Fresno","CA","Fresno, CA",520052,36.74773,-119.77237
5389489,"Sacramento","CA","Sacramento, CA",490712,38.58157,-121.4944
4393217,"Kansas City","MO","Kansas City, MO",475378,39.09973,-94.57857
5367929,"Long Beach","CA","Long Beach, CA",474140,33.76696,-118.18923
5304391,"Mesa","AZ","Mesa, AZ",471825,33.42227,-111.82264
5139568,"Staten Island","NY","Staten Island, NY",468730,40.56233,-74.13986
4180439,"Atlanta","GA","Atlanta, GA",463878,33.749,-84.38798
5417598,"Colorado Springs","CO","Colorado Springs, CO",456568,38.83388,-104.82136
4791259,"Virginia Beach","VA","Virginia Beach, VA",452745,36.85293,-75.97799
4487042,"Raleigh","NC","Raleigh, NC",451066,35.7721,-78.63861
5074472,"Omaha","NE","Omaha, NE",443885,41.25626,-95.94043
4164138,"Miami","FL","Miami, FL",441003,25.77427,-80.19366
5378538,"Oakland","CA","Oakland, CA",419267,37.80437,-122.2708
5037649,"Minneapolis","MN","Minneapolis, MN",410939,44.97997,-93.26384
4553433,"Tulsa","OK","Tulsa, OK",403505,36.15398,-95.99277
4281730,"Wichita","KS","Wichita, KS",389965,37.69224,-97.33754
4335045,"New Orleans","LA","New Orleans, LA",389617,29.95465,-90.07507
4671240,"Arlington","TX","Arlington, TX",388125,32.73569,-97.10807
5150529,"Cleveland","OH","Cleveland, OH",388072,41.4995,-81.69541
5325738,"Bakersfield","CA","Bakersfield, CA",373640,35.37329,-119.01871
5856195,"Honolulu","HI","Honolulu, HI",371657,21.30694,-157.85833
4174757,"Tampa","FL","Tampa, FL",369075,27.94752,-82.45843
5412347,"Aurora","CO","Aurora, CO",359407,39.72943,-104.83192
5323810,"Anaheim","CA","Anaheim, CA",350742,33.83529,-117.9145
5392900,"Santa Ana","CA","Santa Ana, CA",335400,33.74557,-117.86783
4683416,"Corpus Christi","TX","Corpus Christi, TX",324074,27.80058,-97.39638
5387877,"Riverside","CA","Riverside, CA",322424,33.95335,-117.39616
4407066,"St. Louis","MO","St. Louis, MO",315685,38.62727,-90.19789
4297999,"Lexington-Fayette","KY","Lexington-Fayette, KY",314488,38.0498,-84.45855
5399020,"Stockton","CA","Stockton, CA",305658,37.9577,-121.29078
5206379,"Pittsburgh","PA","Pittsburgh, PA",304391,40.44062,-79.99589
5879400,"Anchorage","AK","Anchorage, AK",298695,61.21806,-149.90028
4508722,"Cincinnati","OH","Cincinnati, OH",296943,39.12711,-84.51439
4295940,"Ironville","KY","Ironville, KY",288649,38.45647,-82.69238
4300488,"Meads","KY","Meads, KY",288649,38.41258,-82.70905
5505411,"Henderson","NV","Henderson, NV",285667,36.0397,-114.98194
4469146,"Greensboro","NC","Greensboro, NC",285342,36.07264,-79.79198
5045360,"Saint Paul","MN","Saint Paul, MN",285068,44.94441,-93.09327
4719457,"Plano","TX","Plano, TX",283558,33.01984,-96.69889
5101798,"Newark","NJ","Newark, NJ",281944,40.73566,-74.17237
5174035,"Toledo","OH","Toledo, OH",279789,41.66394,-83.55521
5072006,"Lincoln","NE","Lincoln, NE",277348,40.8,-96.66696
4167147,"Orlando","FL","Orlando, FL",270934,28.53834,-81.37924
5336899,"Chula Vista","CA","Chula Vista, CA",265757,32.64005,-117.0842
5099836,"Jersey City","NJ","Jersey City, NJ",264290,40.72816,-74.07764
5289282,"Chandler","AZ","Chandler, AZ",260828,33.30616,-111.84125
4920423,"Fort Wayne","IN","Fort Wayne, IN",260326,41.1306,-85.12886
5110629,"Buffalo","NY","Buffalo, NY",258071,42.88645,-78.87837
4464368,"Durham","NC","Durham, NC",257636,35.99403,-78.89862
4171563,"St. Petersburg","FL","St. Petersburg, FL",257083,27.77086,-82.67927
5359777,"Irvine","CA","Irvine, CA",256927,33.66946,-117.82311
4705349,"Laredo","TX","Laredo, TX",255473,27.50641,-99.50754
5525577,"Lubbock","TX","Lubbock, TX",249042,33.57786,-101.85517
5261457,"Madison","WI","Madison, WI",248951,43.07305,-89.40123
5295903,"Gilbert","AZ","Gilbert, AZ",247542,33.35283,-111.78903
4776222,"Norfolk","VA","Norfolk, VA",246393,36.84681,-76.28522
4299276,"Louisville","KY","Louisville, KY",243639,38.25424,-85.75941
5511077,"Reno","NV","Reno, NV",241445,39.52963,-119.8138
4499612,"Winston-Salem","NC","Winston-Salem, NC",241218,36.09986,-80.24422
5295985,"Glendale","AZ","Glendale, AZ",240126,33.53865,-112.18599
4158476,"Hialeah","FL","Hialeah, FL",237069,25.8576,-80.27811
4693003,"Garland","TX","Garland, TX",236897,32.91262,-96.63888
5313457,"Scottsdale","AZ","Scottsdale, AZ",236839,33.50921,-111.89903
4700168,"Irving","TX","Irving, TX",236607,32.81402,-96.94889
4752186,"Chesapeake","VA","Chesapeake, VA",235429,36.81904,-76.27494
5509403,"North Las Vegas","NV","North Las Vegas, NV",234807,36.19886,-115.1175
5350734,"Fremont","CA","Fremont, CA",232206,37.54827,-121.98857
4315588,"Baton Rouge","LA","Baton Rouge, LA",228590,30.44332,-91.18747
4297983,"Lexington","KY","Lexington, KY",225366,37.98869,-84.47772
5509952,"Paradise","NV","Paradise, NV",223167,36.09719,-115.14666
4781708,"Richmond","VA","Richmond, VA",220289,37.55376,-77.46026
5122520,"Jamaica","NY","Jamaica, NY",216866,40.69149,-73.80569
5391710,"San Bernardino","CA","San Bernardino, CA",216108,34.10834,-117.28977
5811696,"Spokane","WA","Spokane, WA",213272,47.65966,-117.42908
4049979,"Birmingham","AL","Birmingham, AL",212461,33.52066,-86.80249
5373900,"Modesto","CA","Modesto, CA",211266,37.6391,-120.99688
4853828,"Des Moines","IA","Des Moines, IA",210330,41.60054,-93.60911
5134086,"Rochester","NY","Rochester, NY",209802,43.15478,-77.61556
5303929,"Maryvale","AZ","Maryvale, AZ",208189,33.50199,-112.17765
5812944,"Tacoma","WA","Tacoma, WA",207948,47.25288,-122.44429
4744709,"Arlington","VA","Arlington, VA",207627,38.88101,-77.10428
5349755,"Fontana","CA","Fontana, CA",207460,34.09223,-117.43505
5380184,"Oxnard","CA","Oxnard, CA",207254,34.1975,-119.17705
5374732,"Moreno Valley","CA","Moreno Valley, CA",204198,33.93752,-117.23059
4466033,"Fayetteville","NC","Fayetteville, NC",201963,35.05266,-78.87836
5358705,"Huntington Beach","CA","Huntington Beach, CA",201899,33.6603,-117.99923
5145215,"Yonkers","NY","Yonkers, NY",201116,40.93121,-73.89875
5352423,"Glendale","CA","Glendale, CA",201020,34.14251,-118.25508
4883817,"Aurora","IL","Aurora, IL",200661,41.76058,-88.32007
4076784,"Montgomery","AL","Montgomery, AL",200602,32.36681,-86.29997
4188985,"Columbus","GA","Columbus, GA",200579,32.46098,-84.98771
5516233,"Amarillo","TX","Amarillo, TX",198645,35.222,-101.8313
4119403,"Little Rock","AR","Little Rock, AR",197992,34.74648,-92.28959
5145476,"Akron","OH","Akron, OH",197542,41.08144,-81.51901
4341513,"Shreveport","LA","Shreveport, LA",197204,32.52515,-93.75018
4994358,"Grand Rapids","MI","Grand Rapids, MI",195097,42.96336,-85.66809
4076598,"Mobile","AL","Mobile, AL",194288,30.69436,-88.04305
5780993,"Salt Lake City","UT","Salt Lake City, UT",192672,40.76078,-111.89105
4068590,"Huntsville","AL","Huntsville, AL",190582,34.7304,-86.58594
4174715,"Tallahassee","FL","Tallahassee, FL",189907,30.43826,-84.28073
5513343,"Sunrise Manor","NV","Sunrise Manor, NV",189372,36.21108,-115.07306
4694482,"Grand Prairie","TX","Grand Prairie, TX",187809,32.74596,-96.99778
4276873,"Overland Park","KS","Overland Park, KS",186515,38.98223,-94.67079
4634946,"Knoxville","TN","Knoxville, TN",185291,35.96064,-83.92074
4956184,"Worcester","MA","Worcester, MA",184815,42.26259,-71.80229
4676740,"Brownsville","TX","Brownsville, TX",183887,25.90175,-97.49748
4776024,"Newport News","VA","Newport News, VA",182385,37.08339,-76.46965
5393049,"Santa Clarita","CA","Santa Clarita, CA",182371,34.39166,-118.54259
5224151,"Providence","RI","Providence, RI",179207,41.82399,-71.41283
4155966,"Fort Lauderdale","FL","Fort Lauderdale, FL",178590,26.12231,-80.14338
5115843,"East Flatbush","NY","East Flatbush, NY",178464,40.65371,-73.93042
5512909,"Spring Valley","NV","Spring Valley, NV",178395,36.10803,-115.245
4612862,"Chattanooga","TN","Chattanooga, TN",176588,35.04563,-85.30968
5317058,"Tempe","AZ","Tempe, AZ",175826,33.41477,-111.90931
5378771,"Oceanside","CA","Oceanside, CA",175691,33.19587,-117.37948
5351515,"Garden Grove","CA","Garden Grove, CA",175393,33.77391,-117.94145
5385955,"Rancho Cucamonga","CA","Rancho Cucamonga, CA",175236,34.1064,-117.59311
4149962,"Cape Coral","FL","Cape Coral, FL",175229,26.56285,-81.94953
5393287,"Santa Rosa","CA","Santa Rosa, CA",174972,38.44047,-122.71443
5814616,"Vancouver","WA","Vancouver, WA",172860,45.63873,-122.66149
5231851,"Sioux Falls","SD","Sioux Falls, SD",171544,43.54997,-96.70033
5308480,"Peoria","AZ","Peoria, AZ",171237,33.5806,-112.23738
5379439,"Ontario","CA","Ontario, CA",171214,34.06334,-117.65089
4431410,"Jackson","MS","Jackson, MS",170674,32.29876,-90.18481
5346111,"Elk Grove","CA","Elk Grove, CA",166913,38.4088,-121.37162
4409896,"Springfield","MO","Springfield, MO",166810,37.21533,-93.29824
4168139,"Pembroke Pines","FL","Pembroke Pines, FL",166611,26.00315,-80.22394
5292387,"Deer Valley","AZ","Deer Valley, AZ",165656,33.68393,-112.13488
4169171,"Port Saint Lucie","FL","Port Saint Lucie, FL",164603,27.29393,-80.35033
5750162,"Salem","OR","Salem, OR",164549,44.9429,-123.0351
5339631,"Corona","CA","Corona, CA",164226,33.87529,-117.56644
5725846,"Eugene","OR","Eugene, OR",163460,44.05207,-123.08675
4710178,"McKinney","TX","McKinney, TX",162898,33.19762,-96.61527
5577147,"Fort Collins","CO","Fort Collins, CO",161175,40.58526,-105.08442
5364940,"Lancaster","CA","Lancaster, CA",161103,34.69804,-118.13674
4459467,"Cary","NC","Cary, NC",159769,35.79154,-78.78112
5317071,"Tempe Junction","AZ","Tempe Junction, AZ",158368,33.41421,-111.94348
5380698,"Palmdale","CA","Palmdale, CA",158351,34.57943,-118.11646
5355933,"Hayward","CA","Hayward, CA",158289,37.66882,-122.0808
5391295,"Salinas","CA","Salinas, CA",157380,36.67774,-121.6555
4692559,"Frisco","TX","Frisco, TX",154407,33.15067,-96.82361
4951788,"Springfield","MA","Springfield, MA",154341,42.10148,-72.58981
4619947,"East Chattanooga","TN","East Chattanooga, TN",154024,35.06535,-85.24912
4717782,"Pasadena","TX","Pasadena, TX",153784,29.69106,-95.2091
4744091,"Alexandria","VA","Alexandria, VA",153511,38.80484,-77.04692
5384170,"Pomona","CA","Pomona, CA",153266,34.05529,-117.75228
5143307,"Washington Heights","NY","Washington Heights, NY",152613,40.8501,-73.93541
5427946,"Lakewood","CO","Lakewood, CO",152597,39.70471,-105.08137
5400075,"Sunnyvale","CA","Sunnyvale, CA",151754,37.36883,-122.03635
5346827,"Escondido","CA","Escondido, CA",151451,33.11921,-117.08642
4273837,"Kansas City","KS","Kansas City, KS",151306,39.11417,-94.62746
5107464,"Astoria","NY","Astoria, NY",150165,40.77205,-73.93014
4158928,"Hollywood","FL","Hollywood, FL",149728,26.0112,-80.14949
5109790,"Borough Park","NY","Borough Park, NY",149248,40.63399,-73.99681
4613868,"Clarksville","TN","Clarksville, TN",149176,36.52977,-87.35945
5403022,"Torrance","CA","Torrance, CA",148475,33.83585,-118.34063
5405288,"Valencia","CA","Valencia, CA",148456,34.44361,-118.60953
4907959,"Rockford","IL","Rockford, IL",148278,42.27113,-89.094
4756955,"East Hampton","VA","East Hampton, VA",147993,37.03737,-76.33161
4898015,"Joliet","IL","Joliet, IL",147861,41.52519,-88.0834
5102466,"Paterson","NJ","Paterson, NJ",147754,40.91677,-74.17181
5282804,"Bridgeport","CT","Bridgeport, CT",147629,41.17923,-73.18945
4903279,"Naperville","IL","Naperville, IL",147100,41.78586,-88.14729
5586437,"Boise","ID","Boise, ID",145987,43.6135,-116.20345
4221552,"Savannah","GA","Savannah, GA",145674,32.08354,-81.09983
4710826,"Mesquite","TX","Mesquite, TX",144788,32.7668,-96.59916
5140405,"Syracuse","NY","Syracuse, NY",144142,43.04812,-76.14742
4333190,"Metairie Terrace","LA","Metairie Terrace, LA",142489,29.97854,-90.16396
5381396,"Pasadena","CA","Pasadena, CA",142250,34.14778,-118.14452
5379513,"Orange","CA","Orange, CA",140992,33.78779,-117.85311
5351247,"Fullerton","CA","Fullerton, CA",140847,33.87029,-117.92534
4703223,"Killeen","TX","Killeen, TX",140806,31.11712,-97.7278
4509884,"Dayton","OH","Dayton, OH",140599,39.75895,-84.19161
4709796,"McAllen","TX","McAllen, TX",140269,26.20341,-98.23001
5786882,"Bellevue","WA","Bellevue, WA",139820,47.61038,-122.20068
4333177,"Metairie","LA","Metairie, LA",138481,29.98409,-90.15285
4164601,"Miramar","FL","Miramar, FL",137132,25.98731,-80.23227
4762894,"Hampton","VA","Hampton, VA",136454,37.02987,-76.34522
5784607,"West Valley City","UT","West Valley City, UT",136208,40.69161,-112.00105
4276614,"Olathe","KS","Olathe, KS",134305,38.8814,-94.81913
5014051,"Warren","MI","Warren, MI",134056,42.49044,-83.01304
4575352,"Columbia","SC","Columbia, SC",133803,34.00071,-81.03481
5441492,"Thornton","CO","Thornton, CO",133451,39.86804,-104.97192
4679195,"Carrollton","TX","Carrollton, TX",133168,32.95373,-96.89028
5526337,"Midland","TX","Midland, TX",132950,31.99735,-102.07791
4574324,"Charleston","SC","Charleston, SC",132609,32.77657,-79.93092
4739526,"Waco","TX","Waco, TX",132356,31.54933,-97.14667
5011148,"Sterling Heights","MI","Sterling Heights, MI",132052,42.58031,-83.0302
4685907,"Denton","TX","Denton, TX",131044,33.21484,-97.13307
4850751,"Cedar Rapids","IA","Cedar Rapids, IA",130405,42.00833,-91.64407
4839366,"New Haven","CT","New Haven, CT",130322,41.30815,-72.92816
5388881,"Roseville","CA","Roseville, CA",130269,38.75212,-121.28801
4156404,"Gainesville","FL","Gainesville, FL",130128,29.65163,-82.32483
5406567,"Visalia","CA","Visalia, CA",130104,36.33023,-119.29206
4151909,"Coral Springs","FL","Coral Springs, FL",129485,26.27119,-80.2706
5402405,"Thousand Oaks","CA","Thousand Oaks, CA",129339,34.17056,-118.83759
5097598,"Elizabeth","NJ","Elizabeth, NJ",129007,40.66399,-74.2107
4843564,"Stamford","CT","Stamford, CT",128874,41.05343,-73.53873
5339111,"Concord","CA","Concord, CA",128667,37.97798,-122.03107
5316428,"Surprise","AZ","Surprise, AZ",128422,33.63059,-112.33322
5551123,"Alhambra","AZ","Alhambra, AZ",127764,33.49838,-112.13432
4330145,"Lafayette","LA","Lafayette, LA",127657,30.22409,-92.01984
4280539,"Topeka","KS","Topeka, KS",127265,39.04833,-95.67804
5799625,"Kent","WA","Kent, WA",126952,47.38093,-122.23484
5396003,"Simi Valley","CA","Simi Valley, CA",126788,34.26945,-118.78148
5344994,"East Los Angeles","CA","East Los Angeles, CA",126496,34.0239,-118.17202
5393015,"Santa Clara","CA","Santa Clara, CA",126215,37.35411,-121.95524
4644312,"Murfreesboro","TN","Murfreesboro, TN",126118,35.84562,-86.39027
4835797,"Hartford","CT","Hartford, CT",124006,41.76371,-72.68509
5137849,"Sheepshead Bay","NY","Sheepshead Bay, NY",122534,40.59122,-73.94458
5107129,"Amherst","NY","Amherst, NY",122366,42.97839,-78.79976
5406222,"Victorville","CA","Victorville, CA",122225,34.53611,-117.29116
4669635,"Abilene","TX","Abilene, TX",121721,32.44874,-99.73314
5405380,"Vallejo","CA","Vallejo, CA",121253,38.10409,-122.25664
4839745,"North Stamford","CT","North Stamford, CT",121230,41.13815,-73.54346
5327684,"Berkeley","CA","Berkeley, CA",120972,37.87159,-122.27275
4543762,"Norman","OK","Norman, OK",120284,35.22257,-97.43948
5178127,"Allentown","PA","Allentown, PA",120207,40.60843,-75.49018
4257227,"Evansville","IN","Evansville, IN",119943,37.97476,-87.55585
4381982,"Columbia","MO","Columbia, MO",119108,38.95171,-92.33407
5527554,"Odessa","TX","Odessa, TX",118968,31.84568,-102.36764
5059163,"Fargo","ND","Fargo, ND",118523,46.87719,-96.7898
4672989,"Beaumont","TX","Beaumont, TX",118129,30.08605,-94.10185
4391812,"Independence","MO","Independence, MO",117255,39.09112,-94.41551
4984247,"Ann Arbor","MI","Ann Arbor, MI",117070,42.27756,-83.74088
5345743,"El Monte","CA","El Monte, CA",116732,34.06862,-118.02757
4180386,"Athens","GA","Athens, GA",116714,33.96095,-83.37794
4250542,"Springfield","IL","Springfield, IL",116565,39.80172,-89.64371
4724129,"Round Rock","TX","Round Rock, TX",115997,30.50826,-97.6789
4499379,"Wilmington","NC","Wilmington, NC",115933,34.22573,-77.94471
6332428,"East Harlem","NY","East Harlem, NY",115921,40.79472,-73.9425
5412199,"Arvada","CO","Arvada, CO",115368,39.80276,-105.08748
5780026,"Provo","UT","Provo, UT",115264,40.23384,-111.65853
4905687,"Peoria","IL","Peoria, IL",115070,40.69365,-89.58899
4998830,"Lansing","MI","Lansing, MI",115056,42.73253,-84.55553
5343858,"Downey","CA","Downey, CA",114219,33.94001,-118.13257
5334223,"Carlsbad","CA","Carlsbad, CA",113453,33.15809,-117.35059
5116495,"Elmhurst","NY","Elmhurst, NY",113364,40.73649,-73.87791
5339840,"Costa Mesa","CA","Costa Mesa, CA",113204,33.64113,-117.91867
4164167,"Miami Gardens","FL","Miami Gardens, FL",113187,25.94204,-80.2456
5443910,"Westminster","CO","Westminster, CO",113130,39.83665,-105.0372
4903976,"North Peoria","IL","North Peoria, IL",113004,40.71754,-89.58426
4151316,"Clearwater","FL","Clearwater, FL",113003,27.96585,-82.8001
5347335,"Fairfield","CA","Fairfield, CA",112970,38.24936,-122.03997
5110918,"Bushwick","NY","Bushwick, NY",112620,40.69427,-73.91875
5119167,"Gravesend","NY","Gravesend, NY",112229,40.5976,-73.96514
5043473,"Rochester","MN","Rochester, MN",112225,44.02163,-92.4699
4890864,"Elgin","IL","Elgin, IL",112111,42.03725,-88.28119
5401395,"Temecula","CA","Temecula, CA",112011,33.49364,-117.14836
5784549,"West Jordan","UT","West Jordan, UT",111946,40.60967,-111.9391
5359488,"Inglewood","CA","Inglewood, CA",111666,33.96168,-118.35313
4722625,"Richardson","TX","Richardson, TX",110815,32.94818,-96.72972
4942618,"Lowell","MA","Lowell, MA",110699,42.63342,-71.31617
4385018,"East Independence","MO","East Independence, MO",110675,39.09556,-94.35523
5729485,"Gresham","OR","Gresham, OR",110553,45.49818,-122.43148
5324200,"Antioch","CA","Antioch, CA",110542,38.00492,-121.80579
4931972,"Cambridge","MA","Cambridge, MA",110402,42.3751,-71.10561
4471025,"High Point","NC","High Point, NC",110268,35.95569,-80.00532
5640350,"Billings","MT","Billings, MT",110263,45.78329,-108.50069
5089178,"Manchester","NH","Manchester, NH",110229,42.99564,-71.45479
5375911,"Murrieta","CA","Murrieta, CA",109830,33.55391,-117.21392
5416541,"Centennial","CO","Centennial, CO",109741,39.57916,-104.87692
5387428,"Richmond","CA","Richmond, CA",109708,37.93576,-122.34775
5113779,"Corona","NY","Corona, NY",109698,40.74705,-73.86014
5435464,"Pueblo","CO","Pueblo, CO",109412,38.25445,-104.60914
4718097,"Pearland","TX","Pearland, TX",108821,29.56357,-95.28605
4845193,"Waterbury","CT","Waterbury, CT",108802,41.55815,-73.0515
5407933,"West Covina","CA","West Covina, CA",108484,34.06862,-117.93895
5503766,"Enterprise","NV","Enterprise, NV",108481,36.02525,-115.24194
4589387,"North Charleston","SC","North Charleston, SC",108304,32.85462,-79.97481
5793933,"Everett","WA","Everett, WA",108010,47.97898,-122.20208
4682464,"College Station","TX","College Station, TX",107889,30.62798,-96.33441
4167499,"Palm Bay","FL","Palm Bay, FL",107888,28.03446,-80.58866
4169014,"Pompano Beach","FL","Pompano Beach, FL",107762,26.23786,-80.12477
5574991,"Boulder","CO","Boulder, CO",107349,40.01499,-105.27055
5377995,"Norwalk","CA","Norwalk, CA",107140,33.90224,-118.08173
4177887,"West Palm Beach","FL","West Palm Beach, FL",106779,26.71534,-80.05337
4531405,"Broken Arrow","OK","Broken Arrow, OK",106563,36.0526,-95.79082
5341430,"Daly City","CA","Daly City, CA",106562,37.70577,-122.46192
4221333,"Sandy Springs","GA","Sandy Springs, GA",105330,33.92427,-84.37854
5331835,"Burbank","CA","Burbank, CA",105319,34.18084,-118.30897
5254962,"Green Bay","WI","Green Bay, WI",105207,44.51916,-88.01983
5393180,"Santa Maria","CA","Santa Maria, CA",105093,34.95303,-120.43572
4741752,"Wichita Falls","TX","Wichita Falls, TX",104710,33.91371,-98.49339
4161438,"Lakeland","FL","Lakeland, FL",104401,28.03947,-81.9498
5338122,"Clovis","CA","Clovis, CA",104180,36.82523,-119.70292
4706057,"Lewisville","TX","Lewisville, TX",104039,33.04623,-96.99417
4738214,"Tyler","TX","Tyler, TX",103700,32.35126,-95.30106
5345529,"El Cajon","CA","El Cajon, CA",103679,32.79477,-116.96253
5392423,"San Mateo","CA","San Mateo, CA",103536,37.56299,-122.32553
4148757,"Brandon","FL","Brandon, FL",103483,27.9378,-82.28592
5387288,"Rialto","CA","Rialto, CA",103132,34.1064,-117.37032
4853423,"Davenport","IA","Davenport, IA",102582,41.52364,-90.57764
5097529,"Edison","NJ","Edison, NJ",102548,40.51872,-74.4121
5731371,"Hillsboro","OR","Hillsboro, OR",102347,45.52289,-122.98983
5475352,"Las Cruces","NM","Las Cruces, NM",101643,32.31232,-106.77834
4926563,"South Bend","IN","South Bend, IN",101516,41.68338,-86.25001
5406602,"Vista","CA","Vista, CA",100890,33.20004,-117.24254
5577592,"Greeley","CO","Greeley, CO",100883,40.42331,-104.70913
4152820,"Davie","FL","Davie, FL",100882,26.06287,-80.2331
5530022,"San Angelo","TX","San Angelo, TX",100450,31.46377,-100.43704
5808189,"Renton","WA","Renton, WA",100242,47.48288,-122.21707
4782167,"Roanoke","VA","Roanoke, VA",99897,37.27097,-79.94143
5258393,"Kenosha","WI","Kenosha, WI",99858,42.58474,-87.82119
4989133,"Clinton Township","MI","Clinton Township, MI",99753,42.58698,-82.91992
4352053,"Columbia","MD","Columbia, MD",99615,39.24038,-76.83942
5188843,"Erie","PA","Erie, PA",99475,42.12922,-80.08506
4780011,"Portsmouth Heights","VA","Portsmouth Heights, VA",99049,36.82098,-76.36883
5133825,"Richmond Hill","NY","Richmond Hill, NY",98984,40.69983,-73.83125
4670249,"Alief","TX","Alief, TX",98725,29.71106,-95.59633
4173838,"Spring Hill","FL","Spring Hill, FL",98621,28.47688,-82.52546
5106834,"Albany","NY","Albany, NY",98469,42.65258,-73.75623
5339066,"Compton","CA","Compton, CA",98462,33.89585,-118.22007
4094455,"Tuscaloosa","AL","Tuscaloosa, AL",98332,33.20984,-87.56917
4705692,"League City","TX","League City, TX",98312,29.50745,-95.09493
4992982,"Flint","MI","Flint, MI",98310,43.01253,-83.68746
4670300,"Allen","TX","Allen, TX",98143,33.10317,-96.67055
5373763,"Mission Viejo","CA","Mission Viejo, CA",97156,33.60002,-117.672
5405228,"Vacaville","CA","Vacaville, CA",96803,38.35658,-121.98774
5405878,"Ventura","CA","Ventura, CA",96769,34.27834,-119.29317
5425043,"Highlands Ranch","CO","Highlands Ranch, CO",96713,39.55388,-104.96943
4540737,"Lawton","OK","Lawton, OK",96655,34.60869,-98.39033
5713376,"Beaverton","OR","Beaverton, OR",96577,45.48706,-122.80371
5397603,"South Gate","CA","South Gate, CA",96401,33.95474,-118.21202
4779999,"Portsmouth","VA","Portsmouth, VA",96201,36.83543,-76.29827
5512862,"Sparks","NV","Sparks, NV",96094,39.53491,-119.75269
4931429,"Brockton","MA","Brockton, MA",95314,42.08343,-71.01838
4990510,"Dearborn","MI","Dearborn, MI",95171,42.32226,-83.17631
5794245,"Federal Way","WA","Federal Way, WA",95171,47.32232,-122.31262
4394870,"Lee's Summit","MO","Lee's Summit, MO",95094,38.91084,-94.38217
4945121,"New Bedford","MA","New Bedford, MA",94958,41.63526,-70.92701
5811729,"Spokane Valley","WA","Spokane Valley, WA",94919,47.67323,-117.23937
5117549,"Fordham","NY","Fordham, NY",94678,40.85927,-73.89847
4999837,"Livonia","MI","Livonia, MI",94635,42.36837,-83.35271
4219934,"Roswell","GA","Roswell, GA",94501,34.02316,-84.36159
5779334,"Orem","UT","Orem, UT",94457,40.2969,-111.69465
5322053,"Yuma","AZ","Yuma, AZ",94139,32.72532,-114.6244
4274277,"Lawrence","KS","Lawrence, KS",93917,38.97167,-95.23525
4736476,"The Woodlands","TX","The Woodlands, TX",93847,30.15799,-95.48938
5143620,"West Albany","NY","West Albany, NY",93794,42.68313,-73.77845
5816605,"Yakima","WA","Yakima, WA",93701,46.60207,-120.5059
4948247,"Quincy","MA","Quincy, MA",93618,42.25288,-71.00227
5117378,"Flatbush","NY","Flatbush, NY",93361,40.65205,-73.95903
5356576,"Hesperia","CA","Hesperia, CA",93295,34.42639,-117.30088
5334519,"Carson","CA","Carson, CA",93281,33.83141,-118.28202
4148411,"Boca Raton","FL","Boca Raton, FL",93235,26.35869,-80.0831
5393212,"Santa Monica","CA","Santa Monica, CA",93220,34.01945,-118.49119
5392368,"San Marcos","CA","San Marcos, CA",92931,33.14337,-117.16614
4168782,"Plantation","FL","Plantation, FL",92560,26.13421,-80.23184
4942807,"Lynn","MA","Lynn, MA",92457,42.46676,-70.94949
4164143,"Miami Beach","FL","Miami Beach, FL",92312,25.79065,-80.13005
7260806,"Arden-Arcade","CA","Arden-Arcade, CA",92186,38.6025,-121.37854
5408406,"Westminster","CA","Westminster, CA",92114,33.75918,-118.00673
5579276,"Longmont","CO","Longmont, CO",92088,40.16721,-105.10193
5392952,"Santa Barbara","CA","Santa Barbara, CA",91842,34.42083,-119.69819
5570160,"Redding","CA","Redding, CA",91582,40.58654,-122.39168
4207400,"Macon","GA","Macon, GA",91351,32.84069,-83.6324
5600685,"Meridian","ID","Meridian, ID",90739,43.61211,-116.39151
5392263,"San Leandro","CA","San Leandro, CA",90712,37.72493,-122.15608
4469160,"Greenville","NC","Greenville, NC",90597,35.61266,-77.36635
5336269,"Chico","CA","Chico, CA",90316,39.72849,-121.83748
4535740,"Edmond","OK","Edmond, OK",90092,35.65283,-97.4781
5601933,"Nampa","ID","Nampa, ID",89839,43.54072,-116.56346
4945283,"Newton","MA","Newton, MA",88817,42.33704,-71.20922
4504476,"Toms River","NJ","Toms River, NJ",88791,39.95373,-74.19792
4936159,"Fall River","MA","Fall River, MA",88777,41.70149,-71.15505
4255466,"Carmel","IN","Carmel, IN",88713,39.97837,-86.11804
4453066,"Asheville","NC","Asheville, NC",88512,35.60095,-82.55402
4839822,"Norwalk","CT","Norwalk, CT",88485,41.1176,-73.4079
4915734,"Waukegan","IL","Waukegan, IL",88475,42.36363,-87.84479
4153146,"Deltona","FL","Deltona, FL",88474,28.90054,-81.26367
5355828,"Hawthorne","CA","Hawthorne, CA",88451,33.9164,-118.35257
4111410,"Fort Smith","AR","Fort Smith, AR",88194,35.38592,-94.39855
4788158,"Suffolk","VA","Suffolk, VA",88161,36.72836,-76.58496
4734825,"Sugar Land","TX","Sugar Land, TX",88156,29.61968,-95.63495
5367440,"Livermore","CA","Livermore, CA",88126,37.68187,-121.76801
5090046,"Nashua","NH","Nashua, NH",87970,42.76537,-71.46757
5207728,"Reading","PA","Reading, PA",87879,40.33565,-75.92687
4461574,"Concord","NC","Concord, NC",87696,35.40888,-80.58158
5359446,"Indio","CA","Indio, CA",87533,33.7207,-116.21677
5487811,"Rio Rancho","NM","Rio Rancho, NM",87521,35.23338,-106.66447
7839240,"Enchanted Hills","NM","Enchanted Hills, NM",87521,35.33676,-106.59296
5781061,"Sandy","UT","Sandy, UT",87461,40.59161,-111.8841
5409059,"Whittier","CA","Whittier, CA",87438,33.97918,-118.03284
5111412,"Canarsie","NY","Canarsie, NY",87366,40.64372,-73.90069
5799841,"Kirkland","WA","Kirkland, WA",87281,47.68149,-122.20874
5372205,"Menifee","CA","Menifee, CA",87174,33.72835,-117.14642
5376890,"Newport Beach","CA","Newport Beach, CA",87127,33.61891,-117.92895
5403191,"Tracy","CA","Tracy, CA",87075,37.73987,-121.42618
5337561,"Citrus Heights","CA","Citrus Heights, CA",87056,38.70712,-121.28106
5713587,"Bend","OR","Bend, OR",87014,44.05817,-121.31531
4987990,"Canton","MI","Canton, MI",86825,42.30865,-83.48216
4161785,"Lehigh Acres","FL","Lehigh Acres, FL",86784,26.62535,-81.6248
5119347,"Greenburgh","NY","Greenburgh, NY",86764,41.03287,-73.84291
5018739,"Bloomington","MN","Bloomington, MN",86435,44.8408,-93.29828
4356050,"Germantown","MD","Germantown, MD",86395,39.17316,-77.27165
5096699,"Clifton","NJ","Clifton, NJ",86334,40.85843,-74.16376
5024719,"Duluth","MN","Duluth, MN",86110,46.78327,-92.10658
4887158,"Champaign","IL","Champaign, IL",86096,40.11642,-88.24338
5336537,"Chino","CA","Chino, CA",85595,34.01223,-117.68894
5323060,"Alhambra","CA","Alhambra, CA",85551,34.09529,-118.12701
5779206,"Ogden","UT","Ogden, UT",85444,41.223,-111.97383
5386834,"Redwood City","CA","Redwood City, CA",85288,37.48522,-122.23635
5786899,"Bellingham","WA","Bellingham, WA",85146,48.75955,-122.48822
4401242,"O'Fallon","MO","O'Fallon, MO",85040,38.81061,-90.69985
4067994,"Hoover","AL","Hoover, AL",84848,33.40539,-86.81138
4832353,"Danbury","CT","Danbury, CT",84657,41.39482,-73.45401
4833505,"East Norwalk","CT","East Norwalk, CT",84530,41.10565,-73.39845
4688275,"Edinburg","TX","Edinburg, TX",84497,26.30174,-98.16334
4174402,"Sunrise","FL","Sunrise, FL",84439,26.13397,-80.1131
5105496,"Trenton","NJ","Trenton, NJ",84225,40.21705,-74.74294
5490263,"Santa Fe","NM","Santa Fe, NM",84099,35.68698,-105.9378
4254679,"Bloomington","IN","Bloomington, IN",84067,39.16533,-86.52639
4888015,"Cicero","IL","Cicero, IL",83886,41.84559,-87.75394
5356277,"Hemet","CA","Hemet, CA",83861,33.74761,-116.97307
5552450,"Ahwatukee Foothills","AZ","Ahwatukee Foothills, AZ",83464,33.34171,-111.98403
6331909,"Johns Creek","GA","Johns Creek, GA",83335,34.02893,-84.19858
4711725,"Mission","TX","Mission, TX",83298,26.21591,-98.32529
5012639,"Troy","MI","Troy, MI",83280,42.60559,-83.14993
5331575,"Buena Park","CA","Buena Park, CA",83270,33.86751,-117.99812
4167538,"Palm Coast","FL","Palm Coast, FL",82893,29.58497,-81.20784
4110486,"Fayetteville","AR","Fayetteville, AR",82830,36.06258,-94.15743
4876523,"Sioux City","IA","Sioux City, IA",82821,42.49999,-96.40031
5364514,"Lake Forest","CA","Lake Forest, CA",82492,33.64697,-117.68922
5372253,"Merced","CA","Merced, CA",82436,37.30216,-120.48297
4707814,"Longview","TX","Longview, TX",82287,32.5007,-94.74049
4677008,"Bryan","TX","Bryan, TX",82118,30.67436,-96.36996
5014681,"Westland","MI","Westland, MI",82000,42.3242,-83.40021
5225507,"Warwick","RI","Warwick, RI",81699,41.7001,-71.41617
5364855,"Lakewood","CA","Lakewood, CA",81611,33.85363,-118.13396
4992523,"Farmington Hills","MI","Farmington Hills, MI",81330,42.48531,-83.37716
7310164,"San Tan Valley","AZ","San Tan Valley, AZ",81321,33.1911,-111.528
4588165,"Mount Pleasant","SC","Mount Pleasant, SC",81317,32.79407,-79.86259
5221659,"Cranston","RI","Cranston, RI",81073,41.77982,-71.43728
4161580,"Largo","FL","Largo, FL",81000,27.90979,-82.78842
4786714,"South Suffolk","VA","South Suffolk, VA",80690,36.71709,-76.59023
5552301,"Avondale","AZ","Avondale, AZ",80684,33.4356,-112.3496
5404119,"Tustin","CA","Tustin, CA",80583,33.74585,-117.82617
5375480,"Mountain View","CA","Mountain View, CA",80435,37.38605,-122.08385
5376095,"Napa","CA","Napa, CA",80434,38.29714,-122.28553
4951257,"Somerville","MA","Somerville, MA",80318,42.3876,-71.0995
4941720,"Lawrence","MA","Lawrence, MA",80231,42.70704,-71.16311
4163971,"Melbourne","FL","Melbourne, FL",80127,28.08363,-80.60811
5166177,"Parma","OH","Parma, OH",79937,41.40477,-81.72291
5128549,"New Rochelle","NY","New Rochelle, NY",79846,40.91149,-73.78235
4771075,"Lynchburg","VA","Lynchburg, VA",79812,37.41375,-79.14225
5740099,"Medford","OR","Medford, OR",79805,42.32652,-122.87559
4153071,"Deerfield Beach","FL","Deerfield Beach, FL",79768,26.31841,-80.09977
5383777,"Pleasanton","CA","Pleasanton, CA",79510,37.66243,-121.87468
5019335,"Brooklyn Park","MN","Brooklyn Park, MN",79149,45.09413,-93.35634
5296266,"Goodyear","AZ","Goodyear, AZ",79003,33.43532,-112.35821
5799610,"Kennewick","WA","Kennewick, WA",78896,46.21125,-119.13723
5322737,"Alameda","CA","Alameda, CA",78630,37.77099,-122.26087
4175538,"Town 'n' Country","FL","Town 'n' Country, FL",78442,28.01057,-82.57732
5327422,"Bellflower","CA","Bellflower, CA",78441,33.88168,-118.11701
5336545,"Chino Hills","CA","Chino Hills, CA",78309,33.9938,-117.75888
4885164,"Bloomington","IL","Bloomington, IL",78292,40.4842,-88.99369
6332439,"Alafaya","FL","Alafaya, FL",78113,28.5641,-81.2114
4132093,"Springdale","AR","Springdale, AR",77859,36.18674,-94.12881
5268249,"Racine","WI","Racine, WI",77742,42.72613,-87.78285
4921100,"Hammond","IN","Hammond, IN",77614,41.58337,-87.50004
5373327,"Milpitas","CA","Milpitas, CA",77604,37.42827,-121.90662
4920607,"Gary","IN","Gary, IN",77156,41.59337,-87.34643
5211303,"Scranton","PA","Scranton, PA",77118,41.40916,-75.6649
5325866,"Baldwin Park","CA","Baldwin Park, CA",77071,34.08529,-117.9609
5785965,"Auburn","WA","Auburn, WA",77006,47.30732,-122.22845
4257494,"Fishers","IN","Fishers, IN",76794,39.95559,-86.01387
4407010,"Saint Joseph","MO","Saint Joseph, MO",76780,39.76861,-94.84663
4718721,"Pharr","TX","Pharr, TX",76538,26.1948,-98.18362
5404915,"Upland","CA","Upland, CA",76443,34.09751,-117.64839
5349705,"Folsom","CA","Folsom, CA",76375,38.67796,-121.17606
4672731,"Baytown","TX","Baytown, TX",76335,29.7355,-94.97743
5392593,"San Ramon","CA","San Ramon, CA",76134,37.77993,-121.97802
4501018,"Camden","NJ","Camden, NJ",76119,39.92595,-75.11962
4330236,"Lake Charles","LA","Lake Charles, LA",76070,30.21309,-93.2044
4997787,"Kalamazoo","MI","Kalamazoo, MI",76041,42.29171,-85.58723
4883555,"Arlington Heights","IL","Arlington Heights, IL",75926,42.08836,-87.98063
5041926,"Plymouth","MN","Plymouth, MN",75907,45.01052,-93.45551
5014130,"Waterford","MI","Waterford, MI",75737,42.69303,-83.41181
4891382,"Evanston","IL","Evanston, IL",75527,42.04114,-87.69006
5370164,"Manteca","CA","Manteca, CA",75448,37.79743,-121.21605
4160711,"Kendall","FL","Kendall, FL",75371,25.67927,-80.31727
5015618,"Wyoming","MI","Wyoming, MI",75275,42.91336,-85.70531
5579368,"Loveland","CO","Loveland, CO",75182,40.39776,-105.07498
5112375,"Cheektowaga","NY","Cheektowaga, NY",75178,42.90339,-78.75475
5123443,"Kings Bridge","NY","Kings Bridge, NY",75132,40.87871,-73.90514
5382146,"Perris","CA","Perris, CA",74971,33.78252,-117.22865
5180225,"Bethlehem","PA","Bethlehem, PA",74892,40.62593,-75.37046
4179320,"Albany","GA","Albany, GA",74843,31.57851,-84.15574
4910713,"Schaumburg","IL","Schaumburg, IL",74693,42.03336,-88.08341
4467732,"Gastonia","NC","Gastonia, NC",74543,35.26208,-81.1873
5110446,"Brownsville","NY","Brownsville, NY",74497,40.66094,-73.92014
5404555,"Union City","CA","Union City, CA",74494,37.59577,-122.01913
4885265,"Bolingbrook","IL","Bolingbrook, IL",74306,41.69864,-88.0684
4862034,"Iowa City","IA","Iowa City, IA",74220,41.66113,-91.53017
5777107,"Layton","UT","Layton, UT",74143,41.06022,-111.97105
4711801,"Missouri City","TX","Missouri City, TX",74139,29.61857,-95.53772
5244080,"Appleton","WI","Appleton, WI",74139,44.26193,-88.41538
5009586,"Shelby","MI","Shelby, MI",74099,42.67087,-83.03298
4155995,"Fort Myers","FL","Fort Myers, FL",74013,26.62168,-81.84059
4148677,"Boynton Beach","FL","Boynton Beach, FL",73966,26.52535,-80.06643
4116834,"Jonesboro","AR","Jonesboro, AR",73907,35.8423,-90.70428
5768233,"Rapid City","SD","Rapid City, SD",73569,44.08054,-103.23101
4229476,"Warner Robins","GA","Warner Robins, GA",73490,32.61574,-83.62664
5007402,"Rochester Hills","MI","Rochester Hills, MI",73424,42.65837,-83.14993
4236895,"Decatur","IL","Decatur, IL",73254,39.84031,-88.9548
5010636,"Southfield","MI","Southfield, MI",73156,42.47337,-83.22187
5546220,"Saint George","UT","Saint George, UT",72897,37.10415,-113.58412
4839292,"New Britain","CT","New Britain, CT",72808,41.66121,-72.77954
4623560,"Franklin","TN","Franklin, TN",72639,35.92506,-86.86889
5404024,"Turlock","CA","Turlock, CA",72292,37.49466,-120.84659
4735966,"Temple","TX","Temple, TX",72277,31.09823,-97.34278
5324363,"Apple Valley","CA","Apple Valley, CA",72174,34.50083,-117.18588
5369367,"Lynwood","CA","Lynwood, CA",71989,33.93029,-118.21146
5278052,"Waukesha","WI","Waukesha, WI",71970,43.01168,-88.23148
4145381,"Wilmington","DE","Wilmington, DE",71948,39.74595,-75.54659
5149222,"Canton","OH","Canton, OH",71885,40.79895,-81.37845
4428667,"Gulfport","MS","Gulfport, MS",71856,30.36742,-89.09282
5223869,"Pawtucket","RI","Pawtucket, RI",71591,41.87871,-71.38256
4161625,"Lauderhill","FL","Lauderhill, FL",71579,26.14036,-80.21338
4593142,"Rock Hill","SC","Rock Hill, SC",71548,34.92487,-81.02508
4369596,"Silver Spring","MD","Silver Spring, MD",71452,38.99067,-77.02609
4450687,"West Gulfport","MS","West Gulfport, MS",71329,30.40409,-89.0942
4691585,"Flower Mound","TX","Flower Mound, TX",71253,33.01457,-97.09696
5688025,"Bismarck","ND","Bismarck, ND",71167,46.80833,-100.78374
4751839,"Centreville","VA","Centreville, VA",71135,38.84039,-77.42888
4922462,"Lafayette","IN","Lafayette, IN",71111,40.4167,-86.87529
5102443,"Passaic","NJ","Passaic, NJ",71085,40.85677,-74.12848
4170156,"Riverview","FL","Riverview, FL",71050,27.86614,-82.32648
5386754,"Redlands","CA","Redlands, CA",71035,34.05557,-117.18254
5666639,"Missoula","MT","Missoula, MT",71022,46.87215,-113.994
5385941,"Rancho Cordova","CA","Rancho Cordova, CA",71017,38.58907,-121.30273
4714131,"New Braunfels","TX","New Braunfels, TX",70543,29.703,-98.12445
4501198,"Cherry Hill","NJ","Cherry Hill, NJ",70475,39.93484,-75.03073
5294810,"Flagstaff","AZ","Flagstaff, AZ",70320,35.19807,-111.65127
4924006,"Muncie","IN","Muncie, IN",70087,40.19338,-85.38636
4178003,"Weston","FL","Weston, FL",69959,26.10037,-80.39977
4355585,"Frederick","MD","Frederick, MD",69479,39.41427,-77.41054
5806298,"Pasco","WA","Pasco, WA",69451,46.23958,-119.10057
5383465,"Pittsburg","CA","Pittsburg, CA",69424,38.02798,-121.88468
4905211,"Palatine","IL","Palatine, IL",69308,42.1103,-88.03424
4715292,"North Richland Hills","TX","North Richland Hills, TX",69204,32.8343,-97.2289
5105634,"Union City","NJ","Union City, NJ",69156,40.77955,-74.02375
4160983,"Kissimmee","FL","Kissimmee, FL",69152,28.30468,-81.41667
5406990,"Walnut Creek","CA","Walnut Creek, CA",68910,37.90631,-122.06496
5127835,"Mount Vernon","NY","Mount Vernon, NY",68628,40.9126,-73.83708
4682991,"Conroe","TX","Conroe, TX",68602,30.31188,-95.45605
4059102,"Dothan","AL","Dothan, AL",68567,31.22323,-85.39049
4880889,"Waterloo","IA","Waterloo, IA",68460,42.49276,-92.34296
5036493,"Maple Grove","MN","Maple Grove, MN",68385,45.07246,-93.45579
4937230,"Framingham","MA","Framingham, MA",68318,42.27926,-71.41617
5386785,"Redondo Beach","CA","Redondo Beach, CA",68166,33.84918,-118.38841
4317639,"Bossier City","LA","Bossier City, LA",68094,32.51599,-93.73212
5410902,"Yorba Linda","CA","Yorba Linda, CA",67973,33.88863,-117.81311
5053358,"Woodbury","MN","Woodbury, MN",67855,44.92386,-92.95938
5251436,"Eau Claire","WI","Eau Claire, WI",67778,44.81135,-91.49849
4372599,"Waldorf","MD","Waldorf, MD",67752,38.62456,-76.93914
5117575,"Forest Hills","NY","Forest Hills, NY",67714,40.71621,-73.85014
5341704,"Davis","CA","Davis, CA",67666,38.54491,-121.74052
4356188,"Glen Burnie","MD","Glen Burnie, MD",67639,39.16261,-76.62469
5333180,"Camarillo","CA","Camarillo, CA",67608,34.21639,-119.0376
4739157,"Victoria","TX","Victoria, TX",67574,28.80527,-97.0036
4355843,"Gaithersburg","MD","Gaithersburg, MD",67456,39.14344,-77.20137
4473083,"Jacksonville","NC","Jacksonville, NC",67357,34.75405,-77.43024
5397765,"South San Francisco","CA","South San Francisco, CA",67271,37.65466,-122.40775
4329753,"Kenner","LA","Kenner, LA",67091,29.99409,-90.24174
5122477,"Jackson Heights","NY","Jackson Heights, NY",67067,40.75566,-73.88541
4367175,"Rockville","MD","Rockville, MD",66980,39.084,-77.15276
4632595,"Jackson","TN","Jackson, TN",66975,35.61452,-88.81395
5411015,"Yuba City","CA","Yuba City, CA",66941,39.14045,-121.61691
4975802,"Portland","ME","Portland, ME",66881,43.65737,-70.2589
5380748,"Palo Alto","CA","Palo Alto, CA",66853,37.44188,-122.14302
5288661,"Casas Adobes","AZ","Casas Adobes, AZ",66795,32.32341,-110.9951
5802570,"Marysville","WA","Marysville, WA",66773,48.05176,-122.17708
5781770,"South Jordan","UT","South Jordan, UT",66648,40.56217,-111.92966
5265838,"Oshkosh","WI","Oshkosh, WI",66555,44.02471,-88.54261
4124112,"North Little Rock","AR","North Little Rock, AR",66504,34.76954,-92.26709
4159050,"Homestead","FL","Homestead, FL",66498,25.46872,-80.47756
5108193,"Bayside","NY","Bayside, NY",66455,40.76844,-73.77708
5095445,"Bayonne","NJ","Bayonne, NJ",66311,40.66871,-74.11431
5024825,"Eagan","MN","Eagan, MN",66286,44.80413,-93.16689
4153132,"Delray Beach","FL","Delray Beach, FL",66255,26.46146,-80.07282
4633419,"Johnson City","TN","Johnson City, TN",66027,36.31344,-82.35347
4755158,"Dale City","VA","Dale City, VA",65969,38.63706,-77.31109
4679867,"Cedar Park","TX","Cedar Park, TX",65945,30.5052,-97.82029
5130572,"Parkchester","NY","Parkchester, NY",65876,40.83899,-73.86041
4671524,"Atascocita","TX","Atascocita, TX",65844,29.99883,-95.1766
5044407,"Saint Cloud","MN","Saint Cloud, MN",65842,45.5608,-94.16249
4354265,"Ellicott City","MD","Ellicott City, MD",65834,39.26733,-76.79831
5364329,"Laguna Niguel","CA","Laguna Niguel, CA",65806,33.52253,-117.70755
4406831,"Saint Charles","MO","Saint Charles, MO",65794,38.78394,-90.48123
4696233,"Harlingen","TX","Harlingen, TX",65774,26.19063,-97.6961
5391791,"San Clemente","CA","San Clemente, CA",65526,33.42697,-117.61199
4792867,"West Lynchburg","VA","West Lynchburg, VA",65517,37.4032,-79.17808
4937232,"Framingham Center","MA","Framingham Center, MA",65413,42.29732,-71.43701
5136454,"Schenectady","NY","Schenectady, NY",65305,42.81424,-73.93957
5415035,"Broomfield","CO","Broomfield, CO",65065,39.92054,-105.08665
4846834,"Ames","IA","Ames, IA",65060,42.03471,-93.61994
4279247,"Shawnee","KS","Shawnee, KS",65046,39.04167,-94.72024
4106458,"Conway","AR","Conway, AR",64980,35.0887,-92.4421
5097441,"East Orange","NJ","East Orange, NJ",64949,40.76732,-74.20487
4911600,"Skokie","IL","Skokie, IL",64821,42.03336,-87.73339
4152872,"Daytona Beach","FL","Daytona Beach, FL",64736,29.21081,-81.02283
7259621,"West Bloomfield Township","MI","West Bloomfield Township, MI",64690,42.56891,-83.38356
4174738,"Tamarac","FL","Tamarac, FL",64681,26.21286,-80.24977
5177568,"Youngstown","OH","Youngstown, OH",64628,41.09978,-80.64952
5367565,"Lodi","CA","Lodi, CA",64596,38.1302,-121.27245
4580543,"Greenville","SC","Greenville, SC",64579,34.85262,-82.39401
4709013,"Mansfield","TX","Mansfield, TX",64274,32.56319,-97.14168
5393052,"Santa Cruz","CA","Santa Cruz, CA",64220,36.97412,-122.0308
5382496,"Pico Rivera","CA","Pico Rivera, CA",64218,33.98307,-118.09673
5369568,"Madera","CA","Madera, CA",64208,36.96134,-120.06072
5257754,"Janesville","WI","Janesville, WI",64123,42.68279,-89.01872
4881346,"West Des Moines","IA","West Des Moines, IA",64113,41.57721,-93.71133
5374322,"Montebello","CA","Montebello, CA",63921,34.00946,-118.10535
4693342,"Georgetown","TX","Georgetown, TX",63716,30.63269,-97.67723
4179574,"Alpharetta","GA","Alpharetta, GA",63693,34.07538,-84.29409
5161262,"Lorain","OH","Lorain, OH",63647,41.45282,-82.18237
4285268,"Bowling Green","KY","Bowling Green, KY",63616,36.99032,-86.4436
5117388,"Flatlands","NY","Flatlands, NY",63601,40.62122,-73.93486
4353765,"Dundalk","MD","Dundalk, MD",63597,39.25066,-76.52052
5025219,"Eden Prairie","MN","Eden Prairie, MN",63496,44.85469,-93.47079
5101879,"North Bergen","NJ","North Bergen, NJ",63484,40.80427,-74.01208
7261268,"Florence-Graham","CA","Florence-Graham, CA",63387,33.96772,-118.24438
4954380,"Waltham","MA","Waltham, MA",63378,42.37649,-71.23561
5821086,"Cheyenne","WY","Cheyenne, WY",63335,41.13998,-104.82025
4845411,"West Hartford","CT","West Hartford, CT",63268,41.76204,-72.74204
4128894,"Rogers","AR","Rogers, AR",63159,36.33202,-94.11854
4150066,"Carol City","FL","Carol City, FL",63031,25.94065,-80.2456
5346646,"Encinitas","CA","Encinitas, CA",62930,33.03699,-117.29198
4939085,"Haverhill","MA","Haverhill, MA",62765,42.7762,-71.07728
4160610,"Jupiter","FL","Jupiter, FL",62707,26.93422,-80.09421
4852832,"Council Bluffs","IA","Council Bluffs, IA",62597,41.26194,-95.86083
4177703,"Wellington","FL","Wellington, FL",62560,26.65868,-80.24144
5052361,"West Coon Rapids","MN","West Coon Rapids, MN",62528,45.15969,-93.34967
4166232,"North Miami","FL","North Miami, FL",62435,25.89009,-80.18671
4513575,"Hamilton","OH","Hamilton, OH",62407,39.3995,-84.56134
4166274,"North Port","FL","North Port, FL",62345,27.04422,-82.23593
5403783,"Tulare","CA","Tulare, CA",62315,36.20773,-119.34734
5022025,"Coon Rapids","MN","Coon Rapids, MN",62240,45.11997,-93.28773
5778352,"Millcreek","UT","Millcreek, UT",62139,40.68689,-111.87549
5363922,"La Habra","CA","La Habra, CA",62131,33.93196,-117.94617
5018651,"Blaine","MN","Blaine, MN",62124,45.1608,-93.23495
4830796,"Auburn","AL","Auburn, AL",62059,32.60986,-85.48078
5364499,"Lake Elsinore","CA","Lake Elsinore, CA",61981,33.66808,-117.32726
5334336,"Carmichael","CA","Carmichael, CA",61762,38.61713,-121.32828
5011908,"Taylor","MI","Taylor, MI",61568,42.24087,-83.26965
5019767,"Burnsville","MN","Burnsville, MN",61481,44.76774,-93.27772
5374406,"Monterey Park","CA","Monterey Park, CA",61468,34.06251,-118.12285
5334928,"Castro Valley","CA","Castro Valley, CA",61388,37.6941,-122.08635
5099724,"Irvington","NJ","Irvington, NJ",61323,40.73232,-74.23487
5388319,"Rocklin","CA","Rocklin, CA",61213,38.79073,-121.23578
5142056,"Utica","NY","Utica, NY",61100,43.1009,-75.23266
4942939,"Malden","MA","Malden, MA",61068,42.4251,-71.06616
5376200,"National City","CA","National City, CA",61060,32.67811,-117.0992
5754005,"Springfield","OR","Springfield, OR",60870,44.04624,-123.02203
4348599,"Bethesda","MD","Bethesda, MD",60858,38.98067,-77.10026
4265737,"Terre Haute","IN","Terre Haute, IN",60825,39.4667,-87.41391
4504621,"Vineland","NJ","Vineland, NJ",60818,39.48623,-75.02573
4726491,"San Marcos","TX","San Marcos, TX",60684,29.88327,-97.94139
5110077,"Brentwood","NY","Brentwood, NY",60664,40.78121,-73.24623
5034059,"Lakeville","MN","Lakeville, MN",60633,44.64969,-93.24272
5278420,"West Allis","WI","West Allis, WI",60620,43.01668,-88.00703
5808079,"Redmond","WA","Redmond, WA",60598,47.67399,-122.12151
5341145,"Cupertino","CA","Cupertino, CA",60572,37.323,-122.03218
5782476,"Taylorsville","UT","Taylorsville, UT",60514,40.66772,-111.93883
5282835,"Bristol","CT","Bristol, CT",60452,41.67176,-72.94927
4542975,"Moore","OK","Moore, OK",60451,35.33951,-97.4867
5351549,"Gardena","CA","Gardena, CA",60447,33.88835,-118.30896
5382232,"Petaluma","CA","Petaluma, CA",60438,38.23242,-122.63665
5423573,"Grand Junction","CO","Grand Junction, CO",60358,39.06387,-108.55065
5820705,"Casper","WY","Casper, WY",60285,42.86663,-106.31308
4724194,"Rowlett","TX","Rowlett, TX",60236,32.9029,-96.56388
5363990,"La Mesa","CA","La Mesa, CA",60089,32.76783,-117.02308
4168459,"Pine Hills","FL","Pine Hills, FL",60076,28.55778,-81.4534
5108815,"Bensonhurst","NY","Bensonhurst, NY",60000,40.60177,-73.99403
5113481,"Coney Island","NY","Coney Island, NY",60000,40.57788,-73.99403
4838524,"Meriden","CT","Meriden, CT",59988,41.53815,-72.80704
5006166,"Pontiac","MI","Pontiac, MI",59917,42.63892,-83.29105
4169156,"Port Orange","FL","Port Orange, FL",59866,29.13832,-80.99561
4835654,"Hamden","CT","Hamden, CT",59847,41.39593,-72.89677
5800420,"Lakewood","WA","Lakewood, WA",59829,47.17176,-122.51846
4156091,"Fountainebleau","FL","Fountainebleau, FL",59764,25.77288,-80.34783
5010978,"Saint Clair Shores","MI","Saint Clair Shores, MI",59715,42.49698,-82.88881
4525353,"Springfield","OH","Springfield, OH",59680,39.92423,-83.80882
5655240,"Great Falls","MT","Great Falls, MT",59638,47.50024,-111.30081
4460162,"Chapel Hill","NC","Chapel Hill, NC",59568,35.9132,-79.05584
5358736,"Huntington Park","CA","Huntington Park, CA",59430,33.98168,-118.22507
5197079,"Lancaster","PA","Lancaster, PA",59339,40.03788,-76.30551
4151455,"Coconut Creek","FL","Coconut Creek, FL",59302,26.25175,-80.17894
5596475,"Idaho Falls","ID","Idaho Falls, ID",59184,43.46658,-112.03414
5392567,"San Rafael","CA","San Rafael, CA",59162,37.97353,-122.53109
4924198,"Noblesville","IN","Noblesville, IN",59093,40.04559,-86.0086
4207783,"Marietta","GA","Marietta, GA",59067,33.9526,-84.54993
4834157,"Fairfield","CT","Fairfield, CT",59052,41.14121,-73.26373
4303436,"Owensboro","KY","Owensboro, KY",59042,37.77422,-87.11333
8096217,"Eastvale","CA","Eastvale, CA",59039,33.96358,-117.56418
5007804,"Royal Oak","MI","Royal Oak, MI",59008,42.48948,-83.14465
5330642,"Brentwood","CA","Brentwood, CA",58968,37.93187,-121.69579
4854529,"Dubuque","IA","Dubuque, IA",58799,42.50056,-90.66457
4931482,"Brookline","MA","Brookline, MA",58732,42.33176,-71.12116
5004062,"Novi","MI","Novi, MI",58723,42.48059,-83.47549
4889772,"Des Plaines","IL","Des Plaines, IL",58677,42.03336,-87.8834
4904937,"Orland Park","IL","Orland Park, IL",58619,41.63031,-87.85394
4604183,"Bartlett","TN","Bartlett, TN",58579,35.20453,-89.87398
5410430,"Woodland","CA","Woodland, CA",58567,38.67852,-121.7733
5777224,"Lehi","UT","Lehi, UT",58486,40.39162,-111.85077
5144336,"White Plains","NY","White Plains, NY",58459,41.03399,-73.76291
5324477,"Arcadia","CA","Arcadia, CA",58408,34.13973,-118.03534
4781530,"Reston","VA","Reston, VA",58404,38.96872,-77.3411
4166673,"Ocala","FL","Ocala, FL",58218,29.1872,-82.14009
4504225,"South Vineland","NJ","South Vineland, NJ",58122,39.44595,-75.02879
4172086,"Sanford","FL","Sanford, FL",58111,28.80055,-81.27312
4349159,"Bowie","MD","Bowie, MD",58025,38.94278,-76.73028
4922388,"Kokomo","IN","Kokomo, IN",57995,40.48643,-86.1336
5106160,"Wayne","NJ","Wayne, NJ",57915,40.92538,-74.27654
5393429,"Santee","CA","Santee, CA",57787,32.83838,-116.97392
5344157,"Dublin","CA","Dublin, CA",57721,37.70215,-121.93579
4167545,"Palm Harbor","FL","Palm Harbor, FL",57439,28.07807,-82.76371
4943629,"Medford","MA","Medford, MA",57403,42.41843,-71.10616
4542765,"Midwest City","OK","Midwest City, OK",57249,35.44951,-97.3967
4163407,"Margate","FL","Margate, FL",57234,26.24453,-80.20644
5397841,"South Whittier","CA","South Whittier, CA",57156,33.95015,-118.03917
4913723,"Tinley Park","IL","Tinley Park, IL",57143,41.57337,-87.78449
4718711,"Pflugerville","TX","Pflugerville, TX",57122,30.43937,-97.62
5101717,"New Brunswick","NJ","New Brunswick, NJ",57035,40.48622,-74.45182
5059429,"Grand Forks","ND","Grand Forks, ND",57011,47.92526,-97.03285
5350207,"Fountain Valley","CA","Fountain Valley, CA",56987,33.70918,-117.95367
5342992,"Diamond Bar","CA","Diamond Bar, CA",56897,34.02862,-117.81034
4952629,"Taunton","MA","Taunton, MA",56789,41.9001,-71.08977
4904365,"Oak Lawn","IL","Oak Lawn, IL",56781,41.71087,-87.75811
5105608,"Union","NJ","Union, NJ",56771,40.6976,-74.2632
4846960,"Ankeny","IA","Ankeny, IA",56764,41.72971,-93.60577
4933002,"Chicopee","MA","Chicopee, MA",56741,42.1487,-72.60787
4884597,"Berwyn","IL","Berwyn, IL",56368,41.85059,-87.79367
4274994,"Manhattan","KS","Manhattan, KS",56308,39.18361,-96.57167
4160705,"Kendale Lakes","FL","Kendale Lakes, FL",56148,25.70816,-80.407
4223379,"Smyrna","GA","Smyrna, GA",56146,33.88399,-84.51438
4990512,"Dearborn Heights","MI","Dearborn Heights, MI",56145,42.33698,-83.27326
5384471,"Porterville","CA","Porterville, CA",56058,36.06523,-119.01677
5102713,"Piscataway","NJ","Piscataway, NJ",56044,40.49927,-74.39904
4153471,"Doral","FL","Doral, FL",56035,25.81954,-80.35533
4628735,"Hendersonville","TN","Hendersonville, TN",56018,36.30477,-86.62
4488762,"Rocky Mount","NC","Rocky Mount, NC",55806,35.93821,-77.79053
5720727,"Corvallis","OR","Corvallis, OR",55780,44.56457,-123.26204
4228147,"Valdosta","GA","Valdosta, GA",55724,30.83334,-83.28032
5355180,"Hanford","CA","Hanford, CA",55659,36.32745,-119.64568
5416329,"Castle Rock","CO","Castle Rock, CO",55591,39.37221,-104.85609
4258313,"Greenwood","IN","Greenwood, IN",55586,39.61366,-86.10665
5120478,"Hempstead","NY","Hempstead, NY",55547,40.70621,-73.61874
5378044,"Novato","CA","Novato, CA",55530,38.10742,-122.5697
4515843,"Kettering","OH","Kettering, OH",55525,39.6895,-84.16883
5063805,"Bellevue","NE","Bellevue, NE",55510,41.13667,-95.89084
5810301,"Shoreline","WA","Shoreline, WA",55439,47.75565,-122.34152
4058553,"Decatur","AL","Decatur, AL",55437,34.60593,-86.98334
5381110,"Paramount","CA","Paramount, CA",55412,33.88946,-118.15979
4720039,"Port Arthur","TX","Port Arthur, TX",55340,29.88519,-93.94233
4917592,"Anderson","IN","Anderson, IN",55305,40.10532,-85.68025
4174744,"Tamiami","FL","Tamiami, FL",55271,25.75871,-80.39839
4371582,"Towson","MD","Towson, MD",55197,39.4015,-76.60191
4945588,"North Chicopee","MA","North Chicopee, MA",55179,42.18343,-72.59953
4172131,"Sarasota","FL","Sarasota, FL",55118,27.33643,-82.53065
5114418,"Cypress Hills","NY","Cypress Hills, NY",54944,40.67705,-73.89125
4845419,"West Haven","CT","West Haven, CT",54927,41.27065,-72.94705
5388867,"Rosemead","CA","Rosemead, CA",54908,34.08057,-118.07285
4502434,"Jackson","NJ","Jackson, NJ",54856,39.7765,-74.86238
5356868,"Highland","CA","Highland, CA",54854,34.12834,-117.20865
4903024,"Mount Prospect","IL","Mount Prospect, IL",54747,42.06642,-87.93729
5338783,"Colton","CA","Colton, CA",54621,34.0739,-117.31365
5501344,"Carson City","NV","Carson City, NV",54521,39.1638,-119.7674
5604045,"Pocatello","ID","Pocatello, ID",54441,42.8713,-112.44553
4148708,"Bradenton","FL","Bradenton, FL",54437,27.49893,-82.57482
4955336,"Weymouth","MA","Weymouth, MA",54395,42.22093,-70.93977
4169130,"Port Charlotte","FL","Port Charlotte, FL",54392,26.97617,-82.09064
4903780,"Normal","IL","Normal, IL",54373,40.5142,-88.99063
4733624,"Spring","TX","Spring, TX",54298,30.07994,-95.41716
4145805,"Allapattah","FL","Allapattah, FL",54289,25.81454,-80.22394
5808276,"Richland","WA","Richland, WA",54248,46.28569,-119.28446
4689550,"Euless","TX","Euless, TX",54219,32.83707,-97.08195
4377664,"Blue Springs","MO","Blue Springs, MO",54148,39.01695,-94.28161
4154047,"East Pensacola Heights","FL","East Pensacola Heights, FL",54104,30.42881,-87.17997
5354819,"Hacienda Heights","CA","Hacienda Heights, CA",54038,33.99307,-117.96868
5130334,"Ozone Park","NY","Ozone Park, NY",53985,40.67677,-73.84375
6640032,"Briarwood","NY","Briarwood, NY",53877,40.70935,-73.81529
5335006,"Cathedral City","CA","Cathedral City, CA",53826,33.77974,-116.46529
5100280,"Lakewood","NJ","Lakewood, NJ",53805,40.09789,-74.21764
5153207,"Elyria","OH","Elyria, OH",53775,41.36838,-82.10765
4916288,"Wheaton","IL","Wheaton, IL",53715,41.86614,-88.10701
5417737,"Commerce City","CO","Commerce City, CO",53696,39.80832,-104.93387
5099133,"Hoboken","NJ","Hoboken, NJ",53635,40.74399,-74.03236
5407529,"Watsonville","CA","Watsonville, CA",53628,36.91023,-121.75689
5301388,"Lake Havasu City","AZ","Lake Havasu City, AZ",53553,34.4839,-114.32245
4832294,"Revere","MA","Revere, MA",53422,42.40843,-71.01199
5106292,"West New York","NJ","West New York, NJ",53366,40.78788,-74.01431
5411046,"Yucaipa","CA","Yucaipa, CA",53328,34.03363,-117.04309
5352214,"Gilroy","CA","Gilroy, CA",53231,37.00578,-121.56828
4168228,"Pensacola","FL","Pensacola, FL",53193,30.42131,-87.21691
4168930,"Poinciana","FL","Poinciana, FL",53193,28.14029,-81.45841
4634662,"Kingsport","TN","Kingsport, TN",53014,36.54843,-82.56182
5197796,"Levittown","PA","Levittown, PA",52983,40.15511,-74.82877
4167519,"Palm Beach Gardens","FL","Palm Beach Gardens, FL",52923,26.82339,-80.13865
4838652,"Milford","CT","Milford, CT",52759,41.22232,-73.0565
5342485,"Delano","CA","Delano, CA",52733,35.76884,-119.24705
5408211,"West Sacramento","CA","West Sacramento, CA",52721,38.58046,-121.53023
4472370,"Huntersville","NC","Huntersville, NC",52704,35.41069,-80.84285
5102578,"Perth Amboy","NJ","Perth Amboy, NJ",52682,40.50677,-74.26542
4446675,"Southaven","MS","Southaven, MS",52589,34.98898,-90.01259
4407237,"Saint Peters","MO","Saint Peters, MO",52575,38.80033,-90.62651
4763231,"Harrisonburg","VA","Harrisonburg, VA",52538,38.44957,-78.86892
4946863,"Peabody","MA","Peabody, MA",52504,42.52787,-70.92866
5383527,"Placentia","CA","Placentia, CA",52495,33.87224,-117.87034
4274356,"Lenexa","KS","Lenexa, KS",52490,38.95362,-94.73357
4685524,"DeSoto","TX","DeSoto, TX",52486,32.58986,-96.85695
4458228,"Burlington","NC","Burlington, NC",52472,36.09569,-79.4378
5811456,"South Hill","WA","South Hill, WA",52431,47.14121,-122.27012
4919987,"Elkhart","IN","Elkhart, IN",52348,41.68199,-85.97667
5258957,"La Crosse","WI","La Crosse, WI",52306,43.80136,-91.23958
4904381,"Oak Park","IL","Oak Park, IL",52287,41.88503,-87.7845
4386802,"Florissant","MO","Florissant, MO",52268,38.78922,-90.32261
5809402,"Sammamish","WA","Sammamish, WA",52253,47.64177,-122.0804
5143056,"Wakefield","NY","Wakefield, NY",52201,40.89788,-73.85236
5710756,"Albany","OR","Albany, OR",52175,44.63651,-123.10593
4896075,"Hoffman Estates","IL","Hoffman Estates, IL",52138,42.04281,-88.0798
5352439,"Glendora","CA","Glendora, CA",52009,34.13612,-117.86534
5133271,"Queens Village","NY","Queens Village, NY",51919,40.72677,-73.74152
4184530,"Brookhaven","GA","Brookhaven, GA",51910,33.85844,-84.3402
5124276,"Levittown","NY","Levittown, NY",51881,40.72593,-73.51429
5380626,"Palm Desert","CA","Palm Desert, CA",51869,33.72255,-116.37697
4392768,"Joplin","MO","Joplin, MO",51818,37.08423,-94.51328
4535961,"Enid","OK","Enid, OK",51776,36.39559,-97.87839
4148533,"Bonita Springs","FL","Bonita Springs, FL",51704,26.33981,-81.7787
5122331,"Irondequoit","NY","Irondequoit, NY",51692,43.2134,-77.57972
5587698,"Caldwell","ID","Caldwell, ID",51686,43.66294,-116.68736
5037784,"Minnetonka","MN","Minnetonka, MN",51669,44.9133,-93.50329
4168630,"Pinellas Park","FL","Pinellas Park, FL",51617,27.8428,-82.69954
4985153,"Battle Creek","MI","Battle Creek, MI",51589,42.3173,-85.17816
5288636,"Casa Grande","AZ","Casa Grande, AZ",51460,32.8795,-111.75735
5127670,"Mott Haven","NY","Mott Haven, NY",51450,40.80899,-73.92291
4175179,"The Villages","FL","The Villages, FL",51442,28.93408,-81.95994
5069297,"Grand Island","NE","Grand Island, NE",51440,40.92501,-98.34201
4694568,"Grapevine","TX","Grapevine, TX",51404,32.93429,-97.07807
4843811,"Stratford","CT","Stratford, CT",51384,41.18454,-73.13317
4998018,"Kentwood","MI","Kentwood, MI",51357,42.86947,-85.64475
7160204,"City of Milford (balance)","CT","City of Milford (balance), CT",51271,41.22374,-73.06164
5756758,"Tigard","OR","Tigard, OR",51253,45.43123,-122.77149
4833403,"East Hartford","CT","East Hartford, CT",51252,41.78232,-72.61203
5016494,"Apple Valley","MN","Apple Valley, MN",51221,44.73191,-93.21772
5102720,"Plainfield","NJ","Plainfield, NJ",51217,40.63371,-74.40737
4769125,"Leesburg","VA","Leesburg, VA",51209,39.11566,-77.5636
5102427,"Parsippany","NJ","Parsippany, NJ",51144,40.85788,-74.42599
4151871,"Coral Gables","FL","Coral Gables, FL",51117,25.72149,-80.26838
4175117,"The Hammocks","FL","The Hammocks, FL",51003,25.67149,-80.4445
5287262,"Buckeye","AZ","Buckeye, AZ",50876,33.37032,-112.58378
4155529,"Flagami","FL","Flagami, FL",50834,25.76232,-80.31616
5288786,"Catalina Foothills","AZ","Catalina Foothills, AZ",50796,32.29785,-110.9187
5160315,"Lakewood","OH","Lakewood, OH",50656,41.48199,-81.79819
5264870,"North La Crosse","WI","North La Crosse, WI",50470,43.84635,-91.24819
5788516,"Burien","WA","Burien, WA",50467,47.47038,-122.34679
5777544,"Logan","UT","Logan, UT",50371,41.73549,-111.83439
5805687,"Olympia","WA","Olympia, WA",50302,47.03787,-122.9007
4951473,"South Peabody","MA","South Peabody, MA",50293,42.50982,-70.94949
5323163,"Aliso Viejo","CA","Aliso Viejo, CA",50195,33.56504,-117.72712
4692883,"Galveston","TX","Galveston, TX",50180,29.30135,-94.7977
5384690,"Poway","CA","Poway, CA",50157,32.96282,-117.03586
5025264,"Edina","MN","Edina, MN",50138,44.88969,-93.34995
5037790,"Minnetonka Mills","MN","Minnetonka Mills, MN",50117,44.94107,-93.4419
11748973,"Stonecrest","GA","Stonecrest, GA",50000,33.70849,-84.13485
5335663,"Cerritos","CA","Cerritos, CA",49975,33.85835,-118.06479
5006917,"Redford","MI","Redford, MI",49936,42.38337,-83.2966
7315245,"East Honolulu","HI","East Honolulu, HI",49914,21.28906,-157.71734
5141502,"Troy","NY","Troy, NY",49906,42.72841,-73.69179
5140221,"Sunnyside","NY","Sunnyside, NY",49833,40.73982,-73.93542
4801859,"Charleston","WV","Charleston, WV",49736,38.34982,-81.63262
4890119,"Downers Grove","IL","Downers Grove, IL",49732,41.80892,-88.01117
5325423,"Azusa","CA","Azusa, CA",49690,34.13362,-117.90756
4499389,"Wilson","NC","Wilson, NC",49643,35.72127,-77.91554
4333669,"Monroe","LA","Monroe, LA",49598,32.50931,-92.1193
5434006,"Parker","CO","Parker, CO",49550,39.5186,-104.76136
5364007,"La Mirada","CA","La Mirada, CA",49520,33.91724,-118.01201
5690532,"Minot","ND","Minot, ND",49450,48.23251,-101.29627
5711099,"Aloha","OR","Aloha, OR",49425,45.49428,-122.86705
5007989,"Saginaw","MI","Saginaw, MI",49347,43.41947,-83.95081
4673094,"Bedford","TX","Bedford, TX",49337,32.84402,-97.14307
5386082,"Rancho Santa Margarita","CA","Rancho Santa Margarita, CA",49324,33.64086,-117.6031
5341256,"Cypress","CA","Cypress, CA",49290,33.81696,-118.03729
5778755,"Murray","UT","Murray, UT",49250,40.66689,-111.88799
5151613,"Cuyahoga Falls","OH","Cuyahoga Falls, OH",49146,41.13394,-81.48456
5589173,"Coeur d'Alene","ID","Coeur d'Alene, ID",49122,47.67768,-116.78047
5095779,"Bloomfield","NJ","Bloomfield, NJ",49120,40.80677,-74.18542
5192726,"Harrisburg","PA","Harrisburg, PA",49081,40.2737,-76.88442
5389126,"Rowland Heights","CA","Rowland Heights, CA",48993,33.97612,-117.90534
5340175,"Covina","CA","Covina, CA",48984,34.09001,-117.89034
4552215,"Stillwater","OK","Stillwater, OK",48967,36.11561,-97.05837
5128723,"Niagara Falls","NY","Niagara Falls, NY",48916,43.0945,-79.05671
4614748,"Collierville","TN","Collierville, TN",48863,35.04204,-89.66453
4597919,"Summerville","SC","Summerville, SC",48848,33.0185,-80.17565
5272893,"Sheboygan","WI","Sheboygan, WI",48797,43.75083,-87.71453
4518264,"Middletown","OH","Middletown, OH",48760,39.51506,-84.39828
4347553,"Aspen Hill","MD","Aspen Hill, MD",48759,39.07955,-77.07303
4192375,"Dunwoody","GA","Dunwoody, GA",48733,33.94621,-84.33465
4809537,"Huntington","WV","Huntington, WV",48638,38.41925,-82.44515
5303752,"Maricopa","AZ","Maricopa, AZ",48602,33.05811,-112.04764
5488441,"Roswell","NM","Roswell, NM",48544,33.39437,-104.52491
4679803,"Cedar Hill","TX","Cedar Hill, TX",48507,32.58847,-96.95612
5097402,"East Brunswick","NJ","East Brunswick, NJ",48495,40.42788,-74.41598
4991640,"East Lansing","MI","East Lansing, MI",48471,42.73698,-84.48387
4146166,"Apopka","FL","Apopka, FL",48382,28.67617,-81.51186
5126180,"Maspeth","NY","Maspeth, NY",48325,40.72316,-73.91264
4373349,"Wheaton","MD","Wheaton, MD",48284,39.03983,-77.05526
4923670,"Mishawaka","IN","Mishawaka, IN",48261,41.66199,-86.15862
5006250,"Portage","MI","Portage, MI",48177,42.20115,-85.58
5106298,"West Orange","NJ","West Orange, NJ",48131,40.79871,-74.23904
4772354,"McLean","VA","McLean, VA",48115,38.93428,-77.17748
5164466,"Newark","OH","Newark, OH",47986,40.05812,-82.40126
5335650,"Ceres","CA","Ceres, CA",47963,37.59493,-120.95771
4314550,"Alexandria","LA","Alexandria, LA",47889,31.31129,-92.44514
4381072,"Chesterfield","MO","Chesterfield, MO",47864,38.66311,-90.57707
4929771,"Barnstable","MA","Barnstable, MA",47821,41.70011,-70.29947
4278890,"Salina","KS","Salina, KS",47813,38.84028,-97.61142
4260210,"Lawrence","IN","Lawrence, IN",47809,39.83865,-86.02526
7257992,"Bel Air South","MD","Bel Air South, MD",47709,39.50506,-76.31977
5852275,"Pearl City","HI","Pearl City, HI",47698,21.39734,-157.97516
5153420,"Euclid","OH","Euclid, OH",47676,41.5931,-81.52679
5007655,"Roseville","MI","Roseville, MI",47637,42.49726,-82.93714
4736134,"Texas City","TX","Texas City, TX",47618,29.38385,-94.9027
5278159,"Wauwatosa","WI","Wauwatosa, WI",47614,43.04946,-88.00759
5349613,"Florin","CA","Florin, CA",47513,38.49602,-121.40884
5610810,"Twin Falls","ID","Twin Falls, ID",47468,42.56297,-114.46087
4893886,"Glenview","IL","Glenview, IL",47446,42.06975,-87.78784
5221931,"East Providence","RI","East Providence, RI",47408,41.81371,-71.37005
5380668,"Palm Springs","CA","Palm Springs, CA",47371,33.8303,-116.54529
5392323,"San Luis Obispo","CA","San Luis Obispo, CA",47339,35.28275,-120.65962
4943828,"Methuen","MA","Methuen, MA",47255,42.7262,-71.19089
4152093,"Country Club","FL","Country Club, FL",47105,25.94815,-80.317
4074267,"Madison","AL","Madison, AL",46962,34.69926,-86.74833
4259671,"Jeffersonville","IN","Jeffersonville, IN",46960,38.27757,-85.73718
5392090,"San Jacinto","CA","San Jacinto, CA",46951,33.78391,-116.95864
5162645,"Mentor","OH","Mentor, OH",46901,41.66616,-81.33955
5161723,"Mansfield","OH","Mansfield, OH",46830,40.75839,-82.51545
4429295,"Hattiesburg","MS","Hattiesburg, MS",46805,31.32712,-89.29034
5774001,"Draper","UT","Draper, UT",46774,40.52467,-111.86382
4838633,"Middletown","CT","Middletown, CT",46756,41.56232,-72.65065
4743275,"Wylie","TX","Wylie, TX",46708,33.01512,-96.53888
4256038,"Columbus","IN","Columbus, IN",46690,39.20144,-85.92138
4658590,"Smyrna","TN","Smyrna, TN",46607,35.98284,-86.5186
4752031,"Charlottesville","VA","Charlottesville, VA",46597,38.02931,-78.47668
5366375,"Lincoln","CA","Lincoln, CA",46474,38.89156,-121.29301
5800112,"Lacey","WA","Lacey, WA",46409,47.03426,-122.82319
5429032,"Littleton","CO","Littleton, CO",46368,39.61332,-105.01665
4506008,"Beavercreek","OH","Beavercreek, OH",46277,39.70923,-84.06327
4474040,"Kannapolis","NC","Kannapolis, NC",46144,35.48736,-80.62173
4936008,"Everett","MA","Everett, MA",46050,42.40843,-71.05366
5109177,"Binghamton","NY","Binghamton, NY",46032,42.09869,-75.91797
4684724,"Cypress","TX","Cypress, TX",46025,29.96911,-95.69717
4891010,"Elmhurst","IL","Elmhurst, IL",45957,41.89947,-87.94034
7174365,"City of Sammamish","WA","City of Sammamish, WA",45780,47.60444,-122.03768
5324105,"Antelope","CA","Antelope, CA",45770,38.70824,-121.32995
4702828,"Keller","TX","Keller, TX",45758,32.93457,-97.25168
4418478,"Biloxi","MS","Biloxi, MS",45637,30.39603,-88.88531
4452808,"Apex","NC","Apex, NC",45585,35.73265,-78.85029
4928096,"West Lafayette","IN","West Lafayette, IN",45550,40.42587,-86.90807
4175437,"Titusville","FL","Titusville, FL",45393,28.61222,-80.80755
5178195,"Altoona","PA","Altoona, PA",45344,40.51868,-78.39474
5045021,"Saint Louis Park","MN","Saint Louis Park, MN",45250,44.9483,-93.34801
4834040,"Enfield","CT","Enfield, CT",45212,41.97621,-72.59176
5152333,"Dublin","OH","Dublin, OH",45098,40.09923,-83.11408
4790207,"Tuckahoe","VA","Tuckahoe, VA",44990,37.59015,-77.55638
4366001,"Potomac","MD","Potomac, MD",44965,39.01817,-77.20859
4833320,"Cleveland Heights","OH","Cleveland Heights, OH",44962,41.52005,-81.55624
5104404,"Sayreville","NJ","Sayreville, NJ",44920,40.45927,-74.36098
6332309,"Cutler Bay","FL","Cutler Bay, FL",44865,25.5783,-80.3377
5098706,"Hackensack","NJ","Hackensack, NJ",44834,40.88593,-74.04347
4126226,"Pine Bluff","AR","Pine Bluff, AR",44772,34.22843,-92.0032
5143992,"West Seneca","NY","West Seneca, NY",44711,42.85006,-78.79975
5173237,"Strongsville","OH","Strongsville, OH",44668,41.3145,-81.83569
5338166,"Coachella","CA","Coachella, CA",44635,33.6803,-116.17389
4101260,"Bentonville","AR","Bentonville, AR",44499,36.37285,-94.20882
4156018,"Fort Pierce","FL","Fort Pierce, FL",44484,27.44671,-80.32561
8299576,"Bridgewater","NJ","Bridgewater, NJ",44464,40.60079,-74.64815
5341531,"Danville","CA","Danville, CA",44400,37.82159,-121.99996
4166638,"Oakland Park","FL","Oakland Park, FL",44319,26.17231,-80.13199
4929399,"Attleboro","MA","Attleboro, MA",44284,41.94454,-71.28561
4369190,"Severn","MD","Severn, MD",44231,39.13705,-76.6983
4747845,"Blacksburg","VA","Blacksburg, VA",44215,37.22957,-80.41394
4695912,"Haltom City","TX","Haltom City, TX",44206,32.79957,-97.26918
5367788,"Lompoc","CA","Lompoc, CA",44164,34.63915,-120.45794
4177727,"Wesley Chapel","FL","Wesley Chapel, FL",44092,28.23973,-82.32787
4879890,"Urbandale","IA","Urbandale, IA",44062,41.62666,-93.71217
4562407,"York","PA","York, PA",43992,39.9626,-76.72774
4166233,"North Miami Beach","FL","North Miami Beach, FL",43971,25.93315,-80.16255
5345609,"El Centro","CA","El Centro, CA",43956,32.792,-115.56305
5133640,"Rego Park","NY","Rego Park, NY",43925,40.72649,-73.85264
4614088,"Cleveland","TN","Cleveland, TN",43898,35.15952,-84.87661
4363843,"North Bethesda","MD","North Bethesda, MD",43828,39.04455,-77.11887
5327098,"Beaumont","CA","Beaumont, CA",43811,33.92946,-116.97725
4900373,"Lombard","IL","Lombard, IL",43797,41.88003,-88.00784
5771826,"Bountiful","UT","Bountiful, UT",43784,40.88939,-111.88077
4166222,"North Lauderdale","FL","North Lauderdale, FL",43703,26.2173,-80.22588
4677551,"Burleson","TX","Burleson, TX",43625,32.54208,-97.32085
4166776,"Ocoee","FL","Ocoee, FL",43608,28.56917,-81.54396
5307540,"Oro Valley","AZ","Oro Valley, AZ",43565,32.39091,-110.96649
4744870,"Ashburn","VA","Ashburn, VA",43511,39.04372,-77.48749
4180531,"Augusta","GA","Augusta, GA",43459,33.47097,-81.97484
5641727,"Bozeman","MT","Bozeman, MT",43405,45.67965,-111.03856
5314328,"Sierra Vista","AZ","Sierra Vista, AZ",43355,31.55454,-110.30369
5117949,"Freeport","NY","Freeport, NY",43334,40.6576,-73.58318
4947459,"Pittsfield","MA","Pittsfield, MA",43303,42.45008,-73.24538
5855927,"Hilo","HI","Hilo, HI",43263,19.72991,-155.09073
5143630,"West Babylon","NY","West Babylon, NY",43213,40.71816,-73.35429
4889553,"DeKalb","IL","DeKalb, IL",43211,41.92947,-88.75036
5391749,"San Bruno","CA","San Bruno, CA",43185,37.63049,-122.41108
4392388,"Jefferson City","MO","Jefferson City, MO",43169,38.5767,-92.17352
4145941,"Altamonte Springs","FL","Altamonte Springs, FL",43159,28.66111,-81.36562
5327319,"Bell Gardens","CA","Bell Gardens, CA",43106,33.96529,-118.15146
5374764,"Morgan Hill","CA","Morgan Hill, CA",42948,37.1305,-121.65439
5787829,"Bothell","WA","Bothell, WA",42939,47.76232,-122.2054
5253352,"Fond du Lac","WI","Fond du Lac, WI",42933,43.775,-88.43883
4504118,"Sicklerville","NJ","Sicklerville, NJ",42891,39.71734,-74.96933
5104405,"Sayreville Junction","NJ","Sayreville Junction, NJ",42890,40.46538,-74.33043
5467328,"Farmington","NM","Farmington, NM",42871,36.72806,-108.21869
4950065,"Salem","MA","Salem, MA",42869,42.51954,-70.89672
4929180,"Arlington","MA","Arlington, MA",42844,42.41537,-71.15644
5323525,"Altadena","CA","Altadena, CA",42777,34.18973,-118.13118
4511283,"Fairfield","OH","Fairfield, OH",42767,39.34589,-84.5605
5386035,"Rancho Palos Verdes","CA","Rancho Palos Verdes, CA",42732,33.74446,-118.38702
5377640,"North Highlands","CA","North Highlands, CA",42694,38.68574,-121.37217
4902476,"Moline","IL","Moline, IL",42681,41.5067,-90.51513
5084868,"Concord","NH","Concord, NH",42620,43.20814,-71.53757
5085688,"East Concord","NH","East Concord, NH",42605,43.24202,-71.53813
4723406,"Rockwall","TX","Rockwall, TX",42566,32.93123,-96.45971
4906125,"Plainfield","IL","Plainfield, IL",42527,41.62697,-88.20395
5234372,"Burlington","VT","Burlington, VT",42452,44.47588,-73.21207
5388564,"Rohnert Park","CA","Rohnert Park, CA",42407,38.33964,-122.7011
4914570,"Urbana","IL","Urbana, IL",42311,40.11059,-88.20727
5001929,"Midland","MI","Midland, MI",42200,43.61558,-84.24721
5309858,"Prescott Valley","AZ","Prescott Valley, AZ",42197,34.61002,-112.31572
5213681,"State College","PA","State College, PA",42161,40.79339,-77.86
5099967,"Kearny","NJ","Kearny, NJ",42137,40.76843,-74.14542
5345679,"El Dorado Hills","CA","El Dorado Hills, CA",42108,38.68574,-121.08217
4755280,"Danville","VA","Danville, VA",42082,36.58597,-79.39502
4233813,"Belleville","IL","Belleville, IL",42034,38.52005,-89.98399
5100506,"Linden","NJ","Linden, NJ",42021,40.62205,-74.24459
5038108,"Moorhead","MN","Moorhead, MN",42005,46.87386,-96.76951
5145067,"Woodside","NY","Woodside, NY",41981,40.74538,-73.90541
5330582,"Brea","CA","Brea, CA",41944,33.91668,-117.90006
5780557,"Riverton","UT","Riverton, UT",41900,40.52189,-111.9391
5309842,"Prescott","AZ","Prescott, AZ",41899,34.54002,-112.4685
4503136,"Mount Laurel","NJ","Mount Laurel, NJ",41864,39.934,-74.891
4736388,"The Colony","TX","The Colony, TX",41779,33.08901,-96.88639
4771401,"Manassas","VA","Manassas, VA",41764,38.75095,-77.47527
4608408,"Brentwood","TN","Brentwood, TN",41763,36.03312,-86.78278
4955190,"Westfield","MA","Westfield, MA",41690,42.12509,-72.74954
4273299,"Hutchinson","KS","Hutchinson, KS",41569,38.06084,-97.92977
4941873,"Leominster","MA","Leominster, MA",41569,42.52509,-71.75979
4350635,"Catonsville","MD","Catonsville, MD",41567,39.27205,-76.73192
5120656,"Hicksville","NY","Hicksville, NY",41547,40.76843,-73.52513
4884141,"Bartlett","IL","Bartlett, IL",41545,41.99503,-88.18563
4885955,"Buffalo Grove","IL","Buffalo Grove, IL",41496,42.15141,-87.95979
5225809,"Woonsocket","RI","Woonsocket, RI",41475,42.00288,-71.51478
5793427,"Edmonds","WA","Edmonds, WA",41375,47.81065,-122.37736
5303705,"Marana","AZ","Marana, AZ",41315,32.43674,-111.22538
4842898,"Shelton","CT","Shelton, CT",41296,41.31649,-73.09316
4850699,"Cedar Falls","IA","Cedar Falls, IA",41255,42.52776,-92.44547
4930505,"Beverly","MA","Beverly, MA",41186,42.55843,-70.88005
7260219,"University","FL","University, FL",41163,28.07389,-82.43902
4683217,"Coppell","TX","Coppell, TX",41159,32.95457,-97.01501
5153924,"Findlay","OH","Findlay, OH",41149,41.04422,-83.64993
5333689,"Campbell","CA","Campbell, CA",41117,37.28717,-121.94996
4768351,"Lake Ridge","VA","Lake Ridge, VA",41058,38.68789,-77.29776
4749950,"Burke","VA","Burke, VA",41055,38.79345,-77.27165
5036420,"Mankato","MN","Mankato, MN",41044,44.15906,-94.00915
4744468,"Annandale","VA","Annandale, VA",41008,38.83039,-77.19637
4288809,"Covington","KY","Covington, KY",40997,39.08367,-84.50855
5127536,"Morris Heights","NY","Morris Heights, NY",40982,40.84982,-73.91986
4215114,"Peachtree Corners","GA","Peachtree Corners, GA",40978,33.9701,-84.22159
5492450,"South Valley","NM","South Valley, NM",40976,35.01005,-106.67808
4167178,"Ormond Beach","FL","Ormond Beach, FL",40970,29.28581,-81.05589
4150118,"Carrollwood Village","FL","Carrollwood Village, FL",40949,28.06752,-82.52093
4699540,"Huntsville","TX","Huntsville, TX",40938,30.72353,-95.55078
4597948,"Sumter","SC","Sumter, SC",40816,33.92044,-80.34147
4247703,"Quincy","IL","Quincy, IL",40780,39.9356,-91.40987
5219488,"Wilkes-Barre","PA","Wilkes-Barre, PA",40780,41.24591,-75.88131
5364066,"La Puente","CA","La Puente, CA",40745,34.02001,-117.94951
4939783,"Holyoke","MA","Holyoke, MA",40684,42.20426,-72.6162
4728328,"Sherman","TX","Sherman, TX",40667,33.63566,-96.60888
4580098,"Goose Creek","SC","Goose Creek, SC",40633,32.98101,-80.03259
5036588,"Maplewood","MN","Maplewood, MN",40567,44.95302,-92.99522
4912691,"Streamwood","IL","Streamwood, IL",40554,42.02558,-88.17841
4936812,"Fitchburg","MA","Fitchburg, MA",40545,42.58342,-71.8023
4581832,"Hilton Head Island","SC","Hilton Head Island, SC",40512,32.19382,-80.73816
5364079,"La Quinta","CA","La Quinta, CA",40476,33.66336,-116.31001
4212937,"North Atlanta","GA","North Atlanta, GA",40456,33.8651,-84.33659
4889229,"Crystal Lake","IL","Crystal Lake, IL",40448,42.24113,-88.3162
4357141,"Hagerstown","MD","Hagerstown, MD",40432,39.64176,-77.71999
5392034,"San Gabriel","CA","San Gabriel, CA",40424,34.09611,-118.10583
4470778,"Hickory","NC","Hickory, NC",40374,35.73319,-81.3412
4930511,"Beverly Cove","MA","Beverly Cove, MA",40365,42.55343,-70.85366
4178550,"Winter Garden","FL","Winter Garden, FL",40356,28.56528,-81.58618
4886662,"Carol Stream","IL","Carol Stream, IL",40356,41.91253,-88.13479
5175865,"Warren","OH","Warren, OH",40245,41.23756,-80.81842
5100886,"Marlboro","NJ","Marlboro, NJ",40191,40.31539,-74.24626
5105262,"Teaneck","NJ","Teaneck, NJ",40078,40.8976,-74.01597
5332698,"Calexico","CA","Calexico, CA",40053,32.67895,-115.49888
4062577,"Florence","AL","Florence, AL",40026,34.79981,-87.67725
5046997,"Shakopee","MN","Shakopee, MN",39981,44.79802,-93.5269
4930577,"Billerica","MA","Billerica, MA",39904,42.55843,-71.26895
4839843,"Norwich","CT","Norwich, CT",39899,41.52426,-72.07591
4929022,"Amherst","MA","Amherst, MA",39833,42.36723,-72.51852
4687331,"Duncanville","TX","Duncanville, TX",39826,32.6518,-96.90834
5264381,"New Berlin","WI","New Berlin, WI",39825,42.9764,-88.10842
4943170,"Marlborough","MA","Marlborough, MA",39818,42.34593,-71.55229
5378566,"Oakley","CA","Oakley, CA",39813,37.99742,-121.71245
4516233,"Lancaster","OH","Lancaster, OH",39766,39.71368,-82.59933
4908068,"Romeoville","IL","Romeoville, IL",39719,41.64753,-88.08951
5101334,"Montclair","NJ","Montclair, NJ",39701,40.82593,-74.20903
4435764,"Meridian","MS","Meridian, MS",39661,32.36431,-88.70366
5807575,"Puyallup","WA","Puyallup, WA",39659,47.18538,-122.2929
4956032,"Woburn","MA","Woburn, MA",39555,42.47926,-71.15228
5788054,"Bremerton","WA","Bremerton, WA",39520,47.56732,-122.63264
4157898,"Hallandale Beach","FL","Hallandale Beach, FL",39488,25.9812,-80.14838
5462393,"Clovis","NM","Clovis, NM",39480,34.4048,-103.20523
4347242,"Annapolis","MD","Annapolis, MD",39474,38.97859,-76.49184
4740629,"Weslaco","TX","Weslaco, TX",39474,26.15952,-97.99084
4379966,"Cape Girardeau","MO","Cape Girardeau, MO",39462,37.30588,-89.51815
5287565,"Bullhead City","AZ","Bullhead City, AZ",39445,35.14778,-114.5683
4166195,"North Fort Myers","FL","North Fort Myers, FL",39407,26.66729,-81.88009
4932879,"Chelsea","MA","Chelsea, MA",39398,42.39176,-71.03283
4513409,"Grove City","OH","Grove City, OH",39388,39.88145,-83.09296
4354428,"Essex","MD","Essex, MD",39262,39.30927,-76.47496
4500546,"Atlantic City","NJ","Atlantic City, NJ",39260,39.36415,-74.42306
5380420,"Pacifica","CA","Pacifica, CA",39260,37.61383,-122.48692
4624601,"Germantown","TN","Germantown, TN",39240,35.08676,-89.81009
5433124,"Northglenn","CO","Northglenn, CO",39197,39.88554,-104.9872
5116917,"Far Rockaway","NY","Far Rockaway, NY",39189,40.60538,-73.75513
5123280,"Kensington","NY","Kensington, NY",39120,40.64621,-73.97069
5113694,"Coram","NY","Coram, NY",39113,40.86871,-73.00149
5278120,"Wausau","WI","Wausau, WI",39094,44.95914,-89.63012
4699575,"Hurst","TX","Hurst, TX",39016,32.82346,-97.17057
5398630,"Stanton","CA","Stanton, CA",38872,33.80252,-117.99312
4705191,"Lancaster","TX","Lancaster, TX",38801,32.59208,-96.75611
4692521,"Friendswood","TX","Friendswood, TX",38800,29.5294,-95.20104
4196586,"Gainesville","GA","Gainesville, GA",38712,34.29788,-83.82407
8096113,"The Acreage","FL","The Acreage, FL",38704,26.79404,-80.26749
5374232,"Montclair","CA","Montclair, CA",38690,34.07751,-117.68978
5847486,"Kailua","HI","Kailua, HI",38635,21.40241,-157.74054
4907907,"Rock Island","IL","Rock Island, IL",38620,41.50948,-90.57875
5515110,"Whitney","NV","Whitney, NV",38585,36.09831,-115.0363
4167348,"Oviedo","FL","Oviedo, FL",38551,28.67,-81.20812
4886676,"Carpentersville","IL","Carpentersville, IL",38512,42.12114,-88.25786
5735724,"Lake Oswego","OR","Lake Oswego, OR",38496,45.42067,-122.67065
4543338,"Muskogee","OK","Muskogee, OK",38456,35.74788,-95.36969
5471578,"Hobbs","NM","Hobbs, NM",38416,32.70261,-103.13604
5003132,"Muskegon","MI","Muskegon, MI",38401,43.23418,-86.24839
5176472,"Westerville","OH","Westerville, OH",38384,40.12617,-82.92907
4706736,"Little Elm","TX","Little Elm, TX",38341,33.16262,-96.93751
4895066,"Hanover Park","IL","Hanover Park, IL",38333,41.99947,-88.14507
4680388,"Channelview","TX","Channelview, TX",38289,29.77606,-95.11465
4167694,"Panama City","FL","Panama City, FL",38286,30.15946,-85.65983
4578737,"Florence","SC","Florence, SC",38228,34.19543,-79.76256
5854686,"Waipahu","HI","Waipahu, HI",38216,21.38667,-158.00917
4497290,"Wake Forest","NC","Wake Forest, NC",38199,35.97987,-78.50972
4514746,"Huber Heights","OH","Huber Heights, OH",38176,39.84395,-84.12466
5370868,"Martinez","CA","Martinez, CA",38137,38.01937,-122.13413
5115960,"East Meadow","NY","East Meadow, NY",38132,40.71399,-73.55902
4357340,"Hanover","MD","Hanover, MD",38088,39.19289,-76.72414
4916311,"Wheeling","IL","Wheeling, IL",38079,42.13919,-87.92896
5551535,"Apache Junction","AZ","Apache Junction, AZ",38074,33.41505,-111.54958
5779816,"Pleasant Grove","UT","Pleasant Grove, UT",38052,40.36412,-111.73854
5246835,"Brookfield","WI","Brookfield, WI",38025,43.06057,-88.10648
5151891,"Delaware","OH","Delaware, OH",37995,40.29867,-83.06797
5780802,"Roy","UT","Roy, UT",37964,41.16161,-112.02633
5142109,"Valley Stream","NY","Valley Stream, NY",37962,40.66427,-73.70846
4727326,"Schertz","TX","Schertz, TX",37938,29.55217,-98.26973
5781860,"Spanish Fork","UT","Spanish Fork, UT",37935,40.11496,-111.65492
5734711,"Keizer","OR","Keizer, OR",37895,44.99012,-123.02621
4705708,"Leander","TX","Leander, TX",37889,30.57881,-97.85307
4374054,"Woodlawn","MD","Woodlawn, MD",37879,39.32288,-76.72803
5160783,"Lima","OH","Lima, OH",37873,40.74255,-84.10523
4597200,"Spartanburg","SC","Spartanburg, SC",37867,34.94957,-81.93205
4905367,"Park Ridge","IL","Park Ridge, IL",37757,42.01114,-87.84062
4178552,"Winter Haven","FL","Winter Haven, FL",37689,28.02224,-81.73286
4146429,"Aventura","FL","Aventura, FL",37649,25.95648,-80.13921
4369224,"Severna Park","MD","Severna Park, MD",37634,39.07039,-76.54524
4170617,"Royal Palm Beach","FL","Royal Palm Beach, FL",37633,26.7084,-80.2306
5414941,"Brighton","CO","Brighton, CO",37585,39.98526,-104.82053
4082866,"Phenix City","AL","Phenix City, AL",37570,32.47098,-85.00077
6331908,"Milton","GA","Milton, GA",37547,34.13216,-84.30067
4142290,"Dover","DE","Dover, DE",37522,39.15817,-75.52437
5316201,"Sun City","AZ","Sun City, AZ",37499,33.59754,-112.27182
4161422,"Lake Worth","FL","Lake Worth, FL",37498,26.61708,-80.07231
7250691,"Kew Gardens Hills","NY","Kew Gardens Hills, NY",37479,40.73002,-73.8234
4940764,"Jamaica Plain","MA","Jamaica Plain, MA",37468,42.30982,-71.12033
5374175,"Monrovia","CA","Monrovia, CA",37463,34.14806,-117.99895
5357499,"Hollister","CA","Hollister, CA",37462,36.85245,-121.4016
5368453,"Los Banos","CA","Los Banos, CA",37457,37.05828,-120.84992
4168773,"Plant City","FL","Plant City, FL",37406,28.01888,-82.11469
5255068,"Greenfield","WI","Greenfield, WI",37349,42.9614,-88.01259
4866263,"Marion","IA","Marion, IA",37330,42.03417,-91.59768
7257540,"Braintree","MA","Braintree, MA",37297,42.20384,-71.00215
4212684,"Newnan","GA","Newnan, GA",37291,33.38067,-84.79966
4736096,"Texarkana","TX","Texarkana, TX",37280,33.42513,-94.04769
4882920,"Addison","IL","Addison, IL",37208,41.9317,-87.98896
4522411,"Reynoldsburg","OH","Reynoldsburg, OH",37158,39.95479,-82.81212
4364362,"Odenton","MD","Odenton, MD",37132,39.084,-76.70025
4207226,"Mableton","GA","Mableton, GA",37115,33.81872,-84.58243
4581833,"Hilton Head","SC","Hilton Head, SC",37099,32.21632,-80.75261
5729080,"Grants Pass","OR","Grants Pass, OR",37088,42.43933,-123.33067
4472687,"Indian Trail","NC","Indian Trail, NC",37073,35.07681,-80.66924
4886255,"Calumet City","IL","Calumet City, IL",37031,41.61559,-87.52949
4999311,"Lincoln Park","MI","Lincoln Park, MI",37012,42.25059,-83.17854
5802049,"Lynnwood","WA","Lynnwood, WA",36997,47.82093,-122.31513
5144400,"Whitestone","NY","Whitestone, NY",36984,40.79455,-73.81847
5245387,"Beloit","WI","Beloit, WI",36891,42.50835,-89.03178
5095549,"Belleville","NJ","Belleville, NJ",36878,40.79371,-74.15014
5801617,"Longview","WA","Longview, WA",36848,46.13817,-122.93817
4614867,"Columbia","TN","Columbia, TN",36800,35.61507,-87.03528
4925006,"Portage","IN","Portage, IN",36738,41.57587,-87.17615
4928118,"Westfield","IN","Westfield, IN",36738,40.04282,-86.12749
4262045,"New Albany","IN","New Albany, IN",36732,38.28562,-85.82413
5098135,"Fort Lee","NJ","Fort Lee, NJ",36672,40.85093,-73.97014
5110159,"Brighton","NY","Brighton, NY",36609,43.14756,-77.55055
4529987,"Bartlesville","OK","Bartlesville, OK",36595,36.74731,-95.98082
5097751,"Ewing","NJ","Ewing, NJ",36559,40.26983,-74.79988
4726440,"San Juan","TX","San Juan, TX",36556,26.18924,-98.15529
5144975,"Woodhaven","NY","Woodhaven, NY",36555,40.68927,-73.85791
4711729,"Mission Bend","TX","Mission Bend, TX",36501,29.69384,-95.66495
5392229,"San Juan Capistrano","CA","San Juan Capistrano, CA",36454,33.50169,-117.66255
5509851,"Pahrump","NV","Pahrump, NV",36441,36.20829,-115.98391
4367734,"Saint Charles","MD","Saint Charles, MD",36376,38.60317,-76.93858
5401469,"Temple City","CA","Temple City, CA",36365,34.10723,-118.05785
5161902,"Marion","OH","Marion, OH",36363,40.58867,-83.12852
4772566,"Mechanicsville","VA","Mechanicsville, VA",36348,37.60876,-77.37331
4708308,"Lufkin","TX","Lufkin, TX",36333,31.33824,-94.7291
4503548,"Pennsauken","NJ","Pennsauken, NJ",36332,39.95622,-75.05795
4219762,"Rome","GA","Rome, GA",36323,34.25704,-85.16467
5337696,"Claremont","CA","Claremont, CA",36283,34.09668,-117.71978
5253710,"Franklin","WI","Franklin, WI",36222,42.88863,-88.03842
5043193,"Richfield","MN","Richfield, MN",36216,44.8833,-93.283
5327298,"Bell","CA","Bell, CA",36205,33.97751,-118.18702
4969398,"Lewiston","ME","Lewiston, ME",36202,44.10035,-70.21478
4153759,"Dunedin","FL","Dunedin, FL",36164,28.0199,-82.77323
7260327,"Kendall West","FL","Kendall West, FL",36154,25.7065,-80.4388
5520076,"Del Rio","TX","Del Rio, TX",36153,29.36273,-100.89676
4401618,"Oakville","MO","Oakville, MO",36143,38.47005,-90.30456
5113412,"Commack","NY","Commack, NY",36124,40.84288,-73.29289
5262630,"Menomonee Falls","WI","Menomonee Falls, WI",36119,43.1789,-88.11731
5374648,"Moorpark","CA","Moorpark, CA",36104,34.28556,-118.88204
4063619,"Gadsden","AL","Gadsden, AL",36084,34.01434,-86.00639
5798487,"Issaquah","WA","Issaquah, WA",36081,47.5301,-122.03262
4659446,"Spring Hill","TN","Spring Hill, TN",36055,35.75118,-86.93
4844459,"Trumbull","CT","Trumbull, CT",36018,41.24287,-73.20067
4439869,"Olive Branch","MS","Olive Branch, MS",36010,34.96176,-89.82953
4480125,"Mooresville","NC","Mooresville, NC",36009,35.58486,-80.81007
4845519,"West Torrington","CT","West Torrington, CT",36000,41.81843,-73.14372
5409768,"Willowbrook","CA","Willowbrook, CA",35983,33.91696,-118.25507
4274305,"Leavenworth","KS","Leavenworth, KS",35980,39.31111,-94.92246
4351871,"Clinton","MD","Clinton, MD",35970,38.76511,-76.89831
5022134,"Cottage Grove","MN","Cottage Grove, MN",35918,44.82774,-92.94382
4414749,"Wildwood","MO","Wildwood, MO",35899,38.58283,-90.6629
4263681,"Richmond","IN","Richmond, IN",35854,39.82894,-84.89024
5744253,"Oregon City","OR","Oregon City, OR",35831,45.35734,-122.60676
4468261,"Goldsboro","NC","Goldsboro, NC",35826,35.38488,-77.99277
5370082,"Manhattan Beach","CA","Manhattan Beach, CA",35818,33.88474,-118.41091
5806253,"Parkland","WA","Parkland, WA",35803,47.15538,-122.43401
4207981,"Martinez","GA","Martinez, GA",35795,33.51736,-82.07567
4059870,"East Florence","AL","East Florence, AL",35733,34.80953,-87.64947
4703811,"Kyle","TX","Kyle, TX",35733,29.98911,-97.87723
5776727,"Kearns","UT","Kearns, UT",35731,40.65995,-111.99633
4769667,"Linton Hall","VA","Linton Hall, VA",35725,38.75984,-77.57499
4173497,"South Miami Heights","FL","South Miami Heights, FL",35696,25.59761,-80.38061
4448903,"Tupelo","MS","Tupelo, MS",35680,34.25807,-88.70464
4115412,"Hot Springs","AR","Hot Springs, AR",35635,34.5037,-93.05518
5409260,"Wildomar","CA","Wildomar, CA",35632,33.59891,-117.28004
4414001,"Wentzville","MO","Wentzville, MO",35603,38.81144,-90.85291
5043799,"Roseville","MN","Roseville, MN",35580,45.00608,-93.15661
4176318,"Valrico","FL","Valrico, FL",35545,27.93789,-82.23644
5221637,"Coventry","RI","Coventry, RI",35525,41.7001,-71.68284
4723914,"Rosenberg","TX","Rosenberg, TX",35510,29.55718,-95.80856
4848489,"Bettendorf","IA","Bettendorf, IA",35505,41.52448,-90.51569
4192674,"East Point","GA","East Point, GA",35467,33.67955,-84.43937
4084796,"Prattville","AL","Prattville, AL",35420,32.46402,-86.4597
4169060,"Ponte Vedra Beach","FL","Ponte Vedra Beach, FL",35400,30.23969,-81.38564
5147784,"Boardman","OH","Boardman, OH",35376,41.02423,-80.66285
4151824,"Cooper City","FL","Cooper City, FL",35364,26.05731,-80.27172
7258432,"Oxon Hill-Glassmanor","MD","Oxon Hill-Glassmanor, MD",35355,38.79615,-76.97499
4154280,"Egypt Lake-Leto","FL","Egypt Lake-Leto, FL",35282,28.01769,-82.50619
5265228,"Oak Creek","WI","Oak Creek, WI",35243,42.88585,-87.86314
4215110,"Peachtree City","GA","Peachtree City, GA",35240,33.39678,-84.59576
4923482,"Merrillville","IN","Merrillville, IN",35224,41.48281,-87.33281
8605040,"Hot Springs National Park","AR","Hot Springs National Park, AR",35193,34.5317,-93.06377
4170965,"Saint Cloud","FL","Saint Cloud, FL",35183,28.2489,-81.28118
4704108,"La Porte","TX","La Porte, TX",35148,29.66578,-95.01937
4412697,"University City","MO","University City, MO",35058,38.65588,-90.30928
4526993,"Upper Arlington","OH","Upper Arlington, OH",34907,39.99451,-83.06241
4844309,"Torrington","CT","Torrington, CT",34906,41.80065,-73.12122
5328041,"Beverly Hills","CA","Beverly Hills, CA",34869,34.07362,-118.40036
5031412,"Inver Grove Heights","MN","Inver Grove Heights, MN",34857,44.84802,-93.04272
5221703,"Cumberland","RI","Cumberland, RI",34843,41.96677,-71.43284
5383720,"Pleasant Hill","CA","Pleasant Hill, CA",34810,37.94798,-122.0608
5173171,"Stow","OH","Stow, OH",34797,41.1595,-81.44039
4161616,"Lauderdale Lakes","FL","Lauderdale Lakes, FL",34796,26.16647,-80.20838
4635031,"La Vergne","TN","La Vergne, TN",34794,36.01562,-86.58194
4178573,"Winter Springs","FL","Winter Springs, FL",34789,28.69889,-81.30812
4164092,"Merritt Island","FL","Merritt Island, FL",34743,28.53917,-80.672
4177865,"West Little River","FL","West Little River, FL",34699,25.85704,-80.23699
5148480,"Brunswick","OH","Brunswick, OH",34689,41.23811,-81.8418
5391891,"San Dimas","CA","San Dimas, CA",34630,34.10668,-117.80673
4479946,"Monroe","NC","Monroe, NC",34623,34.98543,-80.54951
5310193,"Queen Creek","AZ","Queen Creek, AZ",34614,33.24866,-111.6343
5848189,"Kaneohe","HI","Kaneohe, HI",34597,21.39994,-157.79895
5155393,"Gahanna","OH","Gahanna, OH",34590,40.01923,-82.87934
4274317,"Leawood","KS","Leawood, KS",34579,38.96667,-94.6169
4547407,"Owasso","OK","Owasso, OK",34542,36.26954,-95.85471
5085382,"Derry Village","NH","Derry Village, NH",34539,42.89175,-71.31201
5102213,"Orange","NJ","Orange, NJ",34457,40.77066,-74.23265
5112078,"Central Islip","NY","Central Islip, NY",34450,40.79065,-73.20178
5203506,"Norristown","PA","Norristown, PA",34412,40.1215,-75.3399
5115614,"Dyker Heights","NY","Dyker Heights, NY",34399,40.62149,-74.00958
5118670,"Glendale","NY","Glendale, NY",34389,40.70149,-73.8868
5773304,"Cottonwood Heights","UT","Cottonwood Heights, UT",34343,40.61967,-111.81021
4624180,"Gallatin","TN","Gallatin, TN",34334,36.38838,-86.44666
4328010,"Houma","LA","Houma, LA",34287,29.59577,-90.71953
5389213,"Rubidoux","CA","Rubidoux, CA",34280,33.99613,-117.4056
5150792,"Collinwood","OH","Collinwood, OH",34220,41.55838,-81.56929
4832038,"Glendale Heights","IL","Glendale Heights, IL",34208,41.9146,-88.06486
5642934,"Butte","MT","Butte, MT",34190,46.00382,-112.53474
5341483,"Dana Point","CA","Dana Point, CA",34181,33.46697,-117.69811
4101241,"Benton","AR","Benton, AR",34177,34.56454,-92.58683
4095415,"Vestavia Hills","AL","Vestavia Hills, AL",34174,33.44872,-86.78777
5364059,"La Presa","CA","La Presa, CA",34169,32.70811,-116.99725
4776970,"Oakton","VA","Oakton, VA",34166,38.88095,-77.30082
4557137,"Chester","PA","Chester, PA",34092,39.84967,-75.35707
5804127,"Mount Vernon","WA","Mount Vernon, WA",34053,48.42122,-122.33405
4489985,"Salisbury","NC","Salisbury, NC",34017,35.67097,-80.47423
4170174,"Riviera Beach","FL","Riviera Beach, FL",34005,26.77534,-80.0581
5379566,"Orangevale","CA","Orangevale, CA",33960,38.67851,-121.22578
4904996,"Oswego","IL","Oswego, IL",33955,41.68281,-88.35146
5293996,"El Mirage","AZ","El Mirage, AZ",33935,33.61309,-112.3246
5815538,"West Lake Sammamish","WA","West Lake Sammamish, WA",33929,47.5776,-122.10123
4932869,"Chelmsford","MA","Chelmsford, MA",33925,42.59981,-71.36728
4985180,"Bay City","MI","Bay City, MI",33917,43.59447,-83.88886
4713735,"Nacogdoches","TX","Nacogdoches, TX",33894,31.60351,-94.65549
4950898,"Shrewsbury","MA","Shrewsbury, MA",33893,42.29593,-71.71285
5739936,"McMinnville","OR","McMinnville, OR",33892,45.21012,-123.19872
4190581,"Dalton","GA","Dalton, GA",33853,34.7698,-84.97022
4364537,"Olney","MD","Olney, MD",33844,39.15316,-77.06692
5223681,"North Providence","RI","North Providence, RI",33835,41.8501,-71.46617
4143861,"Newark","DE","Newark, DE",33817,39.68372,-75.74966
8097131,"Oak Hill","VA","Oak Hill, VA",33811,38.9258,-77.40156
4685737,"Deer Park","TX","Deer Park, TX",33806,29.70523,-95.12382
4996248,"Holland","MI","Holland, MI",33742,42.78752,-86.10893
5140945,"Throgs Neck","NY","Throgs Neck, NY",33683,40.8226,-73.81958
4904056,"Northbrook","IL","Northbrook, IL",33663,42.12753,-87.82895
5157588,"Hilliard","OH","Hilliard, OH",33649,40.0334,-83.15825
5815342,"Wenatchee","WA","Wenatchee, WA",33636,47.42346,-120.31035
5062458,"West Fargo","ND","West Fargo, ND",33597,46.87497,-96.90036
5097773,"Fair Lawn","NJ","Fair Lawn, NJ",33597,40.94038,-74.13181
4203696,"Kennesaw","GA","Kennesaw, GA",33584,34.02343,-84.61549
5128481,"New City","NY","New City, NY",33559,41.1476,-73.98931
5125086,"Long Beach","NY","Long Beach, NY",33550,40.58844,-73.65791
4305974,"Richmond","KY","Richmond, KY",33533,37.74786,-84.29465
7259061,"Suitland-Silver Hill","MD","Suitland-Silver Hill, MD",33515,38.84685,-76.92591
4351383,"Chillum","MD","Chillum, MD",33513,38.96372,-76.99081
5350159,"Foster City","CA","Foster City, CA",33477,37.55855,-122.27108
4511263,"Fairborn","OH","Fairborn, OH",33452,39.82089,-84.01938
5372223,"Menlo Park","CA","Menlo Park, CA",33449,37.45383,-122.18219
5365603,"Lawndale","CA","Lawndale, CA",33430,33.88724,-118.35257
4200671,"Hinesville","GA","Hinesville, GA",33398,31.84688,-81.59595
4740328,"Waxahachie","TX","Waxahachie, TX",33384,32.38653,-96.84833
7259034,"St. Charles","MD","St. Charles, MD",33379,38.60728,-76.92478
4917089,"Woodridge","IL","Woodridge, IL",33370,41.74697,-88.05034
4150115,"Carrollwood","FL","Carrollwood, FL",33365,28.05002,-82.49287
4890925,"Elk Grove Village","IL","Elk Grove Village, IL",33238,42.00392,-87.97035
4905599,"Pekin","IL","Pekin, IL",33223,40.56754,-89.64066
5530932,"Socorro","TX","Socorro, TX",33222,31.65456,-106.30331
5116508,"Elmont","NY","Elmont, NY",33198,40.70094,-73.71291
5322400,"Adelanto","CA","Adelanto, CA",33166,34.58277,-117.40922
5783695,"Tooele","UT","Tooele, UT",33157,40.53078,-112.29828
4156931,"Golden Glades","FL","Golden Glades, FL",33145,25.91176,-80.20033
4332628,"Marrero","LA","Marrero, LA",33141,29.89937,-90.10035
4997384,"Jackson","MI","Jackson, MI",33133,42.24587,-84.40135
5349803,"Foothill Farms","CA","Foothill Farms, CA",33121,38.67877,-121.35114
5421250,"Englewood","CO","Englewood, CO",33082,39.64777,-104.98776
4683244,"Copperas Cove","TX","Copperas Cove, TX",33081,31.12406,-97.90308
5108111,"Bath Beach","NY","Bath Beach, NY",33080,40.60455,-74.00431
5121650,"Huntington Station","NY","Huntington Station, NY",33029,40.85343,-73.41151
5394136,"Seaside","CA","Seaside, CA",33025,36.61107,-121.85162
5071348,"Kearney","NE","Kearney, NE",33021,40.69946,-99.08148
4218165,"Redan","GA","Redan, GA",33015,33.74538,-84.13158
5261585,"Manitowoc","WI","Manitowoc, WI",33010,44.08861,-87.65758
4920808,"Goshen","IN","Goshen, IN",32983,41.58227,-85.83444
4908737,"Saint Charles","IL","Saint Charles, IL",32974,41.91419,-88.30869
4157467,"Greenacres City","FL","Greenacres City, FL",32963,26.62368,-80.12532
4368711,"Salisbury","MD","Salisbury, MD",32899,38.36067,-75.59937
4191955,"Douglasville","GA","Douglasville, GA",32897,33.7515,-84.74771
7262349,"Security-Widefield","CO","Security-Widefield, CO",32882,38.74728,-104.71439
5814450,"University Place","WA","University Place, WA",32842,47.23565,-122.5504
5807540,"Pullman","WA","Pullman, WA",32816,46.73127,-117.17962
5554072,"Juneau","AK","Juneau, AK",32756,58.30194,-134.41972
5202215,"Mount Lebanon","PA","Mount Lebanon, PA",32730,40.35535,-80.0495
4829762,"Alabaster","AL","Alabaster, AL",32707,33.24428,-86.81638
4690198,"Farmers Branch","TX","Farmers Branch, TX",32689,32.92651,-96.89612
5378870,"Oildale","CA","Oildale, CA",32684,35.41968,-119.01955
5364134,"La Verne","CA","La Verne, CA",32681,34.10084,-117.76784
4517698,"Mason","OH","Mason, OH",32662,39.36006,-84.30994
4991735,"Eastpointe","MI","Eastpointe, MI",32657,42.46837,-82.95547
5826027,"Gillette","WY","Gillette, WY",32649,44.29109,-105.50222
4927537,"Valparaiso","IN","Valparaiso, IN",32626,41.47309,-87.06114
5778244,"Midvale","UT","Midvale, UT",32613,40.61106,-111.89994
5139301,"Spring Valley","NY","Spring Valley, NY",32598,41.11315,-74.04375
5134295,"Rome","NY","Rome, NY",32573,43.21285,-75.45573
5598538,"Lewiston","ID","Lewiston, ID",32544,46.41655,-117.01766
5164903,"North Ridgeville","OH","North Ridgeville, OH",32483,41.38949,-82.01903
4778626,"Petersburg","VA","Petersburg, VA",32477,37.22793,-77.40193
5427207,"Ken Caryl","CO","Ken Caryl, CO",32438,39.57582,-105.11221
4366476,"Randallstown","MD","Randallstown, MD",32430,39.36733,-76.79525
5176517,"Westlake","OH","Westlake, OH",32428,41.45532,-81.91792
4957280,"Bangor","ME","Bangor, ME",32391,44.80118,-68.77781
4151352,"Clermont","FL","Clermont, FL",32390,28.54944,-81.77285
5275020,"Sun Prairie","WI","Sun Prairie, WI",32365,43.1836,-89.21373
4292686,"Georgetown","KY","Georgetown, KY",32356,38.2098,-84.55883
5861897,"Fairbanks","AK","Fairbanks, AK",32325,64.83778,-147.71639
4351977,"College Park","MD","College Park, MD",32301,38.98067,-76.93692
5781993,"Springville","UT","Springville, UT",32286,40.16523,-111.61075
4944994,"Natick","MA","Natick, MA",32276,42.28343,-71.3495
5162097,"Massillon","OH","Massillon, OH",32252,40.79672,-81.52151
5814916,"Walla Walla","WA","Walla Walla, WA",32237,46.06458,-118.34302
4291945,"Florence","KY","Florence, KY",32227,38.99895,-84.62661
5016374,"Andover","MN","Andover, MN",32213,45.2333,-93.29134
4295251,"Hopkinsville","KY","Hopkinsville, KY",32205,36.86561,-87.49117
5830062,"Laramie","WY","Laramie, WY",32158,41.31137,-105.5911
4428475,"Greenville","MS","Greenville, MS",32156,33.40898,-91.05978
5180199,"Bethel Park","PA","Bethel Park, PA",32118,40.32757,-80.0395
4615145,"Cookeville","TN","Cookeville, TN",32113,36.16284,-85.50164
4948403,"Randolph","MA","Randolph, MA",32112,42.1626,-71.04116
5129603,"Oceanside","NY","Oceanside, NY",32109,40.63871,-73.64013
4889426,"Danville","IL","Danville, IL",32108,40.12448,-87.63002
4362743,"Montgomery Village","MD","Montgomery Village, MD",32032,39.17677,-77.19526
5164862,"North Olmsted","OH","North Olmsted, OH",32004,41.4156,-81.92347
4161534,"Land O' Lakes","FL","Land O' Lakes, FL",31996,28.2189,-82.45759
4170005,"Richmond West","FL","Richmond West, FL",31973,25.6105,-80.42971
4954611,"Watertown","MA","Watertown, MA",31915,42.37093,-71.18283
4835003,"Glastonbury","CT","Glastonbury, CT",31876,41.71232,-72.60815
5408431,"Westmont","CA","Westmont, CA",31853,33.9414,-118.3023
5098343,"Garfield","NJ","Garfield, NJ",31802,40.88149,-74.1132
5364306,"Laguna Hills","CA","Laguna Hills, CA",31748,33.61252,-117.71283
5278422,"West Bend","WI","West Bend, WI",31695,43.42528,-88.18343
5106453,"Willingboro","NJ","Willingboro, NJ",31668,40.02789,-74.86905
4903184,"Mundelein","IL","Mundelein, IL",31582,42.26308,-88.00397
5112035,"Centereach","NY","Centereach, NY",31578,40.85843,-73.09955
4643336,"Mount Juliet","TN","Mount Juliet, TN",31540,36.20005,-86.51861
4839222,"Naugatuck","CT","Naugatuck, CT",31538,41.48593,-73.05066
5312913,"San Luis","AZ","San Luis, AZ",31520,32.487,-114.78218
5110161,"Brighton Beach","NY","Brighton Beach, NY",31462,40.57788,-73.95958
4923531,"Michigan City","IN","Michigan City, IN",31459,41.70754,-86.89503
4152772,"Dania Beach","FL","Dania Beach, FL",31446,26.05231,-80.14393
5598542,"Lewiston Orchards","ID","Lewiston Orchards, ID",31422,46.38044,-116.97543
4941935,"Lexington","MA","Lexington, MA",31394,42.44732,-71.2245
4165637,"Navarre","FL","Navarre, FL",31378,30.40159,-86.86357
4471641,"Holly Springs","NC","Holly Springs, NC",31377,35.65127,-78.83362
4551177,"Shawnee","OK","Shawnee, OK",31286,35.32729,-96.9253
4893392,"Galesburg","IL","Galesburg, IL",31273,40.94782,-90.37124
5147968,"Bowling Green","OH","Bowling Green, OH",31246,41.37477,-83.65132
5792244,"Des Moines","WA","Des Moines, WA",31221,47.40177,-122.32429
5443948,"Wheat Ridge","CO","Wheat Ridge, CO",31192,39.7661,-105.07721
5294902,"Florence","AZ","Florence, AZ",31110,33.03145,-111.38734
4894861,"Gurnee","IL","Gurnee, IL",31056,42.3703,-87.90202
4588718,"Myrtle Beach","SC","Myrtle Beach, SC",31035,33.68906,-78.88669
4817641,"Parkersburg","WV","Parkersburg, WV",30991,39.26674,-81.56151
4164186,"Miami Lakes","FL","Miami Lakes, FL",30972,25.90871,-80.30866
5393485,"Saratoga","CA","Saratoga, CA",30968,37.26383,-122.02301
4154008,"East Lake","FL","East Lake, FL",30962,28.11085,-82.69482
5326032,"Banning","CA","Banning, CA",30945,33.92557,-116.87641
5352963,"Goleta","CA","Goleta, CA",30944,34.43583,-119.82764
4161461,"Lakeside","FL","Lakeside, FL",30943,30.12996,-81.76815
5100619,"Long Branch","NJ","Long Branch, NJ",30941,40.30428,-73.99236
5347287,"Fair Oaks","CA","Fair Oaks, CA",30912,38.64463,-121.27217
5218270,"Wayne","PA","Wayne, PA",30892,40.044,-75.38769
5800317,"Lake Stevens","WA","Lake Stevens, WA",30886,48.0151,-122.06374
5085520,"Dover","NH","Dover, NH",30880,43.19786,-70.87367
5207490,"Radnor","PA","Radnor, PA",30878,40.04622,-75.35991
5776008,"Holladay","UT","Holladay, UT",30864,40.66884,-111.82466
5775782,"Herriman","UT","Herriman, UT",30835,40.51411,-112.03299
8436572,"South Kingstown","RI","South Kingstown, RI",30826,41.44718,-71.52494
4154568,"Estero","FL","Estero, FL",30799,26.43814,-81.80675
5122432,"Ithaca","NY","Ithaca, NY",30788,42.44063,-76.49661
5129245,"North Tonawanda","NY","North Tonawanda, NY",30785,43.03867,-78.8642
5019330,"Brooklyn Center","MN","Brooklyn Center, MN",30770,45.07608,-93.33273
4365387,"Pikesville","MD","Pikesville, MD",30764,39.37427,-76.72247
4334971,"New Iberia","LA","New Iberia, LA",30754,30.00354,-91.81873
5454627,"Alamogordo","NM","Alamogordo, NM",30753,32.89953,-105.96027
4364946,"Parkville","MD","Parkville, MD",30734,39.37733,-76.53969
4224413,"Statesboro","GA","Statesboro, GA",30721,32.44879,-81.78317
4815352,"Morgantown","WV","Morgantown, WV",30708,39.62953,-79.9559
5368518,"Los Gatos","CA","Los Gatos, CA",30705,37.22661,-121.97468
4478334,"Matthews","NC","Matthews, NC",30678,35.11681,-80.72368
5368335,"Los Altos","CA","Los Altos, CA",30671,37.38522,-122.11413
5772959,"Clearfield","UT","Clearfield, UT",30653,41.11078,-112.02605
4937276,"Franklin","MA","Franklin, MA",30636,42.08343,-71.39673
4364727,"Owings Mills","MD","Owings Mills, MD",30622,39.41955,-76.78025
4569067,"Aiken","SC","Aiken, SC",30604,33.56042,-81.71955
4263108,"Plainfield","IN","Plainfield, IN",30590,39.70421,-86.39944
5656882,"Helena","MT","Helena, MT",30581,46.59271,-112.03611
4375663,"Ballwin","MO","Ballwin, MO",30577,38.59505,-90.54623
4838174,"Manchester","CT","Manchester, CT",30577,41.77593,-72.52148
4883078,"Algonquin","IL","Algonquin, IL",30571,42.16558,-88.29425
7257991,"Bel Air North","MD","Bel Air North, MD",30568,39.55429,-76.37309
4839497,"Newington","CT","Newington, CT",30562,41.69788,-72.72371
5106331,"Westfield","NJ","Westfield, NJ",30548,40.65899,-74.34737
5393245,"Santa Paula","CA","Santa Paula, CA",30546,34.35417,-119.05927
5347578,"Fallbrook","CA","Fallbrook, CA",30534,33.37642,-117.25115
4354163,"Eldersburg","MD","Eldersburg, MD",30531,39.40371,-76.95026
4828193,"Sherwood","AR","Sherwood, AR",30517,34.81509,-92.22432
5139287,"Springfield Gardens","NY","Springfield Gardens, NY",30515,40.66312,-73.76221
4205196,"Lawrenceville","GA","Lawrenceville, GA",30493,33.95621,-83.98796
4787117,"Springfield","VA","Springfield, VA",30484,38.78928,-77.1872
5776715,"Kaysville","UT","Kaysville, UT",30472,41.03522,-111.93855
4920869,"Granger","IN","Granger, IN",30465,41.75338,-86.11084
5331920,"Burlingame","CA","Burlingame, CA",30459,37.5841,-122.36608
5604353,"Post Falls","ID","Post Falls, ID",30453,47.71796,-116.95159
4395052,"Liberty","MO","Liberty, MO",30450,39.24611,-94.41912
5392508,"San Pablo","CA","San Pablo, CA",30407,37.96215,-122.34553
5046063,"Savage","MN","Savage, MN",30391,44.77913,-93.33634
5132143,"Poughkeepsie","NY","Poughkeepsie, NY",30371,41.70037,-73.92097
4133367,"Texarkana","AR","Texarkana, AR",30353,33.44179,-94.03769
5164916,"North Royalton","OH","North Royalton, OH",30311,41.31366,-81.72457
4887442,"Chicago Heights","IL","Chicago Heights, IL",30284,41.50615,-87.6356
4636045,"Lebanon","TN","Lebanon, TN",30262,36.20811,-86.2911
5406976,"Walnut","CA","Walnut, CA",30237,34.02029,-117.86534
5000500,"Madison Heights","MI","Madison Heights, MI",30198,42.48587,-83.1052
4152890,"DeLand","FL","DeLand, FL",30195,29.02832,-81.30312
5536630,"Cedar City","UT","Cedar City, UT",30184,37.67748,-113.06189
4167829,"Parkland","FL","Parkland, FL",30177,26.31008,-80.23727
5225627,"West Warwick","RI","West Warwick, RI",30146,41.69689,-71.52194
5122534,"Jamestown","NY","Jamestown, NY",30075,42.097,-79.23533
4481682,"New Bern","NC","New Bern, NC",30070,35.10849,-77.04411
5091872,"Rochester","NH","Rochester, NH",30038,43.30453,-70.97562
4681976,"Cleburne","TX","Cleburne, TX",30020,32.34764,-97.38668
4178560,"Winter Park","FL","Winter Park, FL",29943,28.6,-81.33924
4350413,"Carney","MD","Carney, MD",29941,39.39427,-76.52358
4733313,"Southlake","TX","Southlake, TX",29941,32.94124,-97.13418
5391760,"San Carlos","CA","San Carlos, CA",29931,37.50716,-122.26052
4231874,"Woodstock","GA","Woodstock, GA",29898,34.10149,-84.51938
7261759,"East Hill-Meridian","WA","East Hill-Meridian, WA",29878,47.41052,-122.17369
4903730,"Niles","IL","Niles, IL",29876,42.01892,-87.80284
4330525,"Laplace","LA","Laplace, LA",29872,30.06698,-90.48147
4177965,"Westchester","FL","Westchester, FL",29862,25.75482,-80.32727
5325111,"Atascadero","CA","Atascadero, CA",29819,35.48942,-120.67073
5159537,"Kent","OH","Kent, OH",29810,41.15367,-81.35789
4937829,"Gloucester","MA","Gloucester, MA",29781,42.61405,-70.66313
4302561,"Nicholasville","KY","Nicholasville, KY",29754,37.88063,-84.573
5004188,"Oak Park","MI","Oak Park, MI",29752,42.45948,-83.18271
4895876,"Highland Park","IL","Highland Park, IL",29743,42.18169,-87.80034
4290988,"Elizabethtown","KY","Elizabethtown, KY",29678,37.69395,-85.85913
5146256,"Austintown","OH","Austintown, OH",29677,41.10172,-80.76452
5345032,"East Palo Alto","CA","East Palo Alto, CA",29662,37.46883,-122.14108
4369964,"South Gate","MD","South Gate, MD",29658,39.129,-76.6258
5435477,"Pueblo West","CO","Pueblo West, CO",29637,38.35,-104.72275
5132002,"Port Chester","NY","Port Chester, NY",29620,41.00176,-73.66568
5102922,"Princeton","NJ","Princeton, NJ",29603,40.34872,-74.65905
7261291,"Fort Hood","TX","Fort Hood, TX",29589,31.13489,-97.77561
4204230,"LaGrange","GA","LaGrange, GA",29588,33.03929,-85.03133
5092268,"Salem","NH","Salem, NH",29549,42.78842,-71.20089
4081644,"Opelika","AL","Opelika, AL",29527,32.64541,-85.37828
5103055,"Rahway","NJ","Rahway, NJ",29508,40.60816,-74.27765
4903862,"North Chicago","IL","North Chicago, IL",29491,42.32558,-87.84118
5126827,"Middle Village","NY","Middle Village, NY",29491,40.71649,-73.88125
4642938,"Morristown","TN","Morristown, TN",29478,36.21398,-83.29489
5283837,"Cheshire","CT","Cheshire, CT",29443,41.49899,-72.90066
5283054,"Branford","CT","Branford, CT",29438,41.27954,-72.8151
4405188,"Raytown","MO","Raytown, MO",29401,39.00862,-94.46356
4156331,"Fruit Cove","FL","Fruit Cove, FL",29362,30.11107,-81.64176
5006233,"Port Huron","MI","Port Huron, MI",29330,42.97086,-82.42491
4952762,"Tewksbury","MA","Tewksbury, MA",29326,42.61065,-71.23422
5117891,"Franklin Square","NY","Franklin Square, NY",29320,40.70732,-73.67596
4646571,"Oak Ridge","TN","Oak Ridge, TN",29302,36.01036,-84.26964
5010646,"Southgate","MI","Southgate, MI",29293,42.21393,-83.19381
4833425,"East Haven","CT","East Haven, CT",29257,41.27621,-72.86843
4251841,"Upper Alton","IL","Upper Alton, IL",29251,38.91144,-90.15066
8604682,"Johnston","RI","Johnston, RI",29247,41.82186,-71.50675
5325187,"Atwater","CA","Atwater, CA",29237,37.34772,-120.60908
7258780,"West Falls Church","VA","West Falls Church, VA",29207,38.86484,-77.18787
5219585,"Williamsport","PA","Williamsport, PA",29201,41.24119,-77.00108
4192289,"Duluth","GA","Duluth, GA",29193,34.00288,-84.14464
6941080,"Fort Bragg","NC","Fort Bragg, NC",29183,35.139,-79.00603
4129397,"Russellville","AR","Russellville, AR",29166,35.27842,-93.13379
4490329,"Sanford","NC","Sanford, NC",29144,35.47988,-79.1803
4696202,"Harker Heights","TX","Harker Heights, TX",29142,31.08351,-97.65974
5105860,"Voorhees","NJ","Voorhees, NJ",29131,40.48122,-74.48321
4885983,"Burbank","IL","Burbank, IL",29128,41.73392,-87.7795
4923210,"Marion","IN","Marion, IN",29081,40.55837,-85.65914
4239714,"Granite City","IL","Granite City, IL",29054,38.70144,-90.14872
4362438,"Milford Mill","MD","Milford Mill, MD",29042,39.34788,-76.76997
4899184,"Lake in the Hills","IL","Lake in the Hills, IL",29024,42.18169,-88.33036
4193699,"Evans","GA","Evans, GA",29011,33.53375,-82.13067
4245926,"O'Fallon","IL","O'Fallon, IL",29002,38.59227,-89.91121
5117663,"Fort Hamilton","NY","Fort Hamilton, NY",28966,40.61872,-74.0332
5460459,"Carlsbad","NM","Carlsbad, NM",28957,32.42067,-104.22884
4155017,"Ferry Pass","FL","Ferry Pass, FL",28921,30.5102,-87.21247
5301067,"Kingman","AZ","Kingman, AZ",28912,35.18944,-114.05301
5379609,"Orcutt","CA","Orcutt, CA",28905,34.86526,-120.436
4294494,"Henderson","KY","Henderson, KY",28890,37.83615,-87.59001
4945055,"Needham","MA","Needham, MA",28886,42.28343,-71.23283
4919451,"Crown Point","IN","Crown Point, IN",28879,41.41698,-87.36531
5517061,"Big Spring","TX","Big Spring, TX",28862,32.2504,-101.47874
4935038,"Dracut","MA","Dracut, MA",28831,42.67037,-71.30201
4926170,"Schererville","IN","Schererville, IN",28791,41.47892,-87.45476
4987482,"Burton","MI","Burton, MI",28788,42.99947,-83.61634
5387494,"Ridgecrest","CA","Ridgecrest, CA",28780,35.62246,-117.6709
4845920,"Windsor","CT","Windsor, CT",28778,41.8526,-72.6437
5520677,"Eagle Pass","TX","Eagle Pass, TX",28765,28.70914,-100.49952
4928788,"Agawam","MA","Agawam, MA",28761,42.06954,-72.61481
4740364,"Weatherford","TX","Weatherford, TX",28742,32.7593,-97.79725
4373104,"West Elkridge","MD","West Elkridge, MD",28734,39.20705,-76.72692
4919857,"East Chicago","IN","East Chicago, IN",28699,41.6392,-87.45476
5747882,"Redmond","OR","Redmond, OR",28654,44.27262,-121.17392
4116315,"Jacksonville","AR","Jacksonville, AR",28643,34.8662,-92.11015
5530937,"Socorro Mission Number 1 Colonia","TX","Socorro Mission Number 1 Colonia, TX",28637,31.63622,-106.29054
4945952,"Norwood","MA","Norwood, MA",28602,42.19454,-71.1995
4945819,"Northampton","MA","Northampton, MA",28540,42.32509,-72.6412
5097672,"Englewood","NJ","Englewood, NJ",28539,40.89288,-73.97264
4161313,"Lake Magdalene","FL","Lake Magdalene, FL",28509,28.07418,-82.47176
4365227,"Perry Hall","MD","Perry Hall, MD",28474,39.41261,-76.46357
4639848,"Maryville","TN","Maryville, TN",28464,35.75647,-83.97046
4921476,"Hobart","IN","Hobart, IN",28404,41.53226,-87.25504
5118005,"Fresh Meadows","NY","Fresh Meadows, NY",28397,40.73482,-73.79347
4397962,"Mehlville","MO","Mehlville, MO",28380,38.50839,-90.32289
4580599,"Greer","SC","Greer, SC",28365,34.93873,-82.22706
4899340,"Lansing","IL","Lansing, IL",28349,41.56476,-87.53893
5120095,"Harrison","NY","Harrison, NY",28348,40.96899,-73.71263
5374361,"Monterey","CA","Monterey, CA",28338,36.60024,-121.89468
5143866,"West Islip","NY","West Islip, NY",28335,40.70621,-73.30623
5342710,"Desert Hot Springs","CA","Desert Hot Springs, CA",28335,33.96173,-116.50353
5844096,"American Fork","UT","American Fork, UT",28326,40.3769,-111.79576
4319435,"Central","LA","Central, LA",28295,30.55435,-91.03677
5128654,"Newburgh","NY","Newburgh, NY",28290,41.50343,-74.01042
4187204,"Chamblee","GA","Chamblee, GA",28244,33.89205,-84.29881
4503078,"Millville","NJ","Millville, NJ",28230,39.40206,-75.03934
4832272,"North Andover","MA","North Andover, MA",28222,42.6987,-71.13506
5809805,"SeaTac","WA","SeaTac, WA",28215,47.44846,-122.29217
5116497,"Elmira","NY","Elmira, NY",28213,42.0898,-76.80773
5398277,"Spring Valley","CA","Spring Valley, CA",28205,32.74477,-116.99892
4224681,"Stockbridge","GA","Stockbridge, GA",28202,33.54428,-84.23381
4893811,"Glen Ellyn","IL","Glen Ellyn, IL",28201,41.87753,-88.06701
5201734,"Monroeville","PA","Monroeville, PA",28176,40.42118,-79.7881
5327550,"Benicia","CA","Benicia, CA",28167,38.04937,-122.15858
4760059,"Fredericksburg","VA","Fredericksburg, VA",28118,38.30318,-77.46054
5399629,"Suisun","CA","Suisun, CA",28111,38.23825,-122.04024
5225857,"Aberdeen","SD","Aberdeen, SD",28102,45.4647,-98.48648
8643098,"Cranberry Township","PA","Cranberry Township, PA",28098,40.68496,-80.10714
5155499,"Garfield Heights","OH","Garfield Heights, OH",28097,41.417,-81.60596
4911863,"South Chicago","IL","South Chicago, IL",28095,41.73977,-87.55425
4461941,"Cornelius","NC","Cornelius, NC",28092,35.4868,-80.86007
5039978,"Oakdale","MN","Oakdale, MN",28080,44.96302,-92.96494
4904286,"Oak Forest","IL","Oak Forest, IL",28074,41.60281,-87.74394
4467657,"Garner","NC","Garner, NC",28053,35.71126,-78.61417
4557606,"Drexel Hill","PA","Drexel Hill, PA",28043,39.94706,-75.29213
5223672,"North Kingstown","RI","North Kingstown, RI",28042,41.5501,-71.46617
4101114,"Bella Vista","AR","Bella Vista, AR",27999,36.4807,-94.27134
4943677,"Melrose","MA","Melrose, MA",27997,42.45843,-71.06616
5253219,"Fitchburg","WI","Fitchburg, WI",27996,42.96083,-89.46984
4954738,"Wellesley","MA","Wellesley, MA",27982,42.29649,-71.29256
4060791,"Enterprise","AL","Enterprise, AL",27978,31.31517,-85.85522
5515345,"Winchester","NV","Winchester, NV",27978,36.12997,-115.11889
4341727,"Slidell","LA","Slidell, LA",27942,30.27519,-89.78117
5141963,"University Heights","NY","University Heights, NY",27935,40.8601,-73.9093
4955089,"West Springfield","MA","West Springfield, MA",27912,42.10704,-72.62037
5445298,"Dodge City","KS","Dodge City, KS",27912,37.7528,-100.01708
4125388,"Paragould","AR","Paragould, AR",27900,36.0584,-90.49733
5371261,"Maywood","CA","Maywood, CA",27888,33.98668,-118.18535
4727756,"Seguin","TX","Seguin, TX",27864,29.56884,-97.96473
5138022,"Shirley","NY","Shirley, NY",27854,40.80149,-72.8676
5100572,"Livingston","NJ","Livingston, NJ",27853,40.79593,-74.31487
4908237,"Round Lake Beach","IL","Round Lake Beach, IL",27852,42.37169,-88.09008
4292188,"Frankfort","KY","Frankfort, KY",27830,38.20091,-84.87328
4787534,"Sterling","VA","Sterling, VA",27822,39.00622,-77.4286
5126842,"Middletown","NY","Middletown, NY",27812,41.44593,-74.42293
5422191,"Fountain","CO","Fountain, CO",27767,38.68222,-104.70081
5136334,"Saratoga Springs","NY","Saratoga Springs, NY",27765,43.08313,-73.78457
4393739,"Kirkwood","MO","Kirkwood, MO",27750,38.58339,-90.40678
5293183,"Drexel Heights","AZ","Drexel Heights, AZ",27749,32.14119,-111.02843
5114731,"Deer Park","NY","Deer Park, NY",27745,40.76177,-73.32929
5427771,"Lafayette","CO","Lafayette, CO",27729,39.9936,-105.08971
5027482,"Fridley","MN","Fridley, MN",27713,45.08608,-93.26328
4982720,"West Scarborough","ME","West Scarborough, ME",27706,43.57036,-70.38783
5133279,"Queensbury","NY","Queensbury, NY",27703,43.37729,-73.61317
5605242,"Rexburg","ID","Rexburg, ID",27663,43.82602,-111.78969
5280854,"Wheeling","WV","Wheeling, WV",27648,40.06396,-80.72091
5171728,"Shaker Heights","OH","Shaker Heights, OH",27646,41.47394,-81.53707
5851030,"Mililani Town","HI","Mililani Town, HI",27629,21.4504,-158.01503
5095611,"Bergenfield","NJ","Bergenfield, NJ",27621,40.9276,-73.99736
4866371,"Marshalltown","IA","Marshalltown, IA",27620,42.04943,-92.90798
4227213,"Tucker","GA","Tucker, GA",27581,33.85455,-84.21714
5102076,"Nutley","NJ","Nutley, NJ",27572,40.82232,-74.15987
4704628,"Lake Jackson","TX","Lake Jackson, TX",27533,29.03386,-95.43439
5206606,"Plum","PA","Plum, PA",27505,40.50035,-79.74949
5410004,"Windsor","CA","Windsor, CA",27464,38.54713,-122.81638
4915963,"West Chicago","IL","West Chicago, IL",27447,41.88475,-88.20396
4984016,"Allen Park","MI","Allen Park, MI",27425,42.25754,-83.21104
4916732,"Wilmette","IL","Wilmette, IL",27413,42.07225,-87.72284
5359054,"Imperial Beach","CA","Imperial Beach, CA",27408,32.58394,-117.11308
5118626,"Glen Cove","NY","Glen Cove, NY",27400,40.86232,-73.63374
5782391,"Syracuse","UT","Syracuse, UT",27395,41.08939,-112.06467
4397340,"Maryland Heights","MO","Maryland Heights, MO",27389,38.71311,-90.42984
4866445,"Mason City","IA","Mason City, IA",27366,43.15357,-93.20104
4352539,"Crofton","MD","Crofton, MD",27348,39.00178,-76.68747
4569298,"Anderson","SC","Anderson, SC",27335,34.50344,-82.65013
5774215,"Eagle Mountain","UT","Eagle Mountain, UT",27332,40.31412,-112.00688
5113302,"College Point","NY","College Point, NY",27307,40.7876,-73.84597
4794120,"Winchester","VA","Winchester, VA",27284,39.18566,-78.16333
5124497,"Lindenhurst","NY","Lindenhurst, NY",27277,40.68677,-73.37345
5811581,"Spanaway","WA","Spanaway, WA",27227,47.10399,-122.43457
5327455,"Belmont","CA","Belmont, CA",27218,37.52021,-122.2758
5121666,"Hunts Point","NY","Hunts Point, NY",27204,40.8126,-73.88402
5120987,"Holbrook","NY","Holbrook, NY",27195,40.81232,-73.07844
4839416,"New London","CT","New London, CT",27179,41.35565,-72.09952
5381438,"Paso Robles","CA","Paso Robles, CA",27157,35.62664,-120.691
5757506,"Tualatin","OR","Tualatin, OR",27154,45.38401,-122.76399
4155594,"Fleming Island","FL","Fleming Island, FL",27126,30.0933,-81.71898
5053156,"Winona","MN","Winona, MN",27094,44.04996,-91.63932
4494942,"Thomasville","NC","Thomasville, NC",27061,35.88264,-80.08199
4150190,"Casselberry","FL","Casselberry, FL",27056,28.67778,-81.32785
5563397,"Eureka","CA","Eureka, CA",27017,40.80207,-124.16367
4237579,"East Saint Louis","IL","East Saint Louis, IL",27006,38.6245,-90.15094
5445439,"Garden City","KS","Garden City, KS",27005,37.97169,-100.87266
4232679,"Alton","IL","Alton, IL",27003,38.8906,-90.18428
4944193,"Milton","MA","Milton, MA",27003,42.24954,-71.06616
4176217,"University Park","FL","University Park, FL",26995,25.74649,-80.36755
5107505,"Auburn","NY","Auburn, NY",26985,42.93173,-76.56605
5692947,"Williston","ND","Williston, ND",26977,48.14697,-103.61797
5102387,"Paramus","NJ","Paramus, NJ",26974,40.94454,-74.07542
5178800,"Back Mountain","PA","Back Mountain, PA",26973,41.33591,-75.99631
5106279,"West Milford","NJ","West Milford, NJ",26968,41.13121,-74.36737
4296218,"Jeffersontown","KY","Jeffersontown, KY",26946,38.19424,-85.5644
4993659,"Garden City","MI","Garden City, MI",26920,42.32559,-83.33104
4430400,"Horn Lake","MS","Horn Lake, MS",26915,34.95537,-90.03481
4952206,"Stoughton","MA","Stoughton, MA",26915,42.1251,-71.10227
5188140,"Easton","PA","Easton, PA",26915,40.68843,-75.22073
4338012,"Prairieville","LA","Prairieville, LA",26895,30.30297,-90.97205
5115107,"Dix Hills","NY","Dix Hills, NY",26892,40.80482,-73.33623
4387990,"Gladstone","MO","Gladstone, MO",26861,39.20389,-94.55468
4152574,"Cutler Ridge","FL","Cutler Ridge, FL",26831,25.58066,-80.34672
4295776,"Independence","KY","Independence, KY",26819,38.94312,-84.54411
5143396,"Watertown","NY","Watertown, NY",26780,43.97478,-75.91076
5177358,"Wooster","OH","Wooster, OH",26749,40.80517,-81.93646
4048023,"Bessemer","AL","Bessemer, AL",26730,33.40178,-86.95444
5089478,"Merrimack","NH","Merrimack, NH",26726,42.86509,-71.4934
5365893,"Lemon Grove","CA","Lemon Grove, CA",26709,32.74255,-117.03142
4898182,"Kankakee","IL","Kankakee, IL",26676,41.12003,-87.86115
4845612,"Wethersfield","CT","Wethersfield, CT",26668,41.71427,-72.65259
4608657,"Bristol","TN","Bristol, TN",26666,36.59511,-82.18874
4901663,"McHenry","IL","McHenry, IL",26657,42.33335,-88.26675
4681462,"Cibolo","TX","Cibolo, TX",26637,29.56162,-98.22696
4950267,"Saugus","MA","Saugus, MA",26628,42.46482,-71.01005
5274644,"Stevens Point","WI","Stevens Point, WI",26604,44.52358,-89.57456
5760009,"West Linn","OR","West Linn, OR",26593,45.36568,-122.61231
5275191,"Superior","WI","Superior, WI",26579,46.72077,-92.10408
4695066,"Greenville","TX","Greenville, TX",26515,33.13845,-96.11081
5777793,"Magna","UT","Magna, UT",26505,40.70911,-112.10161
4884192,"Batavia","IL","Batavia, IL",26495,41.85003,-88.31257
4934500,"Danvers","MA","Danvers, MA",26493,42.57509,-70.93005
5047234,"Shoreview","MN","Shoreview, MN",26477,45.07913,-93.14717
5381002,"Paradise","CA","Paradise, CA",26476,39.75961,-121.62192
5068725,"Fremont","NE","Fremont, NE",26474,41.43333,-96.49808
5138539,"Smithtown","NY","Smithtown, NY",26470,40.85593,-73.20067
4440559,"Pearl","MS","Pearl, MS",26462,32.27459,-90.13203
4838204,"Mansfield City","CT","Mansfield City, CT",26439,41.76593,-72.23369
7258271,"Mercerville-Hamilton Square","NJ","Mercerville-Hamilton Square, NJ",26419,40.23126,-74.67223
5804953,"North Creek","WA","North Creek, WA",26410,47.81954,-122.17624
4235193,"Carbondale","IL","Carbondale, IL",26399,37.72727,-89.21675
4845585,"Westport","CT","Westport, CT",26391,41.14149,-73.3579
5162512,"Medina","OH","Medina, OH",26339,41.13839,-81.86375
5108169,"Bay Shore","NY","Bay Shore, NY",26337,40.7251,-73.24539
5847411,"Kahului","HI","Kahului, HI",26337,20.88953,-156.47432
4914738,"Vernon Hills","IL","Vernon Hills, IL",26314,42.21947,-87.97952
4267336,"Zionsville","IN","Zionsville, IN",26296,39.95087,-86.26194
5377199,"Norco","CA","Norco, CA",26289,33.93113,-117.54866
5550368,"Wasco","CA","Wasco, CA",26279,35.59412,-119.34095
8478941,"Mount Pleasant","WI","Mount Pleasant, WI",26272,42.69743,-87.85577
5295143,"Fortuna Foothills","AZ","Fortuna Foothills, AZ",26265,32.65783,-114.41189
5146491,"Barberton","OH","Barberton, OH",26234,41.01283,-81.60512
4703384,"Kingsville","TX","Kingsville, TX",26225,27.51587,-97.85611
4493316,"Statesville","NC","Statesville, NC",26221,35.78264,-80.8873
5131638,"Plainview","NY","Plainview, NY",26217,40.77649,-73.46735
4360369,"Laurel","MD","Laurel, MD",26215,39.09928,-76.84831
4186416,"Carrollton","GA","Carrollton, GA",26203,33.58011,-85.07661
5397717,"South Pasadena","CA","South Pasadena, CA",26151,34.11612,-118.15035
5121407,"Howard Beach","NY","Howard Beach, NY",26148,40.65788,-73.83625
7259780,"Four Corners","FL","Four Corners, FL",26116,28.33287,-81.64738
4369978,"South Laurel","MD","South Laurel, MD",26112,39.06983,-76.85025
4453035,"Asheboro","NC","Asheboro, NC",26103,35.70791,-79.81364
4149269,"Buenaventura Lakes","FL","Buenaventura Lakes, FL",26079,28.33584,-81.35313
4852022,"Clinton","IA","Clinton, IA",26064,41.84447,-90.18874
5002714,"Mount Pleasant","MI","Mount Pleasant, MI",26060,43.59781,-84.76751
5404198,"Twentynine Palms","CA","Twentynine Palms, CA",26025,34.13556,-116.05417
4896691,"Huntley","IL","Huntley, IL",26005,42.16808,-88.42814
4528810,"Xenia","OH","Xenia, OH",25976,39.68478,-83.92965
4366647,"Reisterstown","MD","Reisterstown, MD",25968,39.46976,-76.8319
5156371,"Green","OH","Green, OH",25898,40.94589,-81.48317
5330567,"Brawley","CA","Brawley, CA",25897,32.97866,-115.53027
4556165,"Yukon","OK","Yukon, OK",25892,35.50672,-97.76254
4993125,"Forest Hills","MI","Forest Hills, MI",25867,42.95947,-85.48975
5364226,"Lafayette","CA","Lafayette, CA",25843,37.88576,-122.11802
5042561,"Ramsey","MN","Ramsey, MN",25828,45.2611,-93.45
4370616,"Suitland","MD","Suitland, MD",25825,38.84872,-76.92386
5134395,"Rosedale","NY","Rosedale, NY",25812,40.66205,-73.73541
4903535,"New Lenox","IL","New Lenox, IL",25800,41.51198,-87.96561
4434663,"Madison","MS","Madison, MS",25799,32.46181,-90.11536
5264223,"Neenah","WI","Neenah, WI",25792,44.18582,-88.46261
4670592,"Alvin","TX","Alvin, TX",25791,29.42385,-95.2441
4160812,"Key West","FL","Key West, FL",25755,24.55524,-81.78163
8469295,"Randolph","NJ","Randolph, NJ",25734,40.84829,-74.58148
4174969,"Temple Terrace","FL","Temple Terrace, FL",25731,28.0353,-82.38926
5040647,"Owatonna","MN","Owatonna, MN",25725,44.08385,-93.22604
4067927,"Homewood","AL","Homewood, AL",25708,33.47177,-86.80082
5312544,"Sahuarita","AZ","Sahuarita, AZ",25707,31.95758,-110.95565
5802340,"Maple Valley","WA","Maple Valley, WA",25686,47.39272,-122.04641
4389967,"Hazelwood","MO","Hazelwood, MO",25661,38.77144,-90.37095
5174358,"Troy","OH","Troy, OH",25659,40.0395,-84.20328
5365918,"Lemoore","CA","Lemoore, CA",25647,36.30078,-119.78291
4479759,"Mint Hill","NC","Mint Hill, NC",25627,35.17959,-80.64729
5103269,"Ridgewood","NJ","Ridgewood, NJ",25621,40.97926,-74.11653
4103957,"Cabot","AR","Cabot, AR",25587,34.97453,-92.01653
5386984,"Reedley","CA","Reedley, CA",25569,36.59634,-119.4504
4354087,"Edgewood","MD","Edgewood, MD",25562,39.41872,-76.2944
4163918,"Meadow Woods","FL","Meadow Woods, FL",25558,28.38556,-81.36646
4979244,"South Portland","ME","South Portland, ME",25556,43.64147,-70.24088
7262518,"West Whittier-Los Nietos","CA","West Whittier-Los Nietos, CA",25540,33.976,-118.06909
5197517,"Lebanon","PA","Lebanon, PA",25534,40.34093,-76.41135
4528923,"Zanesville","OH","Zanesville, OH",25498,39.94035,-82.01319
4682478,"Colleyville","TX","Colleyville, TX",25487,32.88096,-97.15501
4186213,"Canton","GA","Canton, GA",25469,34.23676,-84.49076
5130045,"Ossining","NY","Ossining, NY",25441,41.16287,-73.86152
4784112,"Salem","VA","Salem, VA",25432,37.29347,-80.05476
4849826,"Burlington","IA","Burlington, IA",25410,40.80754,-91.11292
5781087,"Saratoga Springs","UT","Saratoga Springs, UT",25407,40.34912,-111.90466
4901868,"Melrose Park","IL","Melrose Park, IL",25379,41.90059,-87.85673
4447161,"Starkville","MS","Starkville, MS",25366,33.45049,-88.81961
4360954,"Lochearn","MD","Lochearn, MD",25333,39.34066,-76.72219
5020881,"Chanhassen","MN","Chanhassen, MN",25332,44.86219,-93.53079
5356451,"Hercules","CA","Hercules, CA",25314,38.01714,-122.28858
5351428,"Galt","CA","Galt, CA",25303,38.25464,-121.29995
5042373,"Prior Lake","MN","Prior Lake, MN",25282,44.7133,-93.42273
4388460,"Grandview","MO","Grandview, MO",25256,38.88584,-94.53301
4422133,"Clinton","MS","Clinton, MS",25254,32.34153,-90.32176
4956335,"Yarmouth","MA","Yarmouth, MA",25243,41.70567,-70.22863
5170691,"Sandusky","OH","Sandusky, OH",25212,41.44894,-82.70796
4672059,"Balch Springs","TX","Balch Springs, TX",25210,32.72874,-96.62277
5052658,"White Bear Lake","MN","White Bear Lake, MN",25205,45.08469,-93.00994
5020938,"Chaska","MN","Chaska, MN",25199,44.78941,-93.60218
4895298,"Harvey","IL","Harvey, IL",25194,41.61003,-87.64671
4362344,"Middle River","MD","Middle River, MD",25191,39.33427,-76.43941
4917123,"Woodstock","IL","Woodstock, IL",25189,42.31474,-88.4487
4529469,"Ardmore","OK","Ardmore, OK",25176,34.17426,-97.14363
4900292,"Lockport","IL","Lockport, IL",25175,41.58948,-88.05784
5761708,"Woodburn","OR","Woodburn, OR",25173,45.14373,-122.85537
5015599,"Wyandotte","MI","Wyandotte, MI",25156,42.21421,-83.14992
4586523,"Mauldin","SC","Mauldin, SC",25135,34.77873,-82.31012
4884453,"Belvidere","IL","Belvidere, IL",25132,42.26391,-88.84427
5601538,"Moscow","ID","Moscow, ID",25060,46.73239,-117.00017
4943958,"Milford","MA","Milford, MA",25055,42.13982,-71.51617
4135865,"West Memphis","AR","West Memphis, AR",25052,35.14648,-90.18454
4505542,"Athens","OH","Athens, OH",25044,39.32924,-82.10126
5803139,"Mercer Island","WA","Mercer Island, WA",25042,47.57065,-122.22207
4500942,"Bridgeton","NJ","Bridgeton, NJ",25031,39.42734,-75.23408
5100854,"Maplewood","NJ","Maplewood, NJ",25008,40.73121,-74.27348
5397018,"Soledad","CA","Soledad, CA",25003,36.42469,-121.32632
4834272,"Farmington","CT","Farmington, CT",25000,41.71982,-72.83204
4255056,"Brownsburg","IN","Brownsburg, IN",24996,39.84338,-86.39777
7259480,"Saginaw Township North","MI","Saginaw Township North, MI",24994,43.46004,-84.00674
4237717,"Edwardsville","IL","Edwardsville, IL",24992,38.81144,-89.95316
4522586,"Riverside","OH","Riverside, OH",24972,39.77978,-84.1241
4830668,"Athens","AL","Athens, AL",24966,34.80243,-86.97219
5392868,"Sanger","CA","Sanger, CA",24950,36.70801,-119.55597
4916207,"Westmont","IL","Westmont, IL",24941,41.79586,-87.97562
4954265,"Wakefield","MA","Wakefield, MA",24932,42.50648,-71.07283
4170358,"Rockledge","FL","Rockledge, FL",24926,28.35084,-80.72533
5069802,"Hastings","NE","Hastings, NE",24924,40.58612,-98.38839
4751421,"Cave Spring","VA","Cave Spring, VA",24922,37.22764,-80.01282
5404122,"North Tustin","CA","North Tustin, CA",24917,33.76446,-117.79394
4058219,"Daphne","AL","Daphne, AL",24896,30.60353,-87.9036
5219287,"Whitehall Township","PA","Whitehall Township, PA",24896,40.66676,-75.49991
4048662,"Paducah","KY","Paducah, KY",24864,37.08339,-88.60005
5096686,"Cliffside Park","NJ","Cliffside Park, NJ",24857,40.82149,-73.98764
4891051,"Elmwood Park","IL","Elmwood Park, IL",24840,41.92114,-87.80923
7176039,"Vineyard","CA","Vineyard, CA",24836,38.46449,-121.34692
5100604,"Lodi","NJ","Lodi, NJ",24835,40.88232,-74.0832
5193011,"Hazleton","PA","Hazleton, PA",24825,40.95842,-75.97465
5339663,"Coronado","CA","Coronado, CA",24812,32.68589,-117.18309
5120824,"Hillside","NY","Hillside, NY",24808,40.70788,-73.7868
5861187,"Eagle River","AK","Eagle River, AK",24793,61.32139,-149.56778
5781794,"South Salt Lake","UT","South Salt Lake, UT",24788,40.71884,-111.88827
4717560,"Paris","TX","Paris, TX",24782,33.66094,-95.55551
4080555,"Northport","AL","Northport, AL",24772,33.22901,-87.57723
4738606,"University Park","TX","University Park, TX",24759,32.85013,-96.80028
5141927,"Uniondale","NY","Uniondale, NY",24759,40.70038,-73.59291
4548267,"Ponca City","OK","Ponca City, OK",24758,36.70698,-97.08559
5264049,"Muskego","WI","Muskego, WI",24755,42.90585,-88.13898
4236191,"Collinsville","IL","Collinsville, IL",24754,38.67033,-89.98455
4948462,"Reading","MA","Reading, MA",24747,42.52565,-71.09533
4785576,"Short Pump","VA","Short Pump, VA",24729,37.65042,-77.61249
4930282,"Belmont","MA","Belmont, MA",24729,42.39593,-71.17867
4934664,"Dedham","MA","Dedham, MA",24729,42.24177,-71.16616
5250201,"De Pere","WI","De Pere, WI",24724,44.44888,-88.06038
5247415,"Caledonia","WI","Caledonia, WI",24684,42.8078,-87.92425
4832554,"Inkster","MI","Inkster, MI",24672,42.2942,-83.30993
4504618,"Vincentown","NJ","Vincentown, NJ",24664,39.934,-74.74849
4530801,"Bixby","OK","Bixby, OK",24657,35.94204,-95.88332
4271086,"Emporia","KS","Emporia, KS",24649,38.4039,-96.18166
4857486,"Fort Dodge","IA","Fort Dodge, IA",24649,42.49747,-94.16802
5013924,"Walker","MI","Walker, MI",24647,43.00141,-85.76809
4167634,"Palmetto Bay","FL","Palmetto Bay, FL",24642,25.62177,-80.32477
4870380,"Ottumwa","IA","Ottumwa, IA",24624,41.02001,-92.4113
4273680,"Junction City","KS","Junction City, KS",24621,39.02861,-96.8314
5394086,"Seal Beach","CA","Seal Beach, CA",24619,33.74141,-118.10479
4174855,"Tarpon Springs","FL","Tarpon Springs, FL",24605,28.14612,-82.75677
4828382,"Franklin","IN","Franklin, IN",24598,39.48061,-86.05499
4763793,"Herndon","VA","Herndon, VA",24568,38.96955,-77.3861
5016884,"Austin","MN","Austin, MN",24563,43.66663,-92.97464
4724564,"Sachse","TX","Sachse, TX",24554,32.97623,-96.59527
5316205,"Sun City West","AZ","Sun City West, AZ",24535,33.66198,-112.34127
4740214,"Watauga","TX","Watauga, TX",24525,32.85791,-97.25474
4931737,"Burlington","MA","Burlington, MA",24498,42.50482,-71.19561
4726290,"San Benito","TX","San Benito, TX",24496,26.13258,-97.6311
4893171,"Freeport","IL","Freeport, IL",24476,42.29669,-89.62123
4787440,"Staunton","VA","Staunton, VA",24416,38.14991,-79.0732
5394329,"Selma","CA","Selma, CA",24414,36.57078,-119.61208
4843353,"South Windsor","CT","South Windsor, CT",24412,41.82371,-72.6212
4363990,"North Potomac","MD","North Potomac, MD",24410,39.08289,-77.26498
4896336,"Homer Glen","IL","Homer Glen, IL",24395,41.60003,-87.93811
4151921,"Coral Terrace","FL","Coral Terrace, FL",24376,25.74593,-80.3045
5073965,"Norfolk","NE","Norfolk, NE",24366,42.02834,-97.417
4443296,"Ridgeland","MS","Ridgeland, MS",24351,32.42848,-90.13231
4368918,"Scaggsville","MD","Scaggsville, MD",24333,39.14511,-76.90025
5341051,"Cudahy","CA","Cudahy, CA",24311,33.96057,-118.18535
5549222,"Washington","UT","Washington, UT",24299,37.13054,-113.50829
4165913,"New Smyrna Beach","FL","New Smyrna Beach, FL",24298,29.02582,-80.927
5104844,"South Plainfield","NJ","South Plainfield, NJ",24290,40.57927,-74.41154
4364990,"Pasadena","MD","Pasadena, MD",24287,39.10733,-76.57108
5417657,"Columbine","CO","Columbine, CO",24280,39.58777,-105.06943
4356847,"Greenbelt","MD","Greenbelt, MD",24272,39.00455,-76.87553
4786667,"South Riding","VA","South Riding, VA",24256,38.92094,-77.50388
4151157,"Citrus Park","FL","Citrus Park, FL",24252,28.07835,-82.56982
4148399,"Boca Del Mar","FL","Boca Del Mar, FL",24244,26.34508,-80.14671
5223593,"Newport","RI","Newport, RI",24232,41.4901,-71.31283
5004005,"Norton Shores","MI","Norton Shores, MI",24208,43.1689,-86.26395
5326305,"Barstow Heights","CA","Barstow Heights, CA",24202,34.86971,-117.05615
5134203,"Rockville Centre","NY","Rockville Centre, NY",24201,40.65871,-73.64124
4130430,"Searcy","AR","Searcy, AR",24196,35.25064,-91.73625
5697939,"North Platte","NE","North Platte, NE",24194,41.12389,-100.76542
4908052,"Rolling Meadows","IL","Rolling Meadows, IL",24190,42.08419,-88.01313
5096316,"Carteret","NJ","Carteret, NJ",24170,40.57733,-74.2282
4159553,"Immokalee","FL","Immokalee, FL",24154,26.41869,-81.4173
5126518,"Medford","NY","Medford, NY",24142,40.8176,-73.00011
5387844,"Riverbank","CA","Riverbank, CA",24122,37.73604,-120.93549
4917358,"Zion","IL","Zion, IL",24117,42.44613,-87.83285
4526576,"Trotwood","OH","Trotwood, OH",24096,39.79728,-84.31133
4839704,"North Haven","CT","North Haven, CT",24093,41.39093,-72.85954
7262622,"Summerlin South","NV","Summerlin South, NV",24085,36.11708,-115.33001
5100776,"Mahwah","NJ","Mahwah, NJ",24062,41.08871,-74.14376
5367696,"Loma Linda","CA","Loma Linda, CA",24045,34.04835,-117.26115
5130831,"Peekskill","NY","Peekskill, NY",24043,41.29009,-73.92042
4160822,"Keystone","FL","Keystone, FL",24039,28.15585,-82.62121
5107760,"Baldwin","NY","Baldwin, NY",24033,40.65649,-73.6093
4758023,"Fairfax","VA","Fairfax, VA",24013,38.84622,-77.30637
4901514,"Maywood","IL","Maywood, IL",24012,41.8792,-87.84312
4172372,"Sebastian","FL","Sebastian, FL",24007,27.81641,-80.47061
4996306,"Holt","MI","Holt, MI",23973,42.64059,-84.51525
4868404,"Muscatine","IA","Muscatine, IA",23968,41.42447,-91.04321
5025471,"Elk River","MN","Elk River, MN",23963,45.30385,-93.56718
5836898,"Rock Springs","WY","Rock Springs, WY",23962,41.58746,-109.2029
4156920,"Golden Gate","FL","Golden Gate, FL",23961,26.18787,-81.69509
4683462,"Corsicana","TX","Corsicana, TX",23952,32.09543,-96.46887
4158482,"Hialeah Gardens","FL","Hialeah Gardens, FL",23926,25.8651,-80.3245
5014208,"Waverly","MI","Waverly, MI",23925,42.7392,-84.62081
4358701,"Hunt Valley","MD","Hunt Valley, MD",23915,39.49983,-76.64108
4467485,"Fuquay-Varina","NC","Fuquay-Varina, NC",23907,35.58432,-78.80001
5295177,"Fountain Hills","AZ","Fountain Hills, AZ",23899,33.61171,-111.71736
5727190,"Forest Grove","OR","Forest Grove, OR",23897,45.51984,-123.11066
5141930,"Unionport","NY","Unionport, NY",23895,40.82732,-73.85013
5020859,"Champlin","MN","Champlin, MN",23894,45.18885,-93.39745
4979245,"South Portland Gardens","ME","South Portland Gardens, ME",23893,43.63897,-70.31533
4508204,"Centerville","OH","Centerville, OH",23882,39.62839,-84.15938
5329408,"Bloomington","CA","Bloomington, CA",23851,34.07029,-117.39588
5816320,"Bainbridge Island","WA","Bainbridge Island, WA",23840,47.62621,-122.52124
4480285,"Morrisville","NC","Morrisville, NC",23820,35.82348,-78.82556
4709272,"Marshall","TX","Marshall, TX",23820,32.54487,-94.36742
5278005,"Watertown","WI","Watertown, WI",23819,43.19472,-88.72899
4474221,"Kernersville","NC","Kernersville, NC",23811,36.11986,-80.07365
5688789,"Dickinson","ND","Dickinson, ND",23765,46.87918,-102.78962
5102162,"Old Bridge","NJ","Old Bridge, NJ",23753,40.41483,-74.36543
4355355,"Fort Washington","MD","Fort Washington, MD",23717,38.70734,-77.02303
5343171,"Dinuba","CA","Dinuba, CA",23702,36.54328,-119.38707
5326297,"Barstow","CA","Barstow, CA",23692,34.89859,-117.02282
4354573,"Fairland","MD","Fairland, MD",23681,39.07622,-76.95775
5226534,"Brookings","SD","Brookings, SD",23657,44.31136,-96.79839
4885186,"Blue Island","IL","Blue Island, IL",23652,41.65726,-87.68005
5026291,"Faribault","MN","Faribault, MN",23650,44.29496,-93.26883
4745272,"Baileys Crossroads","VA","Baileys Crossroads, VA",23643,38.85039,-77.1297
5591778,"Eagle","ID","Eagle, ID",23612,43.69544,-116.35401
4166066,"Norland","FL","Norland, FL",23604,25.94898,-80.21227
5104473,"Scotch Plains","NJ","Scotch Plains, NJ",23584,40.65538,-74.38987
5155858,"Glenville","OH","Glenville, OH",23559,41.53338,-81.61735
5345623,"El Cerrito","CA","El Cerrito, CA",23549,37.91576,-122.31164
4419290,"Brandon","MS","Brandon, MS",23529,32.2732,-89.98592
4270356,"Derby","KS","Derby, KS",23509,37.54557,-97.26893
5795906,"Graham","WA","Graham, WA",23491,47.05288,-122.29428
4358864,"Ilchester","MD","Ilchester, MD",23476,39.25094,-76.76469
4146901,"Bayonet Point","FL","Bayonet Point, FL",23467,28.32667,-82.68343
4935623,"Easton","MA","Easton, MA",23459,42.02454,-71.12866
4900579,"Loves Park","IL","Loves Park, IL",23455,42.32002,-89.05816
5146286,"Avon Lake","OH","Avon Lake, OH",23453,41.50532,-82.0282
5392281,"San Lorenzo","CA","San Lorenzo, CA",23452,37.68104,-122.12441
4902763,"Morton Grove","IL","Morton Grove, IL",23448,42.04059,-87.78256
5123477,"Kingston","NY","Kingston, NY",23436,41.92704,-73.99736
4208442,"McDonough","GA","McDonough, GA",23417,33.44734,-84.14686
5007531,"Romulus","MI","Romulus, MI",23417,42.22226,-83.3966
5043779,"Rosemount","MN","Rosemount, MN",23413,44.73941,-93.12577
4943021,"Mansfield","MA","Mansfield, MA",23380,42.03343,-71.21894
5364275,"Laguna Beach","CA","Laguna Beach, CA",23365,33.54225,-117.78311
4561407,"Springfield","PA","Springfield, PA",23363,39.93067,-75.32019
4147290,"Bellview","FL","Bellview, FL",23355,30.46159,-87.31497
4343327,"Terrytown","LA","Terrytown, LA",23319,29.91021,-90.03257
4152311,"Crestview","FL","Crestview, FL",23270,30.76213,-86.57051
5088262,"Keene","NH","Keene, NH",23265,42.93369,-72.27814
4580569,"Greenwood","SC","Greenwood, SC",23260,34.1954,-82.16179
5468773,"Gallup","NM","Gallup, NM",23240,35.52808,-108.74258
5104835,"South Old Bridge","NJ","South Old Bridge, NJ",23233,40.40816,-74.35432
4535389,"Duncan","OK","Duncan, OK",23231,34.5023,-97.95781
4198322,"Griffin","GA","Griffin, GA",23211,33.24678,-84.26409
4890009,"Dolton","IL","Dolton, IL",23197,41.63892,-87.60727
4413872,"Webster Groves","MO","Webster Groves, MO",23177,38.59255,-90.35734
4376482,"Belton","MO","Belton, MO",23168,38.81195,-94.5319
4422442,"Columbus","MS","Columbus, MS",23168,33.49567,-88.42726
4685892,"Denison","TX","Denison, TX",23150,33.75566,-96.53666
5115835,"East Elmhurst","NY","East Elmhurst, NY",23150,40.76121,-73.86514
4703078,"Kerrville","TX","Kerrville, TX",23136,30.04743,-99.14032
4216948,"Pooler","GA","Pooler, GA",23133,32.11548,-81.24706
5262649,"Mequon","WI","Mequon, WI",23132,43.21555,-88.03001
4449620,"Vicksburg","MS","Vicksburg, MS",23131,32.35265,-90.87788
4178775,"Wright","FL","Wright, FL",23127,30.45575,-86.63829
5127550,"Morrisania","NY","Morrisania, NY",23127,40.82927,-73.90653
4167536,"Palm City","FL","Palm City, FL",23120,27.16783,-80.26616
4943888,"Middleborough","MA","Middleborough, MA",23116,41.89316,-70.91115
4347426,"Arnold","MD","Arnold, MD",23106,39.03206,-76.50274
5359864,"Isla Vista","CA","Isla Vista, CA",23096,34.41333,-119.86097
7260233,"Vero Beach South","FL","Vero Beach South, FL",23092,27.61638,-80.41308
4134716,"Van Buren","AR","Van Buren, AR",23081,35.43676,-94.34827
4890549,"East Peoria","IL","East Peoria, IL",23080,40.66615,-89.5801
4360287,"Landover","MD","Landover, MD",23078,38.934,-76.89664
4845898,"Windham","CT","Windham, CT",23072,41.69982,-72.15702
4160023,"Jacksonville Beach","FL","Jacksonville Beach, FL",23064,30.29469,-81.39314
5332593,"Calabasas","CA","Calabasas, CA",23058,34.15778,-118.63842
5172387,"Solon","OH","Solon, OH",23043,41.38978,-81.44123
4751935,"Chantilly","VA","Chantilly, VA",23039,38.89428,-77.4311
7260019,"Candler-McAfee","GA","Candler-McAfee, GA",23025,33.72672,-84.27246
4908173,"Roselle","IL","Roselle, IL",22994,41.98475,-88.07979
5113683,"Copiague","NY","Copiague, NY",22993,40.68149,-73.39984
4924014,"Munster","IN","Munster, IN",22984,41.56448,-87.51254
5364199,"Ladera Ranch","CA","Ladera Ranch, CA",22980,33.57086,-117.63561
4900080,"Lisle","IL","Lisle, IL",22964,41.80114,-88.07479
7262110,"Picnic Point-North Lynnwood","WA","Picnic Point-North Lynnwood, WA",22953,47.86278,-122.29497
4154031,"East Naples","FL","East Naples, FL",22951,26.13842,-81.76648
5023571,"Crystal","MN","Crystal, MN",22943,45.03274,-93.36023
4682127,"Cloverleaf","TX","Cloverleaf, TX",22942,29.77828,-95.17188
8605041,"Dixiana","AL","Dixiana, AL",22940,33.74021,-86.64938
4921402,"Highland","IN","Highland, IN",22936,41.55365,-87.45198
4900801,"Machesney Park","IL","Machesney Park, IL",22927,42.34724,-89.039
5116083,"East Tremont","NY","East Tremont, NY",22886,40.84538,-73.89097
4082569,"Pelham","AL","Pelham, AL",22885,33.28567,-86.80999
4956976,"Auburn","ME","Auburn, ME",22871,44.09785,-70.23117
5141342,"Tremont","NY","Tremont, NY",22870,40.84954,-73.90569
4769608,"Lincolnia","VA","Lincolnia, VA",22855,38.81845,-77.14331
5123533,"Kiryas Joel","NY","Kiryas Joel, NY",22851,41.34204,-74.16792
5405326,"Valinda","CA","Valinda, CA",22822,34.04529,-117.94367
5162077,"Marysville","OH","Marysville, OH",22817,40.23645,-83.36714
4157827,"Haines City","FL","Haines City, FL",22807,28.1145,-81.62009
5066001,"Columbus","NE","Columbus, NE",22797,41.42973,-97.36838
5221077,"Bristol","RI","Bristol, RI",22795,41.67705,-71.26616
5373129,"Millbrae","CA","Millbrae, CA",22795,37.59855,-122.38719
5742726,"Newberg","OR","Newberg, OR",22780,45.30012,-122.97316
4175091,"The Crossings","FL","The Crossings, FL",22758,25.67066,-80.40117
4311963,"Valley Station","KY","Valley Station, KY",22756,38.11118,-85.87024
5365937,"Lennox","CA","Lennox, CA",22753,33.93807,-118.35258
7259705,"East Lake-Orient Park","FL","East Lake-Orient Park, FL",22753,27.98269,-82.37878
5026321,"Farmington","MN","Farmington, MN",22731,44.64024,-93.14355
5761287,"Wilsonville","OR","Wilsonville, OR",22729,45.29984,-122.77371
4699626,"Hutto","TX","Hutto, TX",22722,30.5427,-97.54667
4148207,"Bloomingdale","FL","Bloomingdale, FL",22711,27.89364,-82.24037
5533366,"West Odessa","TX","West Odessa, TX",22707,31.84235,-102.49876
7261476,"Inglewood-Finn Hill","WA","Inglewood-Finn Hill, WA",22707,47.72049,-122.23167
5805441,"Oak Harbor","WA","Oak Harbor, WA",22693,48.29316,-122.64322
5855070,"‘Ewa Gentry","HI","‘Ewa Gentry, HI",22690,21.33999,-158.03039
4166583,"Oak Ridge","FL","Oak Ridge, FL",22685,28.47112,-81.42452
5388873,"Rosemont","CA","Rosemont, CA",22681,38.55185,-121.36467
4984565,"Auburn Hills","MI","Auburn Hills, MI",22672,42.68753,-83.2341
5207069,"Pottstown","PA","Pottstown, PA",22664,40.24537,-75.64963
4161797,"Leisure City","FL","Leisure City, FL",22655,25.49539,-80.42922
5408191,"West Puente Valley","CA","West Puente Valley, CA",22636,34.05168,-117.9684
5161803,"Maple Heights","OH","Maple Heights, OH",22631,41.41533,-81.56596
5176937,"Willoughby","OH","Willoughby, OH",22631,41.63977,-81.4065
4673482,"Benbrook","TX","Benbrook, TX",22629,32.67319,-97.46058
5097017,"Cranford","NJ","Cranford, NJ",22627,40.65844,-74.29959
5118226,"Garden City","NY","Garden City, NY",22612,40.72677,-73.6343
5774662,"Farmington","UT","Farmington, UT",22566,40.9805,-111.88744
4915539,"Wasco","IL","Wasco, IL",22560,41.93808,-88.40452
5029500,"Hastings","MN","Hastings, MN",22554,44.7433,-92.85243
5146277,"Avon","OH","Avon, OH",22544,41.45171,-82.03542
4589368,"North Augusta","SC","North Augusta, SC",22522,33.5018,-81.96512
4835512,"Guilford","CT","Guilford, CT",22498,41.28899,-72.68176
5790971,"Cottage Lake","WA","Cottage Lake, WA",22494,47.74427,-122.07735
5339539,"Corcoran","CA","Corcoran, CA",22477,36.09801,-119.5604
5126550,"Melrose","NY","Melrose, NY",22470,40.82455,-73.91041
5116004,"East Patchogue","NY","East Patchogue, NY",22469,40.76704,-72.99622
4792901,"West Springfield","VA","West Springfield, VA",22460,38.77261,-77.22109
5158164,"Hudson","OH","Hudson, OH",22437,41.24006,-81.44067
5384339,"Port Hueneme","CA","Port Hueneme, CA",22423,34.14778,-119.19511
4158865,"Holiday","FL","Holiday, FL",22403,28.18779,-82.73955
4305504,"Radcliff","KY","Radcliff, KY",22387,37.84035,-85.94913
4764826,"Hopewell","VA","Hopewell, VA",22378,37.30432,-77.2872
5203127,"New Castle","PA","New Castle, PA",22375,41.00367,-80.34701
4911893,"South Elgin","IL","South Elgin, IL",22365,41.99419,-88.2923
4084888,"Prichard","AL","Prichard, AL",22351,30.7388,-88.07889
5039080,"New Brighton","MN","New Brighton, MN",22351,45.06552,-93.20189
4830198,"Anniston","AL","Anniston, AL",22347,33.65983,-85.83163
4167583,"Palm Springs","FL","Palm Springs, FL",22341,26.6359,-80.09615
4339348,"Ruston","LA","Ruston, LA",22340,32.52321,-92.63793
4955840,"Wilmington","MA","Wilmington, MA",22325,42.54648,-71.17367
4711156,"Midlothian","TX","Midlothian, TX",22318,32.48236,-96.99445
4440076,"Oxford","MS","Oxford, MS",22314,34.3665,-89.51925
5378500,"Oakdale","CA","Oakdale, CA",22259,37.76659,-120.84715
4889447,"Darien","IL","Darien, IL",22256,41.75198,-87.97395
4885156,"Bloomingdale","IL","Bloomingdale, IL",22254,41.95753,-88.0809
4176380,"Venice","FL","Venice, FL",22211,27.09978,-82.45426
4942744,"Ludlow","MA","Ludlow, MA",22201,42.16009,-72.47592
4173392,"South Bradenton","FL","South Bradenton, FL",22178,27.4631,-82.58176
5099093,"Hillside","NJ","Hillside, NJ",22155,40.70121,-74.23015
5101938,"North Plainfield","NJ","North Plainfield, NJ",22140,40.6301,-74.42737
4179074,"Acworth","GA","Acworth, GA",22131,34.06635,-84.67837
4440397,"Pascagoula","MS","Pascagoula, MS",22126,30.36576,-88.55613
4174383,"Sunny Isles Beach","FL","Sunny Isles Beach, FL",22123,25.95065,-80.12282
5749352,"Roseburg","OR","Roseburg, OR",22114,43.2165,-123.34174
4520760,"Oxford","OH","Oxford, OH",22104,39.507,-84.74523
5126630,"Merrick","NY","Merrick, NY",22097,40.66288,-73.55152
5104755,"Somerset","NJ","Somerset, NJ",22083,40.4976,-74.48849
5803990,"Moses Lake","WA","Moses Lake, WA",22082,47.13014,-119.27808
4724642,"Saginaw","TX","Saginaw, TX",22079,32.86013,-97.36391
7259823,"Greater Northdale","FL","Greater Northdale, FL",22079,28.10545,-82.52594
8479411,"Northdale","FL","Northdale, FL",22079,28.0939,-82.50561
5105127,"Summit","NJ","Summit, NJ",22074,40.71562,-74.36468
5232741,"Watertown","SD","Watertown, SD",22073,44.89941,-97.11507
5145607,"Alliance","OH","Alliance, OH",22055,40.91534,-81.10593
4922459,"LaPorte","IN","LaPorte, IN",22053,41.6106,-86.72252
5660340,"Kalispell","MT","Kalispell, MT",22052,48.19579,-114.31291
4911934,"South Holland","IL","South Holland, IL",22043,41.60087,-87.60699
4169345,"Princeton","FL","Princeton, FL",22038,25.53844,-80.40894
5799587,"Kenmore","WA","Kenmore, WA",22030,47.75732,-122.24401
4534934,"Del City","OK","Del City, OK",22022,35.44201,-97.44087
5085374,"Derry","NH","Derry, NH",22015,42.88064,-71.32729
4995197,"Hamtramck","MI","Hamtramck, MI",22002,42.39282,-83.04964
5119211,"Great Kills","NY","Great Kills, NY",22000,40.55427,-74.15153
4177671,"Wekiwa Springs","FL","Wekiwa Springs, FL",21998,28.69861,-81.42563
4161771,"Leesburg","FL","Leesburg, FL",21993,28.81082,-81.87786
5344147,"Duarte","CA","Duarte, CA",21990,34.13945,-117.97729
4683021,"Converse","TX","Converse, TX",21987,29.51801,-98.31612
4914830,"Villa Park","IL","Villa Park, IL",21969,41.88975,-87.98895
4191124,"Decatur","GA","Decatur, GA",21957,33.77483,-84.29631
4905337,"Park Forest","IL","Park Forest, IL",21954,41.49142,-87.67449
4752665,"Christiansburg","VA","Christiansburg, VA",21943,37.12985,-80.40894
5373492,"Jurupa Valley","CA","Jurupa Valley, CA",21930,33.99251,-117.51644
5325011,"Ashland","CA","Ashland, CA",21925,37.69465,-122.11385
4177960,"West and East Lealman","FL","West and East Lealman, FL",21924,27.81993,-82.68944
4621846,"Farragut","TN","Farragut, TN",21919,35.88452,-84.15353
8449910,"La Porte","IN","La Porte, IN",21916,41.60774,-86.71389
4277718,"Prairie Village","KS","Prairie Village, KS",21877,38.99167,-94.63357
5224949,"Smithfield","RI","Smithfield, RI",21872,41.92204,-71.54951
4255836,"Clarksville","IN","Clarksville, IN",21866,38.29674,-85.75996
5175496,"Wadsworth","OH","Wadsworth, OH",21860,41.02561,-81.72985
5788822,"Camas","WA","Camas, WA",21846,45.58706,-122.39954
4156042,"Fort Walton Beach","FL","Fort Walton Beach, FL",21817,30.42059,-86.61707
4893591,"Geneva","IL","Geneva, IL",21806,41.88753,-88.30535
4148803,"Brent","FL","Brent, FL",21804,30.46881,-87.23608
5172485,"South Euclid","OH","South Euclid, OH",21794,41.52311,-81.51846
4676920,"Brushy Creek","TX","Brushy Creek, TX",21764,30.51353,-97.73973
5583509,"Windsor","CO","Windsor, CO",21751,40.47748,-104.90136
4177779,"Westchase","FL","Westchase, FL",21747,28.05502,-82.60982
4225039,"Sugar Hill","GA","Sugar Hill, GA",21747,34.10649,-84.03352
4828890,"Chillicothe","OH","Chillicothe, OH",21727,39.33312,-82.9824
5397664,"South Lake Tahoe","CA","South Lake Tahoe, CA",21706,38.93324,-119.98435
5551498,"Anthem","AZ","Anthem, AZ",21700,33.86726,-112.14682
5407908,"West Carson","CA","West Carson, CA",21699,33.82168,-118.29257
5126183,"Massapequa","NY","Massapequa, NY",21685,40.68066,-73.47429
4932214,"Canton","MA","Canton, MA",21679,42.15843,-71.14477
5103500,"Roselle","NJ","Roselle, NJ",21670,40.65223,-74.25882
8531960,"Lincoln","RI","Lincoln, RI",21670,41.92111,-71.435
4477525,"Lumberton","NC","Lumberton, NC",21667,34.61834,-79.01045
4598353,"Taylors","SC","Taylors, SC",21617,34.92039,-82.29623
5411079,"Yucca Valley","CA","Yucca Valley, CA",21600,34.11417,-116.43224
4955219,"Westford","MA","Westford, MA",21587,42.57926,-71.43784
4154205,"Edgewater","FL","Edgewater, FL",21566,28.98888,-80.90228
5178165,"Allison Park","PA","Allison Park, PA",21552,40.55951,-79.95867
5326561,"Bay Point","CA","Bay Point, CA",21534,38.02909,-121.96163
5091383,"Portsmouth","NH","Portsmouth, NH",21530,43.07704,-70.75766
4408000,"Sedalia","MO","Sedalia, MO",21516,38.70446,-93.22826
4165565,"Naples","FL","Naples, FL",21512,26.14234,-81.79596
5381515,"Patterson","CA","Patterson, CA",21498,37.4716,-121.12966
4258285,"Greenfield","IN","Greenfield, IN",21497,39.78504,-85.76942
4792522,"Waynesboro","VA","Waynesboro, VA",21491,38.06847,-78.88947
4829791,"Albertville","AL","Albertville, AL",21462,34.26783,-86.20878
4952121,"Stoneham","MA","Stoneham, MA",21437,42.4801,-71.0995
5166516,"Perrysburg","OH","Perrysburg, OH",21423,41.557,-83.62716
5576859,"Erie","CO","Erie, CO",21420,40.05026,-105.04998
5735238,"Klamath Falls","OR","Klamath Falls, OR",21399,42.22487,-121.78167
5773001,"Clinton","UT","Clinton, UT",21399,41.13967,-112.0505
5296802,"Green Valley","AZ","Green Valley, AZ",21391,31.85425,-110.9937
5576909,"Evans","CO","Evans, CO",21383,40.37637,-104.69219
5690366,"Mandan","ND","Mandan, ND",21382,46.82666,-100.88958
4955884,"Winchester","MA","Winchester, MA",21374,42.45232,-71.137
5004359,"Okemos","MI","Okemos, MI",21369,42.72226,-84.42747
4375087,"Arnold","MO","Arnold, MO",21357,38.43283,-90.37762
4890536,"East Moline","IL","East Moline, IL",21350,41.50087,-90.4443
4177908,"West Pensacola","FL","West Pensacola, FL",21339,30.42659,-87.27969
4474436,"Kinston","NC","Kinston, NC",21337,35.26266,-77.58164
4657077,"Shelbyville","TN","Shelbyville, TN",21317,35.48341,-86.46027
5000947,"Marquette","MI","Marquette, MI",21297,46.54354,-87.39542
8347326,"Fairfield Heights","IN","Fairfield Heights, IN",21285,39.82861,-86.38224
4958141,"Biddeford","ME","Biddeford, ME",21282,43.49258,-70.45338
5028163,"Golden Valley","MN","Golden Valley, MN",21270,45.00969,-93.34912
4678901,"Canyon Lake","TX","Canyon Lake, TX",21262,29.87522,-98.26251
4081914,"Oxford","AL","Oxford, AL",21249,33.61427,-85.83496
5273812,"South Milwaukee","WI","South Milwaukee, WI",21233,42.91057,-87.86064
5370493,"Marina","CA","Marina, CA",21229,36.6844,-121.80217
5804306,"Mukilteo","WA","Mukilteo, WA",21226,47.94454,-122.30458
5386053,"Rancho San Diego","CA","Rancho San Diego, CA",21208,32.74727,-116.9353
4235668,"Charleston","IL","Charleston, IL",21196,39.49615,-88.17615
5083221,"Bedford","NH","Bedford, NH",21188,42.94647,-71.5159
4459343,"Carrboro","NC","Carrboro, NC",21156,35.91014,-79.07529
4889107,"Crest Hill","IL","Crest Hill, IL",21153,41.55475,-88.09867
4593724,"Saint Andrews","SC","Saint Andrews, SC",21151,34.04543,-81.12926
4282757,"Ashland","KY","Ashland, KY",21108,38.47841,-82.63794
4272782,"Hays","KS","Hays, KS",21092,38.87918,-99.32677
4386387,"Ferguson","MO","Ferguson, MO",21059,38.74422,-90.30539
4575461,"Conway","SC","Conway, SC",21053,33.836,-79.04781
5124078,"Laurelton","NY","Laurelton, NY",21053,40.67019,-73.74659
5034767,"Lino Lakes","MN","Lino Lakes, MN",21050,45.16024,-93.08883
5815539,"West Lake Stevens","WA","West Lake Stevens, WA",21047,47.99343,-122.1018
5039094,"New Hope","MN","New Hope, MN",21032,45.03802,-93.38662
7260548,"Palm River-Clair Mel","FL","Palm River-Clair Mel, FL",21024,27.92386,-82.37939
4094212,"Trussville","AL","Trussville, AL",21023,33.61983,-86.60888
5145034,"Woodrow","NY","Woodrow, NY",21005,40.54344,-74.19764
4683317,"Corinth","TX","Corinth, TX",20998,33.15401,-97.06473
5804191,"Mountlake Terrace","WA","Mountlake Terrace, WA",20989,47.78815,-122.30874
4752229,"Chester","VA","Chester, VA",20987,37.35682,-77.44165
4400648,"Nixa","MO","Nixa, MO",20984,37.04339,-93.29435
4620131,"East Ridge","TN","East Ridge, TN",20979,35.01424,-85.2519
5528450,"Plainview","TX","Plainview, TX",20919,34.18479,-101.70684
4894465,"Grayslake","IL","Grayslake, IL",20915,42.34447,-88.04175
5322553,"Agoura Hills","CA","Agoura Hills, CA",20915,34.13639,-118.77453
4928703,"Acton","MA","Acton, MA",20897,42.48509,-71.43284
4977762,"Sanford","ME","Sanford, ME",20893,43.43925,-70.77422
7176035,"Silver Firs","WA","Silver Firs, WA",20891,47.86602,-122.1551
5120228,"Hauppauge","NY","Hauppauge, NY",20882,40.82565,-73.20261
5849297,"Kīhei","HI","Kīhei, HI",20881,20.76462,-156.44578
5397376,"South El Monte","CA","South El Monte, CA",20878,34.05195,-118.04673
5324903,"Arvin","CA","Arvin, CA",20876,35.20913,-118.82843
4862760,"Johnston","IA","Johnston, IA",20871,41.67304,-93.69772
4271935,"Gardner","KS","Gardner, KS",20868,38.81084,-94.92719
5365425,"Lathrop","CA","Lathrop, CA",20866,37.8227,-121.27661
5711789,"Ashland","OR","Ashland, OR",20861,42.19458,-122.70948
5172078,"Sidney","OH","Sidney, OH",20858,40.28422,-84.1555
4986172,"Birmingham","MI","Birmingham, MI",20857,42.5467,-83.21132
4174600,"Sweetwater","FL","Sweetwater, FL",20840,25.76343,-80.37311
5740900,"Milwaukie","OR","Milwaukie, OR",20830,45.44623,-122.63926
5774301,"East Millcreek","UT","East Millcreek, UT",20816,40.69995,-111.81049
5119019,"Grand Island","NY","Grand Island, NY",20813,43.03311,-78.96254
4227777,"Union City","GA","Union City, GA",20805,33.58706,-84.54243
4794531,"Woodlawn","VA","Woodlawn, VA",20804,38.71678,-77.13276
5166819,"Piqua","OH","Piqua, OH",20790,40.14477,-84.24244
5367767,"Lomita","CA","Lomita, CA",20785,33.79224,-118.31507
4351887,"Cockeysville","MD","Cockeysville, MD",20776,39.48122,-76.64386
4577263,"Easley","SC","Easley, SC",20765,34.82984,-82.60152
5128566,"New Springville","NY","New Springville, NY",20756,40.59344,-74.1632
4503646,"Pleasantville","NJ","Pleasantville, NJ",20755,39.38984,-74.52404
5445820,"Liberal","KS","Liberal, KS",20746,37.04308,-100.921
5102369,"Palisades Park","NJ","Palisades Park, NJ",20743,40.84816,-73.99764
4539615,"Jenks","OK","Jenks, OK",20740,36.02287,-95.96833
4595864,"Simpsonville","SC","Simpsonville, SC",20736,34.73706,-82.25428
5124045,"Latham","NY","Latham, NY",20736,42.74702,-73.75901
4832425,"Darien","CT","Darien, CT",20732,41.07871,-73.46929
5267403,"Pleasant Prairie","WI","Pleasant Prairie, WI",20726,42.55308,-87.93341
4078646,"Mountain Brook","AL","Mountain Brook, AL",20691,33.50094,-86.75221
4557109,"Chambersburg","PA","Chambersburg, PA",20691,39.93759,-77.6611
4983811,"Adrian","MI","Adrian, MI",20691,41.89755,-84.03717
4177872,"West Melbourne","FL","West Melbourne, FL",20679,28.07168,-80.65339
5134453,"Rotterdam","NY","Rotterdam, NY",20652,42.78702,-73.97096
5364782,"Lakeside","CA","Lakeside, CA",20648,32.85727,-116.92225
5713759,"Bethany","OR","Bethany, OR",20646,45.55789,-122.8676
4161424,"Lake Worth Corridor","FL","Lake Worth Corridor, FL",20635,26.61649,-80.10102
5410129,"Winter Gardens","CA","Winter Gardens, CA",20631,32.83116,-116.93336
5125011,"Lockport","NY","Lockport, NY",20624,43.17061,-78.69031
4516412,"Lebanon","OH","Lebanon, OH",20623,39.43534,-84.20299
4599937,"Wade Hampton","SC","Wade Hampton, SC",20622,34.90373,-82.33317
4713507,"Murphy","TX","Murphy, TX",20610,33.01512,-96.61305
4852640,"Coralville","IA","Coralville, IA",20608,41.6764,-91.58045
4154489,"Ensley","FL","Ensley, FL",20602,30.51881,-87.27275
4550881,"Sapulpa","OK","Sapulpa, OK",20579,35.9987,-96.11417
5323694,"American Canyon","CA","American Canyon, CA",20554,38.17492,-122.2608
5397777,"South San Jose Hills","CA","South San Jose Hills, CA",20551,34.01279,-117.90478
4673425,"Belton","TX","Belton, TX",20547,31.05601,-97.46445
5322551,"Agoura","CA","Agoura, CA",20537,34.14306,-118.73787
4500688,"Bayville","NJ","Bayville, NJ",20512,39.90929,-74.15486
4347371,"Arbutus","MD","Arbutus, MD",20483,39.25455,-76.69997
4326868,"Hammond","LA","Hammond, LA",20480,30.50463,-90.46293
4899739,"Libertyville","IL","Libertyville, IL",20436,42.28308,-87.95313
4277241,"Pittsburg","KS","Pittsburg, KS",20409,37.41088,-94.70496
4521816,"Portsmouth","OH","Portsmouth, OH",20409,38.73174,-82.99767
5353530,"Granite Bay","CA","Granite Bay, CA",20402,38.76323,-121.16384
5429522,"Louisville","CO","Louisville, CO",20396,39.97776,-105.13193
5039675,"Northfield","MN","Northfield, MN",20380,44.4583,-93.1616
5168491,"Rocky River","OH","Rocky River, OH",20376,41.4756,-81.8393
4405180,"Raymore","MO","Raymore, MO",20374,38.80195,-94.45273
4143637,"Middletown","DE","Middletown, DE",20372,39.44956,-75.71632
4470244,"Havelock","NC","Havelock, NC",20364,34.87905,-76.90133
4327047,"Harvey","LA","Harvey, LA",20348,29.90354,-90.07729
4937557,"Gardner","MA","Gardner, MA",20333,42.57509,-71.99813
5423294,"Golden","CO","Golden, CO",20330,39.75554,-105.2211
4186531,"Cartersville","GA","Cartersville, GA",20319,34.16533,-84.80231
5146055,"Ashland","OH","Ashland, OH",20317,40.86867,-82.31822
7315237,"Oakleaf Plantation","FL","Oakleaf Plantation, FL",20315,30.17083,-81.83549
4374513,"Affton","MO","Affton, MO",20307,38.55061,-90.33317
5385793,"Ramona","CA","Ramona, CA",20292,33.04171,-116.86808
5111141,"Cambria Heights","NY","Cambria Heights, NY",20287,40.69455,-73.73847
5097627,"Elmwood Park","NJ","Elmwood Park, NJ",20279,40.90399,-74.11848
5703670,"Elko","NV","Elko, NV",20279,40.83242,-115.76312
5121026,"Hollis","NY","Hollis, NY",20269,40.71344,-73.76708
5306611,"Nogales","AZ","Nogales, AZ",20252,31.34038,-110.93425
5166184,"Parma Heights","OH","Parma Heights, OH",20246,41.39005,-81.75958
5363859,"La Cañada Flintridge","CA","La Cañada Flintridge, CA",20246,34.19917,-118.18785
4543352,"Mustang","OK","Mustang, OK",20226,35.38423,-97.72449
4782864,"Rose Hill","VA","Rose Hill, VA",20226,38.78872,-77.11276
5115989,"East Northport","NY","East Northport, NY",20217,40.87676,-73.32456
5352350,"Glen Avon","CA","Glen Avon, CA",20199,34.01168,-117.48477
4342816,"Sulphur","LA","Sulphur, LA",20189,30.23659,-93.37738
4491180,"Shelby","NC","Shelby, NC",20189,35.29235,-81.53565
4838887,"Montville Center","CT","Montville Center, CT",20180,41.47899,-72.15119
4992635,"Ferndale","MI","Ferndale, MI",20177,42.46059,-83.13465
5048033,"South Saint Paul","MN","South Saint Paul, MN",20160,44.89274,-93.03494
4163049,"Lynn Haven","FL","Lynn Haven, FL",20156,30.24548,-85.64826
5123840,"Lake Ronkonkoma","NY","Lake Ronkonkoma, NY",20155,40.8351,-73.13122
4585000,"Lexington","SC","Lexington, SC",20138,33.98154,-81.23621
5202765,"Murrysville","PA","Murrysville, PA",20134,40.4284,-79.69755
4352681,"Cumberland","MD","Cumberland, MD",20130,39.65287,-78.76252
4734350,"Stephenville","TX","Stephenville, TX",20120,32.2207,-98.20226
5165734,"Oregon","OH","Oregon, OH",20102,41.64366,-83.48688
7315412,"Eastmont","WA","Eastmont, WA",20101,47.8974,-122.18154
5002344,"Monroe","MI","Monroe, MI",20092,41.91643,-83.39771
4151460,"Coconut Grove","FL","Coconut Grove, FL",20076,25.7126,-80.25699
5218802,"West Mifflin","PA","West Mifflin, PA",20075,40.3634,-79.86644
5803457,"Mill Creek","WA","Mill Creek, WA",20043,47.8601,-122.2043
4167424,"Pace","FL","Pace, FL",20039,30.59936,-87.16108
4518188,"Miamisburg","OH","Miamisburg, OH",20034,39.64284,-84.28661
4167601,"Palm Valley","FL","Palm Valley, FL",20019,30.17746,-81.38758
4406282,"Rolla","MO","Rolla, MO",20019,37.95143,-91.77127
5814043,"Tukwila","WA","Tukwila, WA",20018,47.47399,-122.26096
4152926,"DeBary","FL","DeBary, FL",19998,28.88305,-81.30868
5100706,"Lyndhurst","NJ","Lyndhurst, NJ",19996,40.81204,-74.12431
4899170,"Lake Zurich","IL","Lake Zurich, IL",19993,42.19697,-88.09341
5254218,"Germantown","WI","Germantown, WI",19993,43.22862,-88.11037
4103448,"Bryant","AR","Bryant, AR",19986,34.59593,-92.48905
4154606,"Eustis","FL","Eustis, FL",19986,28.85277,-81.68535
4738574,"Universal City","TX","Universal City, TX",19986,29.54801,-98.29112
4302504,"Newburg","KY","Newburg, KY",19967,38.16007,-85.65968
5195561,"Johnstown","PA","Johnstown, PA",19966,40.32674,-78.92197
4596208,"Socastee","SC","Socastee, SC",19952,33.6835,-78.99837
5015688,"Ypsilanti","MI","Ypsilanti, MI",19945,42.24115,-83.61299
5128904,"North Bellmore","NY","North Bellmore, NY",19941,40.69149,-73.53346
5196220,"King of Prussia","PA","King of Prussia, PA",19936,40.08927,-75.39602
5730675,"Hayesville","OR","Hayesville, OR",19936,44.98595,-122.98287
4413595,"Warrensburg","MO","Warrensburg, MO",19927,38.76279,-93.73605
4902475,"Mokena","IL","Mokena, IL",19923,41.52614,-87.88922
4519995,"Norwood","OH","Norwood, OH",19915,39.15561,-84.45966
5126013,"Mariners Harbor","NY","Mariners Harbor, NY",19905,40.63677,-74.15875
5787776,"Bonney Lake","WA","Bonney Lake, WA",19903,47.17705,-122.18651
4686163,"Dickinson","TX","Dickinson, TX",19895,29.46079,-95.05132
5417258,"Clifton","CO","Clifton, CO",19889,39.09193,-108.44898
4161705,"Lealman","FL","Lealman, FL",19879,27.82114,-82.67927
5356521,"Hermosa Beach","CA","Hermosa Beach, CA",19860,33.86224,-118.39952
5137600,"Selden","NY","Selden, NY",19851,40.86649,-73.03566
4461015,"Clemmons","NC","Clemmons, NC",19844,36.02153,-80.382
4562144,"West Chester","PA","West Chester, PA",19842,39.96097,-75.60804
4891431,"Evergreen Park","IL","Evergreen Park, IL",19841,41.72059,-87.70172
4843362,"Southbury","CT","Southbury, CT",19836,41.48148,-73.21317
5178940,"Baldwin","PA","Baldwin, PA",19819,40.33813,-79.97894
4943097,"Marblehead","MA","Marblehead, MA",19808,42.5001,-70.85783
4945911,"Norton","MA","Norton, MA",19808,41.96677,-71.18699
5131692,"Plattsburgh","NY","Plattsburgh, NY",19806,44.69949,-73.45291
5779068,"North Salt Lake","UT","North Salt Lake, UT",19796,40.84856,-111.90688
4550659,"Sand Springs","OK","Sand Springs, OK",19783,36.13981,-96.10889
5166009,"Painesville","OH","Painesville, OH",19776,41.72449,-81.24566
4938378,"Greenfield","MA","Greenfield, MA",19753,42.58759,-72.59953
4521209,"Pickerington","OH","Pickerington, OH",19745,39.88423,-82.7535
4839319,"New Canaan","CT","New Canaan, CT",19738,41.14676,-73.49484
5322850,"Albany","CA","Albany, CA",19735,37.88687,-122.29775
4223413,"Snellville","GA","Snellville, GA",19733,33.85733,-84.01991
5104882,"Sparta","NJ","Sparta, NJ",19722,41.03343,-74.63849
5021828,"Columbia Heights","MN","Columbia Heights, MN",19715,45.0408,-93.263
5121163,"Holtsville","NY","Holtsville, NY",19714,40.81538,-73.04511
5809333,"Salmon Creek","WA","Salmon Creek, WA",19686,45.71067,-122.64899
7261553,"La Crescenta-Montrose","CA","La Crescenta-Montrose, CA",19653,34.23216,-118.23529
4409591,"Spanish Lake","MO","Spanish Lake, MO",19650,38.78783,-90.21594
5052916,"Willmar","MN","Willmar, MN",19638,45.12191,-95.04334
4790534,"Tysons Corner","VA","Tysons Corner, VA",19627,38.91872,-77.23109
5027117,"Forest Lake","MN","Forest Lake, MN",19618,45.27886,-92.98522
4530372,"Bethany","OK","Bethany, OK",19589,35.51867,-97.63226
4773677,"Montclair","VA","Montclair, VA",19570,38.61095,-77.33971
5125523,"Lynbrook","NY","Lynbrook, NY",19558,40.65483,-73.6718
5805815,"Orchards","WA","Orchards, WA",19556,45.66651,-122.56093
5779548,"Payson","UT","Payson, UT",19548,40.0444,-111.73215
5052467,"West Saint Paul","MN","West Saint Paul, MN",19540,44.91608,-93.10161
4299670,"Madisonville","KY","Madisonville, KY",19539,37.3281,-87.49889
4159896,"Ives Estates","FL","Ives Estates, FL",19525,25.96231,-80.17671
4089114,"Selma","AL","Selma, AL",19519,32.40736,-87.0211
5074792,"Papillion","NE","Papillion, NE",19510,41.15444,-96.04224
4902559,"Montgomery","IL","Montgomery, IL",19489,41.73058,-88.3459
5879898,"Badger","AK","Badger, AK",19482,64.8,-147.53333
4264617,"Seymour","IN","Seymour, IN",19478,38.95922,-85.89025
4360201,"Lake Shore","MD","Lake Shore, MD",19477,39.10705,-76.48496
5200499,"McKeesport","PA","McKeesport, PA",19453,40.34785,-79.86422
4168590,"Pinecrest","FL","Pinecrest, FL",19452,25.66705,-80.30811
5280822,"Weirton Heights","WV","Weirton Heights, WV",19450,40.4084,-80.53924
5807212,"Port Angeles","WA","Port Angeles, WA",19448,48.11815,-123.43074
5796984,"Hazel Dell","WA","Hazel Dell, WA",19435,45.67151,-122.66288
4670866,"Angleton","TX","Angleton, TX",19429,29.16941,-95.43188
5504003,"Fernley","NV","Fernley, NV",19418,39.60797,-119.25183
4670234,"Alice","TX","Alice, TX",19408,27.75225,-98.06972
4899012,"Lake Forest","IL","Lake Forest, IL",19408,42.25863,-87.84063
5786485,"Battle Ground","WA","Battle Ground, WA",19407,45.78095,-122.53343
5343303,"Dixon","CA","Dixon, CA",19390,38.44546,-121.8233
4195701,"Forest Park","GA","Forest Park, GA",19383,33.62205,-84.36909
5125738,"Mamaroneck","NY","Mamaroneck, NY",19375,40.94871,-73.73263
4896353,"Homewood","IL","Homewood, IL",19373,41.55726,-87.6656
4141363,"Bear","DE","Bear, DE",19371,39.62928,-75.65826
4315768,"Bayou Cane","LA","Bayou Cane, LA",19355,29.6241,-90.7512
4716805,"Orange","TX","Orange, TX",19347,30.09299,-93.73655
4883207,"Alsip","IL","Alsip, IL",19346,41.66892,-87.73866
4163033,"Lutz","FL","Lutz, FL",19344,28.15112,-82.46148
4356783,"Green Haven","MD","Green Haven, MD",19326,39.13955,-76.54774
4475773,"Lexington","NC","Lexington, NC",19326,35.82403,-80.25338
4884434,"Bellwood","IL","Bellwood, IL",19308,41.88142,-87.88312
4460943,"Clayton","NC","Clayton, NC",19304,35.65071,-78.45639
5221341,"Central Falls","RI","Central Falls, RI",19303,41.89066,-71.39228
5513307,"Sun Valley","NV","Sun Valley, NV",19299,39.5963,-119.77602
5523369,"Horizon City","TX","Horizon City, TX",19288,31.69261,-106.20748
5751632,"Sherwood","OR","Sherwood, OR",19283,45.35651,-122.8401
8480031,"Waterford","CT","Waterford, CT",19281,41.3417,-72.13597
5379678,"Orinda","CA","Orinda, CA",19279,37.87715,-122.17969
5383187,"Pinole","CA","Pinole, CA",19269,38.00437,-122.29886
5106529,"Woodbridge","NJ","Woodbridge, NJ",19265,40.5576,-74.28459
4174317,"Sun City Center","FL","Sun City Center, FL",19258,27.71809,-82.35176
4367372,"Rosedale","MD","Rosedale, MD",19257,39.32011,-76.51552
5711149,"Altamont","OR","Altamont, OR",19257,42.20681,-121.73722
5257029,"Howard","WI","Howard, WI",19250,44.5436,-88.08816
4670074,"Alamo","TX","Alamo, TX",19246,26.18369,-98.12306
5148273,"Broadview Heights","OH","Broadview Heights, OH",19229,41.31394,-81.68513
5216895,"Upper Saint Clair","PA","Upper Saint Clair, PA",19229,40.3359,-80.08339
4995514,"Haslett","MI","Haslett, MI",19220,42.74698,-84.40108
4276248,"Newton","KS","Newton, KS",19216,38.04668,-97.34504
4501931,"Glassboro","NJ","Glassboro, NJ",19216,39.70289,-75.11184
4529292,"Altus","OK","Altus, OK",19214,34.63813,-99.33398
5329649,"Blythe","CA","Blythe, CA",19208,33.6103,-114.59635
5810490,"Silverdale","WA","Silverdale, WA",19204,47.64454,-122.69487
5791159,"Covington","WA","Covington, WA",19197,47.35818,-122.12216
4901445,"Matteson","IL","Matteson, IL",19195,41.50392,-87.7131
5814095,"Tumwater","WA","Tumwater, WA",19190,47.00732,-122.90931
7315274,"Old Jamestown","MO","Old Jamestown, MO",19184,38.83494,-90.28511
5280814,"Weirton","WV","Weirton, WV",19175,40.41896,-80.58952
4528259,"White Oak","OH","White Oak, OH",19167,39.21311,-84.59939
5183234,"Carlisle","PA","Carlisle, PA",19143,40.20148,-77.18887
5127134,"Mineola","NY","Mineola, NY",19139,40.74927,-73.64068
4264688,"Shelbyville","IN","Shelbyville, IN",19133,39.52144,-85.77692
4663494,"Tullahoma","TN","Tullahoma, TN",19128,35.36202,-86.20943
4402245,"Ozark","MO","Ozark, MO",19120,37.02089,-93.20602
5104504,"Secaucus","NJ","Secaucus, NJ",19104,40.78955,-74.05653
4241704,"Jacksonville","IL","Jacksonville, IL",19103,39.73394,-90.22901
5794097,"Fairwood","WA","Fairwood, WA",19102,47.44843,-122.15734
4838116,"Madison","CT","Madison, CT",19100,41.27954,-72.59843
4350288,"Camp Springs","MD","Camp Springs, MD",19096,38.804,-76.90664
5134316,"Ronkonkoma","NY","Ronkonkoma, NY",19082,40.81538,-73.11233
4977222,"Saco","ME","Saco, ME",19078,43.50092,-70.44283
4502901,"Maple Shade","NJ","Maple Shade, NJ",19077,39.95261,-74.99239
5098909,"Hawthorne","NJ","Hawthorne, NJ",19074,40.94926,-74.15375
4692400,"Fresno","TX","Fresno, TX",19069,29.53885,-95.44744
5115962,"East Massapequa","NY","East Massapequa, NY",19069,40.67343,-73.43651
4929023,"Amherst Center","MA","Amherst Center, MA",19065,42.37537,-72.51925
5431710,"Montrose","CO","Montrose, CO",19062,38.47832,-107.87617
4676798,"Brownwood","TX","Brownwood, TX",19031,31.70932,-98.99116
4951594,"Southbridge","MA","Southbridge, MA",19030,42.0751,-72.03341
4889668,"Deerfield","IL","Deerfield, IL",19019,42.17114,-87.84451
5334799,"Castaic","CA","Castaic, CA",19015,34.48888,-118.62287
4689311,"Ennis","TX","Ennis, TX",19007,32.32931,-96.62527
5793639,"Ellensburg","WA","Ellensburg, WA",19001,46.99651,-120.54785
4533580,"Claremore","OK","Claremore, OK",18997,36.3126,-95.61609
4880981,"Waukee","IA","Waukee, IA",18990,41.61166,-93.88523
4160100,"Jasmine Estates","FL","Jasmine Estates, FL",18989,28.29306,-82.6901
5126555,"Melville","NY","Melville, NY",18985,40.79343,-73.41512
5123344,"Kew Gardens","NY","Kew Gardens, NY",18983,40.71427,-73.83097
5262838,"Middleton","WI","Middleton, WI",18979,43.09722,-89.50429
4146723,"Bartow","FL","Bartow, FL",18972,27.89641,-81.84314
5173572,"Sylvania","OH","Sylvania, OH",18965,41.71894,-83.71299
5311433,"Rio Rico","AZ","Rio Rico, AZ",18962,31.47148,-110.97648
4302035,"Murray","KY","Murray, KY",18954,36.61033,-88.31476
5785868,"Arlington","WA","Arlington, WA",18949,48.19871,-122.12514
4212995,"North Druid Hills","GA","North Druid Hills, GA",18947,33.81677,-84.31326
4885689,"Brookfield","IL","Brookfield, IL",18944,41.82392,-87.85173
5128898,"North Bay Shore","NY","North Bay Shore, NY",18944,40.73621,-73.26262
4209448,"Milledgeville","GA","Milledgeville, GA",18931,33.08014,-83.2321
5048814,"Stillwater","MN","Stillwater, MN",18924,45.05636,-92.80604
5113790,"Cortland","NY","Cortland, NY",18907,42.60118,-76.18048
5147097,"Berea","OH","Berea, OH",18874,41.36616,-81.8543
5174550,"Twinsburg","OH","Twinsburg, OH",18872,41.31256,-81.44011
5143198,"Wantagh","NY","Wantagh, NY",18871,40.68371,-73.51013
5143832,"West Hempstead","NY","West Hempstead, NY",18862,40.70482,-73.65013
5281551,"Ansonia","CT","Ansonia, CT",18854,41.34621,-73.079
4094163,"Troy","AL","Troy, AL",18853,31.80877,-85.96995
5162188,"Mayfield Heights","OH","Mayfield Heights, OH",18840,41.51922,-81.4579
4433039,"Laurel","MS","Laurel, MS",18837,31.69405,-89.13061
5140402,"Syosset","NY","Syosset, NY",18829,40.82621,-73.50207
5148326,"Brook Park","OH","Brook Park, OH",18809,41.39838,-81.80458
7262428,"Union Hill-Novelty Hill","WA","Union Hill-Novelty Hill, WA",18805,47.67887,-122.02833
4291255,"Erlanger","KY","Erlanger, KY",18797,39.01673,-84.60078
5134449,"Rossville","NY","Rossville, NY",18792,40.55566,-74.21348
5241248,"South Burlington","VT","South Burlington, VT",18791,44.46699,-73.17096
7261029,"Casa de Oro-Mount Helix","CA","Casa de Oro-Mount Helix, CA",18762,32.76397,-116.96877
4360314,"Langley Park","MD","Langley Park, MD",18755,38.98872,-76.98136
5771960,"Brigham City","UT","Brigham City, UT",18752,41.51021,-112.0155
4226348,"Thomasville","GA","Thomasville, GA",18742,30.83658,-83.97878
4805404,"Fairmont","WV","Fairmont, WV",18733,39.48508,-80.14258
4061234,"Fairhope","AL","Fairhope, AL",18730,30.52297,-87.90333
7258671,"Greater Upper Marlboro","MD","Greater Upper Marlboro, MD",18720,38.83142,-76.74827
5795011,"Frederickson","WA","Frederickson, WA",18719,47.09621,-122.35873
5099738,"Iselin","NJ","Iselin, NJ",18695,40.57538,-74.32237
4225309,"Suwanee","GA","Suwanee, GA",18694,34.05149,-84.0713
4528291,"Whitehall","OH","Whitehall, OH",18694,39.96673,-82.88546
5103580,"Rutherford","NJ","Rutherford, NJ",18690,40.82649,-74.10681
5122413,"Islip","NY","Islip, NY",18689,40.72982,-73.21039
4512060,"Forest Park","OH","Forest Park, OH",18676,39.29034,-84.50411
4373238,"Westminster","MD","Westminster, MD",18670,39.57538,-76.99581
4893037,"Frankfort","IL","Frankfort, IL",18653,41.49587,-87.84866
5164582,"Niles","OH","Niles, OH",18651,41.18284,-80.76536
5261969,"Marshfield","WI","Marshfield, WI",18620,44.66885,-90.1718
4770714,"Lorton","VA","Lorton, VA",18610,38.70428,-77.22776
5101427,"Morristown","NJ","Morristown, NJ",18594,40.79677,-74.48154
4427569,"Gautier","MS","Gautier, MS",18570,30.38575,-88.61169
4885342,"Bourbonnais","IL","Bourbonnais, IL",18569,41.15376,-87.88754
4894061,"Goodings Grove","IL","Goodings Grove, IL",18569,41.6292,-87.93089
4900817,"Macomb","IL","Macomb, IL",18547,40.45921,-90.6718
5102796,"Point Pleasant","NJ","Point Pleasant, NJ",18523,40.08317,-74.06819
4673353,"Bellaire","TX","Bellaire, TX",18518,29.70579,-95.45883
4535783,"El Reno","OK","El Reno, OK",18516,35.53227,-97.95505
5336667,"Chowchilla","CA","Chowchilla, CA",18510,37.123,-120.26018
5371858,"Mead Valley","CA","Mead Valley, CA",18510,33.83335,-117.29615
4358821,"Hyattsville","MD","Hyattsville, MD",18501,38.95594,-76.94553
5730183,"Happy Valley","OR","Happy Valley, OR",18493,45.44679,-122.53037
4957003,"Augusta","ME","Augusta, ME",18471,44.31062,-69.77949
5265702,"Onalaska","WI","Onalaska, WI",18468,43.88441,-91.23514
4908236,"Round Lake","IL","Round Lake, IL",18461,42.35336,-88.09341
4734005,"Stafford","TX","Stafford, TX",18459,29.61607,-95.55772
4917298,"Yorkville","IL","Yorkville, IL",18451,41.64114,-88.44729
4313697,"Winchester","KY","Winchester, KY",18446,37.99008,-84.17965
5779036,"North Ogden","UT","North Ogden, UT",18446,41.30716,-111.96022
4884509,"Bensenville","IL","Bensenville, IL",18440,41.95503,-87.94007
4691833,"Forney","TX","Forney, TX",18418,32.74818,-96.47193
5127315,"Monsey","NY","Monsey, NY",18412,41.11121,-74.06848
4291620,"Fern Creek","KY","Fern Creek, KY",18409,38.15979,-85.58774
4341378,"Shenandoah","LA","Shenandoah, LA",18399,30.4013,-91.00094
4109785,"El Dorado","AR","El Dorado, AR",18386,33.20763,-92.66627
5012521,"Trenton","MI","Trenton, MI",18380,42.13949,-83.17826
5146089,"Ashtabula","OH","Ashtabula, OH",18371,41.86505,-80.78981
4334720,"Natchitoches","LA","Natchitoches, LA",18365,31.76072,-93.08627
5249871,"Cudahy","WI","Cudahy, WI",18353,42.95974,-87.86147
5097315,"Dover","NJ","Dover, NJ",18346,40.88399,-74.5621
4905006,"Ottawa","IL","Ottawa, IL",18342,41.34559,-88.84258
5394842,"Shafter","CA","Shafter, CA",18336,35.50051,-119.27178
4929004,"Amesbury","MA","Amesbury, MA",18313,42.85842,-70.93005
4893070,"Franklin Park","IL","Franklin Park, IL",18312,41.93531,-87.86562
8480062,"Meadowbrook","VA","Meadowbrook, VA",18312,37.44882,-77.47353
4542367,"McAlester","OK","McAlester, OK",18310,34.93343,-95.76971
4169455,"Punta Gorda Isles","FL","Punta Gorda Isles, FL",18306,26.91756,-82.07842
4717232,"Palestine","TX","Palestine, TX",18288,31.76212,-95.63079
5438567,"Sherrelwood","CO","Sherrelwood, CO",18287,39.83776,-105.00137
4382837,"Creve Coeur","MO","Creve Coeur, MO",18276,38.66089,-90.42262
4347839,"Ballenger Creek","MD","Ballenger Creek, MD",18274,39.3726,-77.43526
4681485,"Cinco Ranch","TX","Cinco Ranch, TX",18274,29.73884,-95.758
4066811,"Helena","AL","Helena, AL",18264,33.29622,-86.8436
4946620,"Palmer","MA","Palmer, MA",18261,42.15843,-72.32869
4147241,"Belle Glade","FL","Belle Glade, FL",18251,26.68451,-80.66756
7262761,"Makakilo","HI","Makakilo, HI",18248,21.35237,-158.08655
4759968,"Franconia","VA","Franconia, VA",18245,38.78206,-77.14637
5152833,"Eastlake","OH","Eastlake, OH",18232,41.65394,-81.45039
4396915,"Manchester","MO","Manchester, MO",18229,38.597,-90.50929
5333282,"Cameron Park","CA","Cameron Park, CA",18228,38.66879,-120.98716
5173048,"Steubenville","OH","Steubenville, OH",18219,40.36979,-80.63396
4525304,"Springboro","OH","Springboro, OH",18213,39.55228,-84.23327
7257422,"Wallingford Center","CT","Wallingford Center, CT",18209,41.44987,-72.81892
7258832,"Lanham-Seabrook","MD","Lanham-Seabrook, MD",18190,38.96835,-76.85108
8062667,"Clark-Fulton","OH","Clark-Fulton, OH",18185,41.46402,-81.70979
4386289,"Farmington","MO","Farmington, MO",18181,37.78088,-90.42179
5527953,"Pampa","TX","Pampa, TX",18177,35.53616,-100.95987
4951248,"Somerset","MA","Somerset, MA",18165,41.76955,-71.12866
4155726,"Florida Ridge","FL","Florida Ridge, FL",18164,27.58031,-80.38672
5794559,"Five Corners","WA","Five Corners, WA",18159,45.68456,-122.5751
4456703,"Boone","NC","Boone, NC",18156,36.21679,-81.67455
4172434,"Seminole","FL","Seminole, FL",18153,27.83975,-82.79121
4169452,"Punta Gorda","FL","Punta Gorda, FL",18150,26.92978,-82.04537
5388735,"Rosamond","CA","Rosamond, CA",18150,34.86414,-118.16341
4152564,"Cutler","FL","Cutler, FL",18117,25.6151,-80.31061
4244099,"Mattoon","IL","Mattoon, IL",18113,39.48309,-88.37283
5324802,"Arroyo Grande","CA","Arroyo Grande, CA",18108,35.11859,-120.59073
5803786,"Monroe","WA","Monroe, WA",18090,47.85538,-121.97096
5386015,"Rancho Mirage","CA","Rancho Mirage, CA",18083,33.73974,-116.41279
5198034,"Limerick","PA","Limerick, PA",18074,40.23093,-75.52212
4845871,"Wilton","CT","Wilton, CT",18062,41.19537,-73.4379
5121636,"Huntington","NY","Huntington, NY",18046,40.86815,-73.42568
4166805,"Ojus","FL","Ojus, FL",18036,25.94843,-80.1506
5393128,"Santa Fe Springs","CA","Santa Fe Springs, CA",18026,33.94724,-118.08535
4266307,"Vincennes","IN","Vincennes, IN",18012,38.67727,-87.52863
5107152,"Amsterdam","NY","Amsterdam, NY",18008,42.93869,-74.18819
5420241,"Durango","CO","Durango, CO",18006,37.27528,-107.88007
5097357,"Dumont","NJ","Dumont, NJ",18001,40.94065,-73.99681
4581023,"Hanahan","SC","Hanahan, SC",17997,32.91851,-80.02203
5718601,"Central Point","OR","Central Point, OR",17995,42.37596,-122.91643
5775863,"Highland","UT","Highland, UT",17989,40.42548,-111.79447
4465088,"Elizabeth City","NC","Elizabeth City, NC",17988,36.2946,-76.25105
4945256,"Newburyport","MA","Newburyport, MA",17982,42.81259,-70.87728
4948924,"Rockland","MA","Rockland, MA",17982,42.13066,-70.91616
4982753,"Westbrook","ME","Westbrook, ME",17978,43.67703,-70.37116
4220629,"St. Marys","GA","St. Marys, GA",17968,30.73051,-81.54649
4886738,"Cary","IL","Cary, IL",17965,42.21197,-88.23814
5123718,"Lackawanna","NY","Lackawanna, NY",17965,42.82561,-78.82337
5225631,"Westerly","RI","Westerly, RI",17936,41.3776,-71.82729
4120792,"Maumelle","AR","Maumelle, AR",17931,34.86676,-92.40432
4475622,"Leland","NC","Leland, NC",17924,34.25628,-78.04471
5279436,"Wisconsin Rapids","WI","Wisconsin Rapids, WI",17897,44.38358,-89.81735
4475640,"Lenoir","NC","Lenoir, NC",17888,35.91402,-81.53898
5129134,"North Massapequa","NY","North Massapequa, NY",17886,40.70093,-73.46207
5136433,"Scarsdale","NY","Scarsdale, NY",17885,41.0051,-73.78458
5128266,"Nanuet","NY","Nanuet, NY",17882,41.08871,-74.01347
4326575,"Gretna","LA","Gretna, LA",17880,29.91465,-90.05396
5838198,"Sheridan","WY","Sheridan, WY",17873,44.79719,-106.95618
5128884,"North Amityville","NY","North Amityville, NY",17862,40.6976,-73.42512
5558953,"Arcata","CA","Arcata, CA",17843,40.86652,-124.08284
4389418,"Hannibal","MO","Hannibal, MO",17839,39.70838,-91.35848
5853992,"Wahiawā","HI","Wahiawā, HI",17821,21.50279,-158.02464
4753671,"Colonial Heights","VA","Colonial Heights, VA",17820,37.26804,-77.40726
4243899,"Marion","IL","Marion, IL",17803,37.73061,-88.93313
5096798,"Colonia","NJ","Colonia, NJ",17795,40.57455,-74.30209
4922968,"Logansport","IN","Logansport, IN",17793,40.75448,-86.35667
5130081,"Oswego","NY","Oswego, NY",17787,43.45535,-76.5105
5366531,"Linda","CA","Linda, CA",17773,39.12767,-121.5508
5105433,"Tinton Falls","NJ","Tinton Falls, NJ",17772,40.30428,-74.10042
4239509,"Godfrey","IL","Godfrey, IL",17759,38.9556,-90.18678
5224082,"Portsmouth","RI","Portsmouth, RI",17756,41.60232,-71.25033
4845823,"Willimantic","CT","Willimantic, CT",17737,41.71065,-72.20813
4350160,"Calverton","MD","Calverton, MD",17724,39.05761,-76.93581
4364759,"Oxon Hill","MD","Oxon Hill, MD",17722,38.80345,-76.9897
4370890,"Takoma Park","MD","Takoma Park, MD",17713,38.97789,-77.00748
4845056,"Wallingford","CT","Wallingford, CT",17712,41.45704,-72.82316
4913110,"Sycamore","IL","Sycamore, IL",17712,41.98892,-88.68675
4151440,"Cocoa","FL","Cocoa, FL",17711,28.38612,-80.742
4813878,"Martinsburg","WV","Martinsburg, WV",17700,39.45621,-77.96389
4163388,"Marco Island","FL","Marco Island, FL",17690,25.94121,-81.71842
5173930,"Tiffin","OH","Tiffin, OH",17687,41.1145,-83.17797
5016024,"Albert Lea","MN","Albert Lea, MN",17674,43.64801,-93.36827
4951397,"South Hadley","MA","South Hadley, MA",17652,42.25842,-72.57453
4140463,"Shaw","DC","Shaw, DC",17639,38.91206,-77.02137
4439506,"Ocean Springs","MS","Ocean Springs, MS",17636,30.41131,-88.82781
4896012,"Hinsdale","IL","Hinsdale, IL",17628,41.80086,-87.93701
4262072,"New Castle","IN","New Castle, IN",17621,39.92894,-85.37025
4955993,"Winthrop","MA","Winthrop, MA",17618,42.3751,-70.98283
4502687,"Lindenwold","NJ","Lindenwold, NJ",17613,39.82428,-74.99767
4829307,"Bay City","TX","Bay City, TX",17598,28.98276,-95.9694
5030670,"Hopkins","MN","Hopkins, MN",17591,44.92496,-93.46273
4984029,"Allendale","MI","Allendale, MI",17579,42.97225,-85.95365
5262596,"Menasha","WI","Menasha, WI",17572,44.20221,-88.4465
4905263,"Palos Hills","IL","Palos Hills, IL",17565,41.6967,-87.817
5385082,"Prunedale","CA","Prunedale, CA",17560,36.77579,-121.66967
4754966,"Culpeper","VA","Culpeper, VA",17557,38.47318,-77.99666
6690773,"Stevenson Ranch","CA","Stevenson Ranch, CA",17557,34.39048,-118.57372
4733042,"South Houston","TX","South Houston, TX",17544,29.66301,-95.23549
5055787,"Kirksville","MO","Kirksville, MO",17520,40.19475,-92.58325
5173623,"Tallmadge","OH","Tallmadge, OH",17512,41.10145,-81.44178
5128886,"North Babylon","NY","North Babylon, NY",17509,40.71649,-73.32179
5508180,"Mesquite","NV","Mesquite, NV",17496,36.80553,-114.06719
5164390,"New Philadelphia","OH","New Philadelphia, OH",17484,40.48979,-81.44567
4307238,"Saint Matthews","KY","Saint Matthews, KY",17472,38.25285,-85.65579
4163220,"Maitland","FL","Maitland, FL",17463,28.62778,-81.36312
4903818,"North Aurora","IL","North Aurora, IL",17456,41.80614,-88.3273
4170797,"Safety Harbor","FL","Safety Harbor, FL",17454,27.99085,-82.69316
5164706,"North Canton","OH","North Canton, OH",17441,40.87589,-81.40234
5344942,"East Hemet","CA","East Hemet, CA",17418,33.74002,-116.93891
4373449,"White Oak","MD","White Oak, MD",17403,39.03983,-76.99303
4780837,"Radford","VA","Radford, VA",17403,37.13179,-80.57645
4093753,"Tillmans Corner","AL","Tillmans Corner, AL",17398,30.59019,-88.17084
8062662,"Detroit-Shoreway","OH","Detroit-Shoreway, OH",17382,41.47772,-81.72991
5016450,"Anoka","MN","Anoka, MN",17350,45.19774,-93.38718
5152599,"East Cleveland","OH","East Cleveland, OH",17344,41.53311,-81.57901
4952320,"Sudbury","MA","Sudbury, MA",17343,42.38343,-71.41617
4840767,"Plainville","CT","Plainville, CT",17328,41.67454,-72.85816
4529096,"Ada","OK","Ada, OK",17303,34.77453,-96.67834
5223358,"Middletown","RI","Middletown, RI",17303,41.54566,-71.29144
4356165,"Glassmanor","MD","Glassmanor, MD",17295,38.819,-76.99859
5104836,"South Orange","NJ","South Orange, NJ",17295,40.74899,-74.26126
4765553,"Idylwood","VA","Idylwood, VA",17288,38.89511,-77.21165
4369076,"Seabrook","MD","Seabrook, MD",17287,38.96805,-76.84658
4535414,"Durant","OK","Durant, OK",17286,33.99399,-96.37082
4837278,"Killingly Center","CT","Killingly Center, CT",17282,41.83871,-71.86924
5123456,"Kings Park","NY","Kings Park, NY",17282,40.88621,-73.25734
5717758,"Canby","OR","Canby, OR",17271,45.2629,-122.69259
4404233,"Poplar Bluff","MO","Poplar Bluff, MO",17266,36.757,-90.39289
5374671,"Moraga","CA","Moraga, CA",17256,37.83493,-122.12969
5126187,"Massapequa Park","NY","Massapequa Park, NY",17232,40.68038,-73.45512
5597955,"Kuna","ID","Kuna, ID",17226,43.49183,-116.42012
4062644,"Foley","AL","Foley, AL",17218,30.40659,-87.6836
4170688,"Ruskin","FL","Ruskin, FL",17208,27.72086,-82.43315
5731070,"Hermiston","OR","Hermiston, OR",17201,45.84041,-119.28946
4713932,"Nederland","TX","Nederland, TX",17196,29.97438,-93.9924
5354172,"Greenfield","CA","Greenfield, CA",17184,36.3208,-121.24381
5244267,"Ashwaubenon","WI","Ashwaubenon, WI",17176,44.48221,-88.0701
5367314,"Live Oak","CA","Live Oak, CA",17158,36.98356,-121.98052
4748993,"Bristol","VA","Bristol, VA",17141,36.59649,-82.18847
4303012,"Okolona","KY","Okolona, KY",17134,38.14118,-85.68774
5559320,"Bayside","CA","Bayside, CA",17132,40.84235,-124.06367
5106615,"Wyckoff","NJ","Wyckoff, NJ",17124,41.00954,-74.17292
5145028,"Woodmere","NY","Woodmere, NY",17121,40.63205,-73.71263
4921725,"Huntington","IN","Huntington, IN",17095,40.8831,-85.49748
5359052,"Imperial","CA","Imperial, CA",17095,32.84755,-115.56944
5014224,"Wayne","MI","Wayne, MI",17081,42.28143,-83.38632
4741616,"White Settlement","TX","White Settlement, TX",17077,32.75957,-97.45835
5294167,"Eloy","AZ","Eloy, AZ",17059,32.7559,-111.55484
4798308,"Beckley","WV","Beckley, WV",17056,37.77817,-81.18816
4254957,"Broad Ripple","IN","Broad Ripple, IN",17041,39.86671,-86.14165
5345860,"El Segundo","CA","El Segundo, CA",17037,33.91918,-118.41647
4939647,"Holden","MA","Holden, MA",17016,42.35176,-71.86341
5095325,"Avenel","NJ","Avenel, NJ",17011,40.58038,-74.28515
5116060,"East Setauket","NY","East Setauket, NY",17006,40.94149,-73.10594
4625282,"Goodlettsville","TN","Goodlettsville, TN",16994,36.32311,-86.71333
4194474,"Fayetteville","GA","Fayetteville, GA",16990,33.44873,-84.45493
5235024,"Colchester","VT","Colchester, VT",16986,44.54394,-73.14791
4846757,"Altoona","IA","Altoona, IA",16984,41.64416,-93.46466
4736028,"Terrell","TX","Terrell, TX",16981,32.73596,-96.27526
5324862,"Artesia","CA","Artesia, CA",16961,33.86585,-118.08312
5781783,"South Ogden","UT","South Ogden, UT",16955,41.19189,-111.97133
5071665,"La Vista","NE","La Vista, NE",16921,41.18389,-96.03113
4938836,"Hanover","MA","Hanover, MA",16906,42.11316,-70.81199
5316890,"Tanque Verde","AZ","Tanque Verde, AZ",16901,32.25174,-110.73731
4156857,"Glenvar Heights","FL","Glenvar Heights, FL",16898,25.7076,-80.32561
5745380,"Pendleton","OR","Pendleton, OR",16881,45.67207,-118.7886
5772654,"Centerville","UT","Centerville, UT",16877,40.918,-111.87216
5136421,"Sayville","NY","Sayville, NY",16853,40.73593,-73.08206
4421935,"Clarksdale","MS","Clarksdale, MS",16847,34.20011,-90.57093
4238132,"Fairview Heights","IL","Fairview Heights, IL",16827,38.58894,-89.99038
5165101,"Norwalk","OH","Norwalk, OH",16827,41.24255,-82.61573
4171782,"San Carlos Park","FL","San Carlos Park, FL",16824,26.4673,-81.80147
4933743,"Concord","MA","Concord, MA",16810,42.46037,-71.34895
4659557,"Springfield","TN","Springfield, TN",16808,36.50921,-86.885
5101766,"New Milford","NJ","New Milford, NJ",16801,40.9351,-74.01903
7257726,"North Attleborough Center","MA","North Attleborough Center, MA",16796,41.97263,-71.32474
4888892,"Country Club Hills","IL","Country Club Hills, IL",16795,41.56809,-87.72033
4899581,"Lemont","IL","Lemont, IL",16788,41.67364,-88.00173
5046001,"Sartell","MN","Sartell, MN",16788,45.62163,-94.20694
4619800,"Dyersburg","TN","Dyersburg, TN",16781,36.03452,-89.38563
5151861,"Defiance","OH","Defiance, OH",16776,41.28449,-84.35578
4348353,"Beltsville","MD","Beltsville, MD",16772,39.03483,-76.90747
5789683,"Centralia","WA","Centralia, WA",16753,46.71621,-122.9543
4319518,"Chalmette","LA","Chalmette, LA",16751,29.94296,-89.96537
4911418,"Shorewood","IL","Shorewood, IL",16747,41.52003,-88.20173
4354821,"Ferndale","MD","Ferndale, MD",16746,39.18316,-76.64024
5163799,"Mount Vernon","OH","Mount Vernon, OH",16742,40.3934,-82.48572
4916140,"Westchester","IL","Westchester, IL",16729,41.85059,-87.882
4571722,"Bluffton","SC","Bluffton, SC",16728,32.23715,-80.86039
4226552,"Tifton","GA","Tifton, GA",16725,31.45046,-83.5085
4929417,"Auburn","MA","Auburn, MA",16724,42.19454,-71.83563
5377100,"Nipomo","CA","Nipomo, CA",16714,35.04275,-120.476
4768678,"Laurel","VA","Laurel, VA",16713,37.64292,-77.50887
4735702,"Taylor","TX","Taylor, TX",16702,30.57076,-97.40944
4212992,"North Decatur","GA","North Decatur, GA",16698,33.79038,-84.30603
4480219,"Morganton","NC","Morganton, NC",16692,35.74541,-81.68482
4289445,"Danville","KY","Danville, KY",16690,37.64563,-84.77217
5220798,"Barrington","RI","Barrington, RI",16669,41.74066,-71.30866
4915545,"Washington","IL","Washington, IL",16664,40.70365,-89.40731
5205849,"Phoenixville","PA","Phoenixville, PA",16658,40.13038,-75.51491
4710749,"Mercedes","TX","Mercedes, TX",16657,26.1498,-97.91361
4054378,"Center Point","AL","Center Point, AL",16655,33.64566,-86.6836
4394905,"Lemay","MO","Lemay, MO",16645,38.53339,-90.27928
4845984,"Wolcott","CT","Wolcott, CT",16639,41.60232,-72.98677
4212888,"Norcross","GA","Norcross, GA",16634,33.94121,-84.21353
5757477,"Troutdale","OR","Troutdale, OR",16631,45.53929,-122.38731
5743731,"Oak Grove","OR","Oak Grove, OR",16629,45.41679,-122.64009
5129248,"North Valley Stream","NY","North Valley Stream, NY",16628,40.6851,-73.7018
4353962,"Easton","MD","Easton, MD",16617,38.77428,-76.07633
4935582,"Easthampton","MA","Easthampton, MA",16611,42.26676,-72.66898
7315409,"Bothell West","WA","Bothell West, WA",16607,47.80527,-122.24064
4552707,"Tahlequah","OK","Tahlequah, OK",16598,35.91537,-94.96996
4995664,"Hazel Park","MI","Hazel Park, MI",16597,42.46254,-83.10409
5293083,"Douglas","AZ","Douglas, AZ",16592,31.34455,-109.54534
4336153,"Opelousas","LA","Opelousas, LA",16591,30.53353,-92.08151
4938048,"Grafton","MA","Grafton, MA",16583,42.20704,-71.68562
7260095,"Sandalfoot Cove","FL","Sandalfoot Cove, FL",16582,26.33863,-80.1869
4676206,"Brenham","TX","Brenham, TX",16579,30.16688,-96.39774
4167003,"Opa-locka","FL","Opa-locka, FL",16565,25.90232,-80.25033
5245193,"Beaver Dam","WI","Beaver Dam, WI",16564,43.45777,-88.83733
5338196,"Coalinga","CA","Coalinga, CA",16564,36.13968,-120.36015
4842818,"Seymour","CT","Seymour, CT",16562,41.39676,-73.07594
4997500,"Jenison","MI","Jenison, MI",16538,42.90725,-85.79198
5113142,"Cohoes","NY","Cohoes, NY",16538,42.77424,-73.70012
4952487,"Swansea","MA","Swansea, MA",16525,41.74816,-71.18977
4686593,"Donna","TX","Donna, TX",16523,26.17035,-98.05195
4791160,"Vienna","VA","Vienna, VA",16522,38.90122,-77.26526
4168659,"Pinewood","FL","Pinewood, FL",16520,25.86898,-80.21699
5197159,"Lansdale","PA","Lansdale, PA",16512,40.2415,-75.28379
4656585,"Sevierville","TN","Sevierville, TN",16490,35.86815,-83.56184
4533029,"Chickasha","OK","Chickasha, OK",16488,35.05257,-97.93643
4204007,"Kingsland","GA","Kingsland, GA",16487,30.79996,-81.68983
4738721,"Uvalde","TX","Uvalde, TX",16476,29.20968,-99.78617
4358082,"Hillcrest Heights","MD","Hillcrest Heights, MD",16469,38.83289,-76.95942
4174201,"Stuart","FL","Stuart, FL",16462,27.19755,-80.25283
4936087,"Fairhaven","MA","Fairhaven, MA",16453,41.6376,-70.90365
4254021,"Avon","IN","Avon, IN",16451,39.76282,-86.39972
4346788,"Zachary","LA","Zachary, LA",16448,30.64852,-91.1565
5042773,"Red Wing","MN","Red Wing, MN",16445,44.56247,-92.5338
4408672,"Sikeston","MO","Sikeston, MO",16436,36.87672,-89.58786
5108955,"Bethpage","NY","Bethpage, NY",16429,40.74427,-73.48207
4382072,"Concord","MO","Concord, MO",16421,38.5245,-90.35734
5294937,"Flowing Wells","AZ","Flowing Wells, AZ",16419,32.29396,-111.00982
4885573,"Bridgeview","IL","Bridgeview, IL",16407,41.75003,-87.80422
5153680,"Fairview Park","OH","Fairview Park, OH",16407,41.44144,-81.8643
5364369,"Laguna Woods","CA","Laguna Woods, CA",16406,33.6103,-117.72533
5785657,"Anacortes","WA","Anacortes, WA",16403,48.5126,-122.61267
5002656,"Mount Clemens","MI","Mount Clemens, MI",16400,42.59726,-82.87798
5416005,"Cañon City","CO","Cañon City, CO",16400,38.44098,-105.24245
5045258,"Saint Michael","MN","Saint Michael, MN",16399,45.20996,-93.66496
5104853,"South River","NJ","South River, NJ",16399,40.44649,-74.38598
4292071,"Fort Thomas","KY","Fort Thomas, KY",16398,39.07506,-84.44716
4174425,"Sunset","FL","Sunset, FL",16389,25.70594,-80.35228
4906882,"Prospect Heights","IL","Prospect Heights, IL",16386,42.0953,-87.93757
4920986,"Griffith","IN","Griffith, IN",16378,41.52837,-87.42365
4323873,"Estelle","LA","Estelle, LA",16377,29.84576,-90.10674
7262790,"Schofield Barracks","HI","Schofield Barracks, HI",16370,21.49837,-158.06515
4748305,"Bon Air","VA","Bon Air, VA",16366,37.52487,-77.55777
5265499,"Oconomowoc","WI","Oconomowoc, WI",16360,43.11167,-88.49927
5158067,"Hough","OH","Hough, OH",16359,41.512,-81.63652
4176409,"Vero Beach","FL","Vero Beach, FL",16358,27.63864,-80.39727
5812604,"Sunnyside","WA","Sunnyside, WA",16325,46.32374,-120.00865
5736218,"Lebanon","OR","Lebanon, OR",16324,44.53651,-122.90703
4146934,"Bayshore Gardens","FL","Bayshore Gardens, FL",16323,27.42532,-82.59038
5173210,"Streetsboro","OH","Streetsboro, OH",16312,41.23922,-81.34594
4185657,"Calhoun","GA","Calhoun, GA",16309,34.50259,-84.95105
4902754,"Morton","IL","Morton, IL",16306,40.61282,-89.45926
5262634,"Menomonie","WI","Menomonie, WI",16305,44.87552,-91.91934
5403676,"Truckee","CA","Truckee, CA",16299,39.32796,-120.18325
5155207,"Fremont","OH","Fremont, OH",16297,41.35033,-83.12186
4749627,"Buckhall","VA","Buckhall, VA",16293,38.73178,-77.4311
4692746,"Gainesville","TX","Gainesville, TX",16292,33.62594,-97.13335
5785243,"Aberdeen","WA","Aberdeen, WA",16276,46.97537,-123.81572
5108186,"Baychester","NY","Baychester, NY",16274,40.86928,-73.83645
5099292,"Hopatcong Hills","NJ","Hopatcong Hills, NJ",16267,40.94399,-74.67072
4982236,"Waterville","ME","Waterville, ME",16261,44.55201,-69.63171
5379759,"Oroville","CA","Oroville, CA",16260,39.51394,-121.55776
5134323,"Roosevelt","NY","Roosevelt, NY",16258,40.67871,-73.58902
5088438,"Laconia","NH","Laconia, NH",16227,43.52785,-71.47035
5108707,"Bellmore","NY","Bellmore, NY",16218,40.66871,-73.52707
5030005,"Hibbing","MN","Hibbing, MN",16204,47.42715,-92.93769
4788145,"Sudley","VA","Sudley, VA",16203,38.79289,-77.49749
4192205,"Dublin","GA","Dublin, GA",16197,32.54044,-82.90375
5720495,"Coos Bay","OR","Coos Bay, OR",16182,43.3665,-124.21789
4471851,"Hope Mills","NC","Hope Mills, NC",16163,34.97044,-78.94531
4702732,"Katy","TX","Katy, TX",16158,29.78579,-95.8244
4184845,"Brunswick","GA","Brunswick, GA",16157,31.14995,-81.49149
4802316,"Clarksburg","WV","Clarksburg, WV",16152,39.28065,-80.34453
4701458,"Jollyville","TX","Jollyville, TX",16151,30.4427,-97.77501
4697645,"Highland Village","TX","Highland Village, TX",16149,33.09179,-97.04668
4503346,"Ocean Acres","NJ","Ocean Acres, NJ",16142,39.74345,-74.28098
4794350,"Wolf Trap","VA","Wolf Trap, VA",16131,38.93983,-77.28609
5100748,"Madison","NJ","Madison, NJ",16126,40.75982,-74.4171
4720131,"Portland","TX","Portland, TX",16116,27.87725,-97.32388
7315234,"Midway","FL","Midway, FL",16115,30.40648,-87.00553
4734909,"Sulphur Springs","TX","Sulphur Springs, TX",16098,33.13845,-95.60107
4361831,"Maryland City","MD","Maryland City, MD",16093,39.09205,-76.81775
4131116,"Siloam Springs","AR","Siloam Springs, AR",16081,36.18814,-94.5405
5029181,"Ham Lake","MN","Ham Lake, MN",16062,45.25024,-93.24995
4600541,"West Columbia","SC","West Columbia, SC",16060,33.99349,-81.07398
4920473,"Frankfort","IN","Frankfort, IN",16060,40.27948,-86.51084
4712933,"Mount Pleasant","TX","Mount Pleasant, TX",16051,33.15679,-94.96827
4919820,"Dyer","IN","Dyer, IN",16051,41.4942,-87.52171
5134693,"Rye","NY","Rye, NY",16046,40.98065,-73.68374
4046704,"Fort Hunt","VA","Fort Hunt, VA",16045,38.73289,-77.05803
4179667,"Americus","GA","Americus, GA",16028,32.07239,-84.23269
5193309,"Hermitage","PA","Hermitage, PA",16028,41.23339,-80.44868
5019588,"Buffalo","MN","Buffalo, MN",16026,45.17191,-93.87469
4919381,"Crawfordsville","IN","Crawfordsville, IN",16024,40.04115,-86.87445
4161373,"Lake Mary","FL","Lake Mary, FL",16021,28.75888,-81.31784
4405434,"Republic","MO","Republic, MO",16005,37.12005,-93.48019
4452303,"Albemarle","NC","Albemarle, NC",16003,35.35014,-80.20006
4752136,"Cherry Hill","VA","Cherry Hill, VA",16000,38.56984,-77.26693
4152064,"Country Walk","FL","Country Walk, FL",15997,25.63399,-80.43228
4219001,"Riverdale","GA","Riverdale, GA",15989,33.57261,-84.41326
4928662,"Abington","MA","Abington, MA",15985,42.10482,-70.94532
5117438,"Floral Park","NY","Floral Park, NY",15969,40.72371,-73.70485
4720833,"Prosper","TX","Prosper, TX",15967,33.23623,-96.80111
5407030,"Walnut Park","CA","Walnut Park, CA",15966,33.96807,-118.22507
4718209,"Pecan Grove","TX","Pecan Grove, TX",15963,29.62607,-95.73162
4402178,"Overland","MO","Overland, MO",15959,38.70116,-90.36234
4994391,"Grandville","MI","Grandville, MI",15953,42.90975,-85.76309
5727382,"Four Corners","OR","Four Corners, OR",15947,44.9279,-122.98371
5493403,"Sunland Park","NM","Sunland Park, NM",15940,31.7965,-106.57999
4869195,"North Liberty","IA","North Liberty, IA",15931,41.74918,-91.59795
4286281,"Burlington","KY","Burlington, KY",15926,39.02756,-84.72411
4364964,"Parole","MD","Parole, MD",15922,38.97956,-76.53052
5406421,"Vincent","CA","Vincent, CA",15922,34.50055,-118.11646
4173600,"Southchase","FL","Southchase, FL",15921,28.39306,-81.3834
5404476,"Ukiah","CA","Ukiah, CA",15917,39.15017,-123.20778
4704027,"La Marque","TX","La Marque, TX",15908,29.36857,-94.97131
5101873,"North Arlington","NJ","North Arlington, NJ",15904,40.78843,-74.1332
5364022,"La Palma","CA","La Palma, CA",15904,33.8464,-118.04673
4727605,"Seagoville","TX","Seagoville, TX",15894,32.63958,-96.53832
4922673,"Lebanon","IN","Lebanon, IN",15892,40.04837,-86.46917
4381478,"Clayton","MO","Clayton, MO",15884,38.64255,-90.32373
5130780,"Pearl River","NY","Pearl River, NY",15876,41.05899,-74.02181
4189213,"Conyers","GA","Conyers, GA",15875,33.66761,-84.01769
4165519,"Myrtle Grove","FL","Myrtle Grove, FL",15870,30.42103,-87.30747
4670146,"Aldine","TX","Aldine, TX",15869,29.93245,-95.38021
5223505,"Narragansett","RI","Narragansett, RI",15868,41.4501,-71.4495
5258296,"Kaukauna","WI","Kaukauna, WI",15854,44.27804,-88.27205
5132029,"Port Washington","NY","Port Washington, NY",15846,40.82566,-73.69819
4165869,"New Port Richey","FL","New Port Richey, FL",15842,28.24418,-82.71927
5146233,"Aurora","OH","Aurora, OH",15838,41.31755,-81.34539
4137457,"Adams Morgan","DC","Adams Morgan, DC",15830,38.9215,-77.0422
5240509,"Rutland","VT","Rutland, VT",15824,43.61062,-72.97261
5095281,"Asbury Park","NJ","Asbury Park, NJ",15818,40.22039,-74.01208
7258897,"Lutherville-Timonium","MD","Lutherville-Timonium, MD",15814,39.43997,-76.61099
4929283,"Ashland","MA","Ashland, MA",15802,42.26121,-71.4634
4765520,"Hybla Valley","VA","Hybla Valley, VA",15801,38.74761,-77.08303
4942508,"Longmeadow","MA","Longmeadow, MA",15784,42.0501,-72.58287
4354234,"Elkton","MD","Elkton, MD",15782,39.60678,-75.83327
4994871,"Grosse Pointe Woods","MI","Grosse Pointe Woods, MI",15762,42.44365,-82.90686
4670555,"Alton","TX","Alton, TX",15760,26.28729,-98.31335
4485272,"Pinehurst","NC","Pinehurst, NC",15752,35.19543,-79.46948
4695317,"Groves","TX","Groves, TX",15750,29.94827,-93.91712
4741100,"West University Place","TX","West University Place, TX",15741,29.71801,-95.43383
5219501,"Wilkinsburg","PA","Wilkinsburg, PA",15731,40.44174,-79.88199
4771414,"Manassas Park","VA","Manassas Park, VA",15726,38.784,-77.46971
5219619,"Willow Grove","PA","Willow Grove, PA",15726,40.144,-75.11573
4693150,"Gatesville","TX","Gatesville, TX",15724,31.43516,-97.74391
5146282,"Avon Center","OH","Avon Center, OH",15724,41.45976,-82.01959
4898846,"La Grange","IL","La Grange, IL",15723,41.80503,-87.86923
4272340,"Great Bend","KS","Great Bend, KS",15717,38.36446,-98.76481
4308225,"Shively","KY","Shively, KY",15713,38.20007,-85.82274
4764127,"Highland Springs","VA","Highland Springs, VA",15711,37.54598,-77.32776
4068446,"Hueytown","AL","Hueytown, AL",15710,33.45122,-86.99666
4092788,"Talladega","AL","Talladega, AL",15709,33.43594,-86.1058
4924104,"New Haven","IN","New Haven, IN",15709,41.0706,-85.01441
7315418,"Mill Creek East","WA","Mill Creek East, WA",15709,47.83602,-122.18766
5162851,"Middleburg Heights","OH","Middleburg Heights, OH",15696,41.36144,-81.81291
5380437,"Pacific Grove","CA","Pacific Grove, CA",15674,36.61774,-121.91662
5229794,"Mitchell","SD","Mitchell, SD",15669,43.70943,-98.0298
4699442,"Humble","TX","Humble, TX",15665,29.99883,-95.26216
5423908,"Greenwood Village","CO","Greenwood Village, CO",15663,39.61721,-104.95081
7260966,"Bryn Mawr-Skyway","WA","Bryn Mawr-Skyway, WA",15645,47.4943,-122.24092
4885418,"Bradley","IL","Bradley, IL",15617,41.14198,-87.86115
4354256,"Elkridge","MD","Elkridge, MD",15593,39.21261,-76.71358
4346913,"Aberdeen","MD","Aberdeen, MD",15580,39.50956,-76.16412
4589446,"North Myrtle Beach","SC","North Myrtle Beach, SC",15579,33.81601,-78.68002
4504871,"Williamstown","NJ","Williamstown, NJ",15567,39.68623,-74.99517
4434069,"Long Beach","MS","Long Beach, MS",15555,30.35048,-89.15282
5040477,"Otsego","MN","Otsego, MN",15551,45.27413,-93.59135
5500539,"Boulder City","NV","Boulder City, NV",15551,35.97859,-114.83249
5284756,"Fillmore","CA","Fillmore, CA",15548,34.39916,-118.91815
4161400,"Lake Wales","FL","Lake Wales, FL",15541,27.90141,-81.58591
4669828,"Addison","TX","Addison, TX",15518,32.96179,-96.82917
4353925,"East Riverdale","MD","East Riverdale, MD",15509,38.96206,-76.92192
4475347,"Laurinburg","NC","Laurinburg, NC",15507,34.77405,-79.46282
4429589,"Hernando","MS","Hernando, MS",15503,34.82399,-89.9937
5540831,"Hurricane","UT","Hurricane, UT",15501,37.17526,-113.28995
4840755,"Plainfield","CT","Plainfield, CT",15498,41.67649,-71.91507
4558475,"Hanover","PA","Hanover, PA",15496,39.80066,-76.98304
4205885,"Lithia Springs","GA","Lithia Springs, GA",15491,33.794,-84.66049
5116937,"Farmingville","NY","Farmingville, NY",15481,40.83121,-73.02955
5126208,"Mastic","NY","Mastic, NY",15481,40.80204,-72.84094
7258965,"Setauket-East Setauket","NY","Setauket-East Setauket, NY",15477,40.93064,-73.10179
5098863,"Harrison","NJ","Harrison, NJ",15474,40.74649,-74.15626
5802493,"Martha Lake","WA","Martha Lake, WA",15473,47.85093,-122.2393
5132028,"Port Richmond","NY","Port Richmond, NY",15470,40.63316,-74.13653
4861719,"Indianola","IA","Indianola, IA",15467,41.35805,-93.55744
4215391,"Perry","GA","Perry, GA",15457,32.45821,-83.73157
4259640,"Jasper","IN","Jasper, IN",15451,38.39144,-86.93111
4231523,"Winder","GA","Winder, GA",15447,33.99261,-83.72017
4852065,"Clive","IA","Clive, IA",15447,41.60304,-93.72411
4574989,"Clemson","SC","Clemson, SC",15446,34.68344,-82.83737
4428495,"Greenwood","MS","Greenwood, MS",15431,33.51623,-90.17953
4174861,"Tavares","FL","Tavares, FL",15430,28.80416,-81.72563
4761951,"Great Falls","VA","Great Falls, VA",15427,38.99817,-77.28832
5059836,"Jamestown","ND","Jamestown, ND",15422,46.91054,-98.70844
5140675,"Terrace Heights","NY","Terrace Heights, NY",15421,40.72149,-73.7693
5116570,"Emerson Hill","NY","Emerson Hill, NY",15412,40.60872,-74.09598
5325372,"Avocado Heights","CA","Avocado Heights, CA",15411,34.03612,-117.99118
4464873,"Eden","NC","Eden, NC",15403,36.48847,-79.7667
5146675,"Bay Village","OH","Bay Village, OH",15402,41.48477,-81.92208
4161178,"Lake Butler","FL","Lake Butler, FL",15400,28.50167,-81.54091
5850554,"Makakilo City","HI","Makakilo City, HI",15383,21.34694,-158.08583
5144040,"Westbury","NY","Westbury, NY",15379,40.75566,-73.58763
5330167,"Bostonia","CA","Bostonia, CA",15379,32.80755,-116.93642
4159805,"Iona","FL","Iona, FL",15369,26.52036,-81.96398
4618057,"Dickson","TN","Dickson, TN",15359,36.077,-87.38779
4302529,"Newport","KY","Newport, KY",15354,39.09145,-84.49578
4057835,"Cullman","AL","Cullman, AL",15350,34.17482,-86.84361
4707055,"Live Oak","TX","Live Oak, TX",15346,29.56523,-98.3364
4488232,"Roanoke Rapids","NC","Roanoke Rapids, NC",15345,36.46154,-77.65415
5308305,"Payson","AZ","Payson, AZ",15345,34.23087,-111.32514
4843786,"Storrs","CT","Storrs, CT",15344,41.80843,-72.24952
5756304,"The Dalles","OR","The Dalles, OR",15340,45.59456,-121.17868
5476913,"Los Lunas","NM","Los Lunas, NM",15336,34.80617,-106.73336
4889959,"Dixon","IL","Dixon, IL",15319,41.83892,-89.47955
5245359,"Bellevue","WI","Bellevue, WI",15317,44.44416,-87.9201
4076239,"Millbrook","AL","Millbrook, AL",15314,32.47986,-86.36192
4149077,"Brownsville","FL","Brownsville, FL",15313,25.82176,-80.24116
5854496,"Wailuku","HI","Wailuku, HI",15313,20.89133,-156.50604
8299577,"Warren Township","NJ","Warren Township, NJ",15311,40.60822,-74.51803
5137507,"Seaford","NY","Seaford, NY",15294,40.66593,-73.48818
5815136,"Washougal","WA","Washougal, WA",15288,45.58262,-122.35342
5722064,"Dallas","OR","Dallas, OR",15277,44.91928,-123.31705
5119049,"Graniteville","NY","Graniteville, NY",15272,40.62483,-74.14848
4470566,"Henderson","NC","Henderson, NC",15271,36.32959,-78.39916
4493186,"Stallings","NC","Stallings, NC",15270,35.0907,-80.68618
5268986,"River Falls","WI","River Falls, WI",15269,44.86136,-92.62381
4985744,"Berkley","MI","Berkley, MI",15268,42.50309,-83.18354
4352728,"Damascus","MD","Damascus, MD",15257,39.28844,-77.20387
4308122,"Shelbyville","KY","Shelbyville, KY",15253,38.21201,-85.22357
5572400,"Susanville","CA","Susanville, CA",15247,40.41628,-120.65301
4520905,"Pataskala","OH","Pataskala, OH",15245,39.99562,-82.67433
5012495,"Traverse City","MI","Traverse City, MI",15218,44.76306,-85.62063
5397851,"South Yuba City","CA","South Yuba City, CA",15217,39.11656,-121.63913
4772735,"Merrifield","VA","Merrifield, VA",15212,38.87428,-77.22693
4837648,"Ledyard","CT","Ledyard, CT",15212,41.43982,-72.01424
5098109,"Fords","NJ","Fords, NJ",15187,40.52927,-74.31598
4714582,"New Territory","TX","New Territory, TX",15186,29.59412,-95.68078
6957263,"Kapolei","HI","Kapolei, HI",15186,21.33555,-158.0582
5337908,"Clearlake","CA","Clearlake, CA",15182,38.95823,-122.62637
5567770,"McKinleyville","CA","McKinleyville, CA",15177,40.94652,-124.10062
4959473,"Brunswick","ME","Brunswick, ME",15175,43.91452,-69.96533
4294799,"Highview","KY","Highview, KY",15167,38.14285,-85.62413
5123247,"Kenmore","NY","Kenmore, NY",15160,42.96589,-78.87004
4181936,"Belvedere Park","GA","Belvedere Park, GA",15152,33.75483,-84.26742
5387749,"Ripon","CA","Ripon, CA",15151,37.74159,-121.12438
4367419,"Rossville","MD","Rossville, MD",15147,39.33844,-76.47968
5114900,"Depew","NY","Depew, NY",15146,42.90395,-78.69225
4595374,"Seven Oaks","SC","Seven Oaks, SC",15144,34.04876,-81.14648
4231354,"Wilmington Island","GA","Wilmington Island, GA",15138,32.00355,-80.97372
5381325,"Parlier","CA","Parlier, CA",15138,36.61162,-119.52707
7258633,"Gates-North Gates","NY","Gates-North Gates, NY",15138,43.16547,-77.70066
5344817,"East Rancho Dominguez","CA","East Rancho Dominguez, CA",15135,33.89807,-118.19535
4437982,"Natchez","MS","Natchez, MS",15128,31.56017,-91.40329
4351851,"Cloverly","MD","Cloverly, MD",15126,39.10816,-76.99775
4868907,"Newton","IA","Newton, IA",15125,41.69971,-93.04798
5364916,"Lamont","CA","Lamont, CA",15120,35.25968,-118.91427
4619943,"East Brainerd","TN","East Brainerd, TN",15114,34.99591,-85.15023
4527124,"Vandalia","OH","Vandalia, OH",15106,39.89061,-84.19883
5387687,"Rio Linda","CA","Rio Linda, CA",15106,38.69101,-121.44857
4935434,"East Longmeadow","MA","East Longmeadow, MA",15102,42.06454,-72.51259
5103086,"Ramsey","NJ","Ramsey, NJ",15102,41.05732,-74.14098
4177897,"West Park","FL","West Park, FL",15097,25.98454,-80.19894
4626334,"Greeneville","TN","Greeneville, TN",15094,36.16316,-82.83099
4245152,"Mount Vernon","IL","Mount Vernon, IL",15087,38.31727,-88.90312
4346991,"Adelphi","MD","Adelphi, MD",15086,39.00317,-76.97192
4760232,"Front Royal","VA","Front Royal, VA",15070,38.91817,-78.19444
5278693,"Weston","WI","Weston, WI",15069,44.8908,-89.54762
5512827,"Spanish Springs","NV","Spanish Springs, NV",15064,39.64908,-119.70741
7259265,"Fort Leonard Wood","MO","Fort Leonard Wood, MO",15061,37.70573,-92.15717
4912499,"Sterling","IL","Sterling, IL",15057,41.78864,-89.69622
4793846,"Williamsburg","VA","Williamsburg, VA",15052,37.2707,-76.70746
5315062,"Somerton","AZ","Somerton, AZ",15048,32.59644,-114.70968
4175296,"Three Lakes","FL","Three Lakes, FL",15047,25.64205,-80.39839
4146389,"Auburndale","FL","Auburndale, FL",15035,28.0653,-81.78869
5118743,"Gloversville","NY","Gloversville, NY",15023,43.05285,-74.34375
5523074,"Hereford","TX","Hereford, TX",15021,34.81521,-102.39932
5116303,"Eggertsville","NY","Eggertsville, NY",15019,42.96339,-78.80392
5108093,"Batavia","NY","Batavia, NY",15010,42.99812,-78.18752
5520552,"Dumas","TX","Dumas, TX",15001,35.86559,-101.97324
4749854,"Bull Run","VA","Bull Run, VA",14983,38.78373,-77.52055
5583997,"Ammon","ID","Ammon, ID",14960,43.46964,-111.96664
5855051,"‘Ewa Beach","HI","‘Ewa Beach, HI",14955,21.31556,-158.00722
5306523,"New River","AZ","New River, AZ",14952,33.91587,-112.13599
4703199,"Kilgore","TX","Kilgore, TX",14947,32.38626,-94.87577
5190679,"Fullerton","PA","Fullerton, PA",14925,40.63176,-75.47324
7262897,"Knik-Fairview","AK","Knik-Fairview, AK",14923,61.51262,-149.60012
4940094,"Hudson","MA","Hudson, MA",14907,42.39176,-71.56618
5141175,"Tonawanda","NY","Tonawanda, NY",14907,43.02033,-78.88031
4228452,"Villa Rica","GA","Villa Rica, GA",14904,33.73205,-84.91911
5129147,"North New Hyde Park","NY","North New Hyde Park, NY",14899,40.74316,-73.69319
5578536,"Johnstown","CO","Johnstown, CO",14896,40.33693,-104.9122
4844273,"Tolland","CT","Tolland, CT",14891,41.87149,-72.36869
5518239,"Canyon","TX","Canyon, TX",14887,34.98033,-101.9188
4700550,"Jacksonville","TX","Jacksonville, TX",14884,31.96378,-95.2705
4283974,"Berea","KY","Berea, KY",14882,37.56869,-84.29632
5105300,"Tenafly","NJ","Tenafly, NJ",14880,40.92538,-73.96292
4163384,"Marco","FL","Marco, FL",14879,25.9726,-81.72898
4392163,"Jackson","MO","Jackson, MO",14869,37.38227,-89.66621
4422713,"Corinth","MS","Corinth, MS",14866,34.93425,-88.52227
5339873,"Coto De Caza","CA","Coto De Caza, CA",14866,33.60419,-117.58699
4154465,"Englewood","FL","Englewood, FL",14863,26.96201,-82.3526
4684434,"Crowley","TX","Crowley, TX",14853,32.57903,-97.36252
4925793,"Saint John","IN","Saint John, IN",14850,41.45004,-87.47004
4902181,"Midlothian","IL","Midlothian, IL",14847,41.62531,-87.71755
5443482,"Welby","CO","Welby, CO",14846,39.83665,-104.95915
5194302,"Horsham","PA","Horsham, PA",14842,40.17844,-75.12851
5126209,"Mastic Beach","NY","Mastic Beach, NY",14841,40.76677,-72.85205
4943297,"Mashpee","MA","Mashpee, MA",14834,41.64844,-70.48114
4217214,"Powder Springs","GA","Powder Springs, GA",14826,33.85955,-84.68382
4478253,"Masonboro","NC","Masonboro, NC",14826,34.17934,-77.84748
4392445,"Jennings","MO","Jennings, MO",14819,38.71922,-90.26039
4939191,"Head of Westport","MA","Head of Westport, MA",14809,41.62094,-71.06199
5699404,"Scottsbluff","NE","Scottsbluff, NE",14802,41.86663,-103.66717
7261785,"Sierra Vista Southeast","AZ","Sierra Vista Southeast, AZ",14797,31.45385,-110.21637
4756972,"East Highland Park","VA","East Highland Park, VA",14796,37.58098,-77.40693
4761054,"Glen Allen","VA","Glen Allen, VA",14774,37.66598,-77.50637
5122794,"Johnson City","NY","Johnson City, NY",14773,42.11563,-75.95881
5115258,"Douglaston","NY","Douglaston, NY",14762,40.76871,-73.74708
4711647,"Mineral Wells","TX","Mineral Wells, TX",14754,32.80846,-98.11282
5336190,"Cherryland","CA","Cherryland, CA",14728,37.67938,-122.1033
4088916,"Scottsboro","AL","Scottsboro, AL",14722,34.67231,-86.03415
4081936,"Ozark","AL","Ozark, AL",14719,31.45906,-85.64049
4829843,"Alexander City","AL","Alexander City, AL",14718,32.94401,-85.95385
4161118,"Lady Lake","FL","Lady Lake, FL",14717,28.91749,-81.92286
4165995,"Niceville","FL","Niceville, FL",14714,30.51686,-86.48217
5218827,"West Norriton","PA","West Norriton, PA",14702,40.12955,-75.37852
5004792,"Owosso","MI","Owosso, MI",14699,42.9978,-84.17664
4102412,"Blytheville","AR","Blytheville, AR",14694,35.9273,-89.91898
4833883,"Ellington","CT","Ellington, CT",14693,41.90399,-72.46981
5278931,"Whitewater","WI","Whitewater, WI",14692,42.83362,-88.73233
4394794,"Lebanon","MO","Lebanon, MO",14688,37.6806,-92.66379
4764534,"Hollins","VA","Hollins, VA",14673,37.34125,-79.9431
4111382,"Forrest City","AR","Forrest City, AR",14672,35.00815,-90.78983
5381305,"Parkway","CA","Parkway, CA",14670,38.49602,-121.45884
4351951,"Colesville","MD","Colesville, MD",14647,39.07566,-77.00192
4468525,"Graham","NC","Graham, NC",14647,36.06903,-79.40058
4501234,"Cinnaminson","NJ","Cinnaminson, NJ",14646,39.99678,-74.99267
4993369,"Fraser","MI","Fraser, MI",14636,42.5392,-82.94937
5461353,"Chaparral","NM","Chaparral, NM",14631,32.02376,-106.38566
5096655,"Clark","NJ","Clark, NJ",14628,40.64094,-74.3107
4903803,"Norridge","IL","Norridge, IL",14621,41.96336,-87.82728
4502129,"Hammonton","NJ","Hammonton, NJ",14618,39.63651,-74.80239
4178941,"Zephyrhills","FL","Zephyrhills, FL",14611,28.23362,-82.18119
4188815,"College Park","GA","College Park, GA",14601,33.65344,-84.44937
4762493,"Groveton","VA","Groveton, VA",14598,38.76734,-77.0847
5017822,"Bemidji","MN","Bemidji, MN",14594,47.47356,-94.88028
5355782,"Hawaiian Gardens","CA","Hawaiian Gardens, CA",14592,33.8314,-118.07284
5180934,"Bloomsburg","PA","Bloomsburg, PA",14585,41.0037,-76.45495
4343429,"Thibodaux","LA","Thibodaux, LA",14584,29.79576,-90.82287
5405346,"Valle Vista","CA","Valle Vista, CA",14578,33.7478,-116.89336
5322794,"Alamo","CA","Alamo, CA",14570,37.8502,-122.03218
4192088,"Druid Hills","GA","Druid Hills, GA",14568,33.78038,-84.33604
5233053,"Yankton","SD","Yankton, SD",14557,42.87111,-97.39728
4254304,"Beech Grove","IN","Beech Grove, IN",14548,39.72199,-86.08998
5718492,"Cedar Mill","OR","Cedar Mill, OR",14546,45.52484,-122.81093
4394302,"Lake Saint Louis","MO","Lake Saint Louis, MO",14545,38.79755,-90.78568
5003952,"Northview","MI","Northview, MI",14541,43.04558,-85.60059
4470109,"Harrisburg","NC","Harrisburg, NC",14539,35.32395,-80.65784
4177465,"Warrington","FL","Warrington, FL",14531,30.38409,-87.27497
7262791,"Royal Kunia","HI","Royal Kunia, HI",14525,21.39392,-158.0267
5464806,"Deming","NM","Deming, NM",14522,32.2687,-107.75864
5119251,"Greece","NY","Greece, NY",14519,43.20978,-77.69306
4504250,"Springdale","NJ","Springdale, NJ",14518,39.90261,-74.96628
5102615,"Phillipsburg","NJ","Phillipsburg, NJ",14515,40.69371,-75.19018
5099289,"Hopatcong","NJ","Hopatcong, NJ",14510,40.93288,-74.65933
5177396,"Worthington","OH","Worthington, OH",14498,40.09312,-83.01796
4955544,"Whitman","MA","Whitman, MA",14495,42.08066,-70.9356
5192029,"Greensburg","PA","Greensburg, PA",14495,40.30146,-79.53893
4066449,"Hartselle","AL","Hartselle, AL",14493,34.44343,-86.93528
4164223,"Miami Springs","FL","Miami Springs, FL",14490,25.82232,-80.2895
5138837,"South Farmingdale","NY","South Farmingdale, NY",14486,40.72066,-73.44012
5115923,"East Islip","NY","East Islip, NY",14475,40.73204,-73.18567
5362909,"Kerman","CA","Kerman, CA",14475,36.72356,-120.05988
4927854,"Warsaw","IN","Warsaw, IN",14472,41.2381,-85.85305
4292826,"Glasgow","KY","Glasgow, KY",14470,36.99588,-85.91192
4839636,"North Branford","CT","North Branford, CT",14454,41.3276,-72.76732
5097801,"Fairview","NJ","Fairview, NJ",14451,40.8126,-73.99903
5104952,"Springfield","NJ","Springfield, NJ",14429,40.70491,-74.31723
5588842,"Chubbuck","ID","Chubbuck, ID",14428,42.92075,-112.46609
4172294,"Scott Lake","FL","Scott Lake, FL",14425,25.94148,-80.23199
5043439,"Robbinsdale","MN","Robbinsdale, MN",14418,45.03219,-93.33856
5190360,"Franklin Park","PA","Franklin Park, PA",14415,40.5834,-80.08784
4900013,"Lindenhurst","IL","Lindenhurst, IL",14408,42.41058,-88.02619
4507067,"Bridgetown","OH","Bridgetown, OH",14407,39.15311,-84.63717
4149635,"Callaway","FL","Callaway, FL",14405,30.15298,-85.56993
4722837,"Rio Grande City","TX","Rio Grande City, TX",14404,26.37979,-98.8203
4337291,"Pineville","LA","Pineville, LA",14403,31.3224,-92.4343
4234969,"Cahokia","IL","Cahokia, IL",14402,38.57088,-90.19011
4172150,"Sarasota Springs","FL","Sarasota Springs, FL",14395,27.30894,-82.47954
5373121,"Mill Valley","CA","Mill Valley, CA",14394,37.90604,-122.54498
5030884,"Hugo","MN","Hugo, MN",14388,45.15997,-92.99327
4210397,"Moultrie","GA","Moultrie, GA",14377,31.17991,-83.78906
4349599,"Brooklyn Park","MD","Brooklyn Park, MD",14373,39.22844,-76.61636
4887492,"Chicago Ridge","IL","Chicago Ridge, IL",14373,41.70142,-87.77922
4990242,"Cutlerville","MI","Cutlerville, MI",14370,42.84086,-85.66364
4902706,"Morris","IL","Morris, IL",14363,41.35725,-88.42118
5255628,"Hartford","WI","Hartford, WI",14355,43.31778,-88.37899
4141674,"Brookside","DE","Brookside, DE",14353,39.66706,-75.72688
5099057,"Highland Park","NJ","Highland Park, NJ",14347,40.49594,-74.42432
5108219,"Beacon","NY","Beacon, NY",14347,41.50482,-73.96958
5410382,"Woodcrest","CA","Woodcrest, CA",14347,33.88224,-117.35727
5255057,"Greendale","WI","Greendale, WI",14333,42.94057,-87.99592
4883393,"Antioch","IL","Antioch, IL",14329,42.47724,-88.09564
4159416,"Hunters Creek","FL","Hunters Creek, FL",14321,28.36056,-81.42229
4380202,"Carthage","MO","Carthage, MO",14319,37.17645,-94.31022
5125817,"Manorville","NY","Manorville, NY",14314,40.87371,-72.80788
5382362,"Phelan","CA","Phelan, CA",14304,34.42611,-117.57228
4142683,"Glasgow","DE","Glasgow, DE",14303,39.60483,-75.74521
4570664,"Berea","SC","Berea, SC",14295,34.8854,-82.45596
5118693,"Glens Falls","NY","Glens Falls, NY",14291,43.30952,-73.64401
5368565,"Los Osos","CA","Los Osos, CA",14276,35.31109,-120.8324
5164274,"New Franklin","OH","New Franklin, OH",14275,40.94172,-81.54151
5193342,"Hershey","PA","Hershey, PA",14257,40.28592,-76.65025
4474527,"Knightdale","NC","Knightdale, NC",14256,35.78765,-78.48056
4697330,"Hewitt","TX","Hewitt, TX",14252,31.46239,-97.19584
5323401,"Alpine","CA","Alpine, CA",14236,32.83505,-116.76641
4156748,"Gibsonton","FL","Gibsonton, FL",14234,27.85364,-82.38259
4579484,"Gantt","SC","Gantt, SC",14229,34.80012,-82.42429
4705041,"Lakeway","TX","Lakeway, TX",14217,30.36377,-97.97959
7258303,"Moorestown-Lenola","NJ","Moorestown-Lenola, NJ",14217,39.96591,-74.96441
4481345,"Murraysville","NC","Murraysville, NC",14215,34.29572,-77.84748
4831990,"Canton","IL","Canton, IL",14211,40.55809,-90.03512
5095887,"Bradley Gardens","NJ","Bradley Gardens, NJ",14206,40.56288,-74.6546
5793609,"Elk Plain","WA","Elk Plain, WA",14205,47.05316,-122.39762
5788816,"Camano","WA","Camano, WA",14202,48.17399,-122.52821
5095617,"Berkeley Heights","NJ","Berkeley Heights, NJ",14179,40.68343,-74.44265
4480560,"Mount Holly","NC","Mount Holly, NC",14176,35.29819,-81.01591
4501204,"Cherry Hill Mall","NJ","Cherry Hill Mall, NJ",14171,39.93595,-75.00906
4166936,"Oldsmar","FL","Oldsmar, FL",14170,28.03418,-82.6651
4062861,"Fort Payne","AL","Fort Payne, AL",14150,34.44425,-85.71969
5145142,"Wykagyl","NY","Wykagyl, NY",14146,40.94149,-73.79902
7258782,"Jefferson Valley-Yorktown","NY","Jefferson Valley-Yorktown, NY",14142,41.31797,-73.80066
4578602,"Five Forks","SC","Five Forks, SC",14140,34.80484,-82.22956
5595320,"Hayden","ID","Hayden, ID",14133,47.76602,-116.78658
5570065,"Red Bluff","CA","Red Bluff, CA",14131,40.17849,-122.23583
4839345,"New Fairfield","CT","New Fairfield, CT",14126,41.46648,-73.48568
4892775,"Forest Park","IL","Forest Park, IL",14123,41.87948,-87.81367
4895767,"Hickory Hills","IL","Hickory Hills, IL",14122,41.72559,-87.82506
4940190,"Hyannis","MA","Hyannis, MA",14120,41.65289,-70.2828
5107394,"Arverne","NY","Arverne, NY",14120,40.59122,-73.79597
4895416,"Hazel Crest","IL","Hazel Crest, IL",14118,41.5717,-87.69449
5278897,"Whitefish Bay","WI","Whitefish Bay, WI",14110,43.11334,-87.90009
5106184,"Weehawken","NJ","Weehawken, NJ",14104,40.76955,-74.02042
5582392,"Sterling","CO","Sterling, CO",14104,40.62554,-103.20771
4945734,"North Reading","MA","North Reading, MA",14101,42.57509,-71.07867
5194868,"Indiana","PA","Indiana, PA",14100,40.62146,-79.15253
4155430,"Fish Hawk","FL","Fish Hawk, FL",14087,27.85058,-82.21092
4162783,"Longwood","FL","Longwood, FL",14085,28.70305,-81.3384
4069659,"Jasper","AL","Jasper, AL",14071,33.83122,-87.27751
4487682,"Reidsville","NC","Reidsville, NC",14067,36.35486,-79.66447
4576573,"Dentsville","SC","Dentsville, SC",14062,34.06404,-80.95815
4945848,"Northbridge","MA","Northbridge, MA",14061,42.15148,-71.64951
5128478,"New Cassel","NY","New Cassel, NY",14059,40.75899,-73.56957
5388843,"Rosedale","CA","Rosedale, CA",14058,35.38357,-119.14538
4146161,"Apollo Beach","FL","Apollo Beach, FL",14055,27.77308,-82.40759
4229763,"Waycross","GA","Waycross, GA",14053,31.21368,-82.3557
4413621,"Washington","MO","Washington, MO",14050,38.55811,-91.01209
5248511,"Chippewa Falls","WI","Chippewa Falls, WI",14047,44.93691,-91.39293
4955317,"Westwood","MA","Westwood, MA",14029,42.21399,-71.2245
4301732,"Mount Washington","KY","Mount Washington, KY",14028,38.05006,-85.54579
4935330,"East Bridgewater","MA","East Bridgewater, MA",14021,42.03343,-70.95921
4527660,"Washington Court House","OH","Washington Court House, OH",14019,39.53645,-83.43908
5134235,"Rocky Point","NY","Rocky Point, NY",14014,40.9526,-72.92538
5855319,"Hālawa","HI","Hālawa, HI",14014,21.37944,-157.92167
4939693,"Holliston","MA","Holliston, MA",14010,42.2001,-71.4245
5767918,"Pierre","SD","Pierre, SD",14002,44.36832,-100.35097
4501306,"Collingswood","NJ","Collingswood, NJ",14000,39.91817,-75.07128
7315230,"Horizon West","FL","Horizon West, FL",14000,28.43383,-81.6227
4154336,"Elfers","FL","Elfers, FL",13986,28.21668,-82.72232
5371530,"McFarland","CA","McFarland, CA",13985,35.67801,-119.22927
4884249,"Beach Park","IL","Beach Park, IL",13976,42.42224,-87.8573
5316209,"Sun Lakes","AZ","Sun Lakes, AZ",13975,33.21116,-111.87542
4194121,"Fairburn","GA","Fairburn, GA",13967,33.56706,-84.58104
4899822,"Lincoln","IL","Lincoln, IL",13966,40.14838,-89.36482
4950541,"Seekonk","MA","Seekonk, MA",13966,41.80843,-71.337
4176277,"Upper Grand Lagoon","FL","Upper Grand Lagoon, FL",13963,30.16326,-85.74076
5177007,"Willowick","OH","Willowick, OH",13957,41.6331,-81.46873
4840104,"Orange","CT","Orange, CT",13956,41.27843,-73.02566
5325223,"Auburn","CA","Auburn, CA",13953,38.89657,-121.07689
4173593,"South Venice","FL","South Venice, FL",13949,27.05311,-82.42426
5162137,"Maumee","OH","Maumee, OH",13940,41.56283,-83.65382
5101159,"Middlesex","NJ","Middlesex, NJ",13934,40.5726,-74.49265
5243770,"Allouez","WI","Allouez, WI",13930,44.47749,-88.01621
5308049,"Paradise Valley","AZ","Paradise Valley, AZ",13922,33.53115,-111.94265
4398730,"Moberly","MO","Moberly, MO",13919,39.41837,-92.43824
4916975,"Wood Dale","IL","Wood Dale, IL",13917,41.96336,-87.97896
4189785,"Covington","GA","Covington, GA",13916,33.59678,-83.86018
4220861,"Saint Simon Mills","GA","Saint Simon Mills, GA",13915,31.17079,-81.40732
5525042,"Levelland","TX","Levelland, TX",13914,33.58732,-102.37796
5030977,"Hutchinson","MN","Hutchinson, MN",13913,44.88774,-94.36971
4088628,"Saraland","AL","Saraland, AL",13906,30.82074,-88.07056
5363208,"King City","CA","King City, CA",13902,36.21274,-121.12603
5367427,"Livingston","CA","Livingston, CA",13902,37.38688,-120.72353
4517586,"Marietta","OH","Marietta, OH",13900,39.41535,-81.45484
4758390,"Falls Church","VA","Falls Church, VA",13892,38.88233,-77.17109
5101125,"Metuchen","NJ","Metuchen, NJ",13886,40.54316,-74.3632
5129780,"Olean","NY","Olean, NY",13870,42.07756,-78.42974
5129852,"Oneonta","NY","Oneonta, NY",13862,42.45286,-75.06377
5188815,"Ephrata","PA","Ephrata, PA",13861,40.17982,-76.17884
4508778,"Circleville","OH","Circleville, OH",13857,39.60062,-82.94601
4155824,"Forest City","FL","Forest City, FL",13854,28.66678,-81.44334
4995368,"Harper Woods","MI","Harper Woods, MI",13836,42.43309,-82.92408
5102941,"Princeton Meadows","NJ","Princeton Meadows, NJ",13834,40.33177,-74.56377
5219271,"Whitehall","PA","Whitehall, PA",13834,40.36118,-79.99089
5009004,"Sault Ste. Marie","MI","Sault Ste. Marie, MI",13827,46.4953,-84.34532
5516288,"Andrews","TX","Andrews, TX",13816,32.31872,-102.54572
4470592,"Hendersonville","NC","Hendersonville, NC",13814,35.31873,-82.46095
4915725,"Wauconda","IL","Wauconda, IL",13814,42.25891,-88.13925
5422140,"Fort Carson","CO","Fort Carson, CO",13813,38.73749,-104.78886
5378408,"Oak Park","CA","Oak Park, CA",13811,34.17917,-118.76287
5398563,"Stanford","CA","Stanford, CA",13809,37.42411,-122.16608
5207080,"Pottsville","PA","Pottsville, PA",13802,40.68565,-76.1955
4159077,"Homosassa Springs","FL","Homosassa Springs, FL",13791,28.80359,-82.57593
4584277,"Ladson","SC","Ladson, SC",13790,32.98573,-80.10981
4952468,"Swampscott","MA","Swampscott, MA",13787,42.47093,-70.91755
4524499,"Sharonville","OH","Sharonville, OH",13774,39.26811,-84.41327
4620634,"Elizabethton","TN","Elizabethton, TN",13772,36.34872,-82.21069
4351708,"Clarksburg","MD","Clarksburg, MD",13766,39.23872,-77.27943
4640882,"McMinnville","TN","McMinnville, TN",13759,35.6834,-85.76998
4832121,"Cromwell","CT","Cromwell, CT",13750,41.5951,-72.64537
4185110,"Buford","GA","Buford, GA",13748,34.12066,-84.00435
5015351,"Wixom","MI","Wixom, MI",13746,42.52476,-83.53633
5815599,"West Richland","WA","West Richland, WA",13746,46.3043,-119.36141
5119377,"Greenlawn","NY","Greenlawn, NY",13742,40.86899,-73.36512
5139865,"Stony Brook","NY","Stony Brook, NY",13740,40.92565,-73.14094
5601615,"Mountain Home","ID","Mountain Home, ID",13730,43.13295,-115.6912
5854530,"Waimalu","HI","Waimalu, HI",13730,21.40472,-157.94333
5334423,"Carpinteria","CA","Carpinteria, CA",13727,34.39888,-119.51846
5391291,"Salida","CA","Salida, CA",13722,37.70576,-121.08494
4728608,"Sienna Plantation","TX","Sienna Plantation, TX",13721,29.48607,-95.508
4727596,"Seabrook","TX","Seabrook, TX",13716,29.56412,-95.02548
4063765,"Gardendale","AL","Gardendale, AL",13711,33.6601,-86.81277
4697442,"Hidalgo","TX","Hidalgo, TX",13709,26.10035,-98.26307
4078964,"Muscle Shoals","AL","Muscle Shoals, AL",13706,34.74481,-87.66753
4050880,"Buda","TX","Buda, TX",13705,30.08521,-97.84028
4478877,"Mebane","NC","Mebane, NC",13698,36.09597,-79.26696
4315312,"Baker","LA","Baker, LA",13695,30.58824,-91.16816
4907514,"Richton Park","IL","Richton Park, IL",13695,41.48448,-87.70338
5161493,"Lyndhurst","OH","Lyndhurst, OH",13691,41.52005,-81.48873
4603284,"Athens","TN","Athens, TN",13688,35.44285,-84.59299
7259770,"Fort Campbell North","KY","Fort Campbell North, KY",13685,36.65429,-87.46056
5221875,"East Greenwich","RI","East Greenwich, RI",13682,41.66038,-71.45589
5380883,"Palos Verdes Estates","CA","Palos Verdes Estates, CA",13682,33.80105,-118.39245
4420617,"Canton","MS","Canton, MS",13676,32.61264,-90.03675
4675373,"Boerne","TX","Boerne, TX",13674,29.79466,-98.73197
5103503,"Roselle Park","NJ","Roselle Park, NJ",13670,40.66455,-74.26431
4578977,"Fort Mill","SC","Fort Mill, SC",13662,35.00737,-80.94508
5793271,"East Wenatchee","WA","East Wenatchee, WA",13659,47.41568,-120.29313
5379264,"Olivehurst","CA","Olivehurst, CA",13656,39.09545,-121.55219
4436743,"Moss Point","MS","Moss Point, MS",13654,30.41159,-88.53446
4506487,"Bexley","OH","Bexley, OH",13654,39.96895,-82.93768
5036727,"Marshall","MN","Marshall, MN",13652,44.4469,-95.78835
4082589,"Pell City","AL","Pell City, AL",13646,33.58621,-86.28609
4771808,"Martinsville","VA","Martinsville, VA",13645,36.69153,-79.87254
4209884,"Monroe","GA","Monroe, GA",13641,33.79484,-83.71323
5151117,"Copley","OH","Copley, OH",13641,41.09894,-81.64457
4573888,"Cayce","SC","Cayce, SC",13619,33.96571,-81.07398
5106262,"West Freehold","NJ","West Freehold, NJ",13613,40.24206,-74.30126
4542692,"Miami","OK","Miami, OK",13611,36.87451,-94.87746
4898850,"La Grange Park","IL","La Grange Park, IL",13608,41.83475,-87.86173
5807236,"Port Orchard","WA","Port Orchard, WA",13607,47.54037,-122.63625
4944122,"Millbury","MA","Millbury, MA",13606,42.19398,-71.76007
5119899,"Hampton Bays","NY","Hampton Bays, NY",13603,40.86899,-72.51759
5354552,"Grover Beach","CA","Grover Beach, CA",13600,35.12164,-120.62128
5108844,"Bergen Beach","NY","Bergen Beach, NY",13596,40.62038,-73.9068
5088597,"Lebanon","NH","Lebanon, NH",13579,43.64229,-72.25176
4475767,"Lewisville","NC","Lewisville, NC",13567,36.09708,-80.41922
5122638,"Jericho","NY","Jericho, NY",13567,40.79204,-73.53985
5257080,"Hudson","WI","Hudson, WI",13566,44.97469,-92.75687
5211683,"Sharon","PA","Sharon, PA",13562,41.23311,-80.4934
5105809,"Verona","NJ","Verona, NJ",13545,40.82982,-74.24015
4251003,"Swansea","IL","Swansea, IL",13543,38.53394,-89.98899
5175726,"Warrensville Heights","OH","Warrensville Heights, OH",13542,41.43505,-81.53623
4492722,"Southern Pines","NC","Southern Pines, NC",13539,35.17405,-79.39225
4907683,"Riverdale","IL","Riverdale, IL",13536,41.63337,-87.6331
4167647,"Palmetto Estates","FL","Palmetto Estates, FL",13535,25.62149,-80.362
4046332,"Henderson","TX","Henderson, TX",13529,32.15322,-94.79938
4356280,"Glenmont","MD","Glenmont, MD",13529,39.05789,-77.0497
5039537,"North Mankato","MN","North Mankato, MN",13529,44.1733,-94.03385
4142969,"Hockessin","DE","Hockessin, DE",13527,39.78761,-75.6966
4153188,"Destin","FL","Destin, FL",13523,30.39353,-86.49578
4165069,"Mount Dora","FL","Mount Dora, FL",13519,28.80249,-81.64452
5802035,"Lynden","WA","Lynden, WA",13517,48.9465,-122.45211
4357617,"Havre de Grace","MD","Havre de Grace, MD",13504,39.54928,-76.09162
5218069,"Washington","PA","Washington, PA",13497,40.17396,-80.24617
4497833,"Waxhaw","NC","Waxhaw, NC",13495,34.92459,-80.7434
5815759,"White Center","WA","White Center, WA",13495,47.51732,-122.35485
4338818,"River Ridge","LA","River Ridge, LA",13494,29.9602,-90.21563
4166979,"Olympia Heights","FL","Olympia Heights, FL",13488,25.72677,-80.35533
6930979,"Village of Campton Hills","IL","Village of Campton Hills, IL",13483,41.9366,-88.3975
4151745,"Conway","FL","Conway, FL",13467,28.50278,-81.33062
4356289,"Glenn Dale","MD","Glenn Dale, MD",13466,38.98761,-76.82053
5392400,"San Marino","CA","San Marino, CA",13464,34.1214,-118.10646
4511064,"Englewood","OH","Englewood, OH",13460,39.87756,-84.30217
4590184,"Orangeburg","SC","Orangeburg, SC",13460,33.49182,-80.85565
5396974,"Solana Beach","CA","Solana Beach, CA",13449,32.99115,-117.27115
4736922,"Timberwood Park","TX","Timberwood Park, TX",13447,29.70578,-98.47835
4707295,"Lockhart","TX","Lockhart, TX",13446,29.88494,-97.67
5148115,"Brecksville","OH","Brecksville, OH",13440,41.31978,-81.62679
4918962,"Chesterton","IN","Chesterton, IN",13433,41.61059,-87.0642
5046038,"Sauk Rapids","MN","Sauk Rapids, MN",13424,45.59191,-94.1661
7259013,"South Park Township","PA","South Park Township, PA",13416,40.29864,-79.99405
7262019,"Oatfield","OR","Oatfield, OR",13415,45.41418,-122.60007
5855327,"Hālawa Heights","HI","Hālawa Heights, HI",13408,21.37848,-157.91388
4518550,"Monroe","OH","Monroe, OH",13393,39.44034,-84.36216
7315398,"Kings Park West","VA","Kings Park West, VA",13390,38.81443,-77.29582
5128433,"Nesconset","NY","Nesconset, NY",13387,40.85204,-73.154
5475433,"Las Vegas","NM","Las Vegas, NM",13386,35.59393,-105.2239
4388402,"Grain Valley","MO","Grain Valley, MO",13379,39.01501,-94.19856
5187542,"Dunmore","PA","Dunmore, PA",13379,41.4198,-75.63241
5019116,"Brainerd","MN","Brainerd, MN",13371,46.35802,-94.20083
4916161,"Western Springs","IL","Western Springs, IL",13369,41.80975,-87.90062
5343202,"Discovery Bay","CA","Discovery Bay, CA",13352,37.90854,-121.60023
4254282,"Bedford","IN","Bedford, IN",13347,38.86116,-86.48721
7259949,"Bellair-Meadowbrook Terrace","FL","Bellair-Meadowbrook Terrace, FL",13343,30.17881,-81.74341
5135192,"Saint James","NY","Saint James, NY",13338,40.87899,-73.15678
5133832,"Ridge","NY","Ridge, NY",13336,40.89399,-72.89594
5039173,"New Ulm","MN","New Ulm, MN",13327,44.31246,-94.46053
5079250,"South Sioux City","NE","South Sioux City, NE",13319,42.47388,-96.41364
4915525,"Warrenville","IL","Warrenville, IL",13317,41.81781,-88.1734
5228673,"Huron","SD","Huron, SD",13313,44.36332,-98.21426
5273084,"Shorewood","WI","Shorewood, WI",13311,43.08918,-87.88758
5278073,"Waunakee","WI","Waunakee, WI",13311,43.19194,-89.45567
4570284,"Beaufort","SC","Beaufort, SC",13306,32.43158,-80.66983
5325327,"Avenal","CA","Avenal, CA",13301,36.00412,-120.12903
5038045,"Monticello","MN","Monticello, MN",13299,45.30552,-93.79414
5133926,"Riverhead","NY","Riverhead, NY",13299,40.91704,-72.66204
4527963,"West Carrollton City","OH","West Carrollton City, OH",13297,39.67228,-84.25216
5098247,"Franklin Park","NJ","Franklin Park, NJ",13295,40.43899,-74.53515
4485355,"Piney Green","NC","Piney Green, NC",13293,34.716,-77.32024
5182534,"Butler","PA","Butler, PA",13289,40.86118,-79.89533
4151162,"Citrus Ridge","FL","Citrus Ridge, FL",13285,28.33385,-81.64232
5026416,"Fergus Falls","MN","Fergus Falls, MN",13281,46.28302,-96.07756
4673258,"Beeville","TX","Beeville, TX",13277,28.40095,-97.74974
5332748,"California City","CA","California City, CA",13277,35.1258,-117.9859
4156975,"Gonzalez","FL","Gonzalez, FL",13273,30.58158,-87.29136
5051197,"Vadnais Heights","MN","Vadnais Heights, MN",13266,45.05747,-93.07383
4945486,"North Adams","MA","North Adams, MA",13263,42.70092,-73.10871
4167632,"Palmetto","FL","Palmetto, FL",13249,27.52143,-82.57232
5800227,"Lake Forest Park","WA","Lake Forest Park, WA",13243,47.75676,-122.28096
4493035,"Spring Lake","NC","Spring Lake, NC",13234,35.16794,-78.97281
5101103,"Mercerville","NJ","Mercerville, NJ",13230,40.23705,-74.68655
5185006,"Colonial Park","PA","Colonial Park, PA",13229,40.30064,-76.80969
4537641,"Glenpool","OK","Glenpool, OK",13225,35.95537,-96.00888
4156340,"Fruitville","FL","Fruitville, FL",13224,27.32977,-82.4576
4592485,"Red Hill","SC","Red Hill, SC",13223,33.99961,-79.2581
5366604,"Lindsay","CA","Lindsay, CA",13217,36.20301,-119.08816
4053050,"Calera","AL","Calera, AL",13213,33.1029,-86.7536
5174830,"University Heights","OH","University Heights, OH",13202,41.49783,-81.53735
4420719,"Carriere","MS","Carriere, MS",13198,30.61686,-89.65256
4146354,"Atlantic Beach","FL","Atlantic Beach, FL",13193,30.33441,-81.3987
4912698,"Streator","IL","Streator, IL",13182,41.12087,-88.83535
5555235,"Lea Hill","WA","Lea Hill, WA",13182,47.32621,-122.18151
5854189,"Waianae","HI","Waianae, HI",13177,21.43785,-158.18555
4824469,"Teays Valley","WV","Teays Valley, WV",13175,38.45009,-81.9293
5429208,"Lone Tree","CO","Lone Tree, CO",13175,39.55171,-104.8863
4748726,"Brandermill","VA","Brandermill, VA",13173,37.43209,-77.64971
4658766,"Soddy-Daisy","TN","Soddy-Daisy, TN",13171,35.2359,-85.19079
5810995,"Snoqualmie","WA","Snoqualmie, WA",13169,47.52871,-121.82539
5154905,"Fostoria","OH","Fostoria, OH",13167,41.157,-83.41687
5102118,"Oakland","NJ","Oakland, NJ",13165,41.01315,-74.26431
5104630,"Short Hills","NJ","Short Hills, NJ",13165,40.74788,-74.32543
4954654,"Wayland","MA","Wayland, MA",13155,42.3626,-71.36145
4948449,"Raynham","MA","Raynham, MA",13153,41.94871,-71.0731
4557247,"Coatesville","PA","Coatesville, PA",13148,39.98316,-75.82384
4508885,"Clayton","OH","Clayton, OH",13146,39.86311,-84.3605
4275261,"McPherson","KS","McPherson, KS",13144,38.37084,-97.66421
4321310,"Crowley","LA","Crowley, LA",13144,30.21409,-92.37458
4113956,"Harrison","AR","Harrison, AR",13138,36.22979,-93.10768
5103637,"Saddle Brook","NJ","Saddle Brook, NJ",13130,40.89899,-74.09264
5146965,"Bellefontaine","OH","Bellefontaine, OH",13117,40.36116,-83.75966
5414069,"Black Forest","CO","Black Forest, CO",13116,39.01305,-104.70081
5103256,"Ridgefield Park","NJ","Ridgefield Park, NJ",13102,40.85704,-74.02153
4198514,"Grovetown","GA","Grovetown, GA",13093,33.45042,-82.19818
4283133,"Bardstown","KY","Bardstown, KY",13091,37.80923,-85.4669
5094817,"Windham","NH","Windham, NH",13091,42.80064,-71.30423
5053460,"Worthington","MN","Worthington, MN",13090,43.61996,-95.5964
5338929,"Commerce","CA","Commerce, CA",13081,34.00057,-118.15979
5735537,"La Grande","OR","La Grande, OR",13074,45.32458,-118.08772
5210117,"Saint Marys","PA","Saint Marys, PA",13070,41.42784,-78.56086
5274787,"Stoughton","WI","Stoughton, WI",13067,42.91695,-89.21789
5799819,"Kingsgate","WA","Kingsgate, WA",13065,47.72704,-122.17957
5118398,"Geneva","NY","Geneva, NY",13062,42.86896,-76.97774
5200644,"Meadville","PA","Meadville, PA",13061,41.64144,-80.15145
4162539,"Lockhart","FL","Lockhart, FL",13060,28.61944,-81.44257
4939004,"Harwich","MA","Harwich, MA",13059,41.68622,-70.07585
4822764,"South Charleston","WV","South Charleston, WV",13045,38.36843,-81.69957
4943648,"Medway","MA","Medway, MA",13042,42.14176,-71.39673
4397211,"Marshall","MO","Marshall, MO",13039,39.12308,-93.19687
4727022,"Santa Fe","TX","Santa Fe, TX",13037,29.37801,-95.10576
4482101,"Newton","NC","Newton, NC",13035,35.66986,-81.22147
5377266,"North Auburn","CA","North Auburn, CA",13022,38.93129,-121.08189
5401297,"Tehachapi","CA","Tehachapi, CA",13021,35.13219,-118.44897
4406783,"Saint Ann","MO","Saint Ann, MO",13020,38.72727,-90.38317
4175269,"Thonotosassa","FL","Thonotosassa, FL",13014,28.06141,-82.30231
5116602,"Endicott","NY","Endicott, NY",13014,42.09841,-76.04937
4256085,"Connersville","IN","Connersville, IN",13010,39.64116,-85.14107
5107374,"Arrochar","NY","Arrochar, NY",13010,40.59844,-74.07264
5794276,"Ferndale","WA","Ferndale, WA",13010,48.8465,-122.59101
4164387,"Middleburg","FL","Middleburg, FL",13008,30.06885,-81.86038
4907131,"Rantoul","IL","Rantoul, IL",13008,40.30837,-88.15588
5156493,"Greenville","OH","Greenville, OH",13006,40.10283,-84.63301
4220866,"Saint Simons Island","GA","Saint Simons Island, GA",13000,31.15051,-81.36954
4556050,"Woodward","OK","Woodward, OK",12993,36.43365,-99.39039
5007400,"Rochester","MI","Rochester, MI",12993,42.68059,-83.13382
4160789,"Key Biscayne","FL","Key Biscayne, FL",12990,25.69371,-80.16282
5084633,"Claremont","NH","Claremont, NH",12984,43.37674,-72.34676
5440838,"Superior","CO","Superior, CO",12980,39.95276,-105.1686
4917712,"Auburn","IN","Auburn, IN",12979,41.36699,-85.05886
4170894,"Saint Augustine","FL","Saint Augustine, FL",12975,29.89469,-81.31452
5167350,"Powell","OH","Powell, OH",12972,40.15784,-83.07519
4898152,"Justice","IL","Justice, IL",12968,41.74448,-87.83783
4239465,"Glen Carbon","IL","Glen Carbon, IL",12966,38.74838,-89.98316
4345850,"West Monroe","LA","West Monroe, LA",12966,32.51848,-92.14764
5369906,"Malibu","CA","Malibu, CA",12965,34.02577,-118.7804
5517469,"Borger","TX","Borger, TX",12964,35.66782,-101.39739
5859699,"College","AK","College, AK",12964,64.85694,-147.80278
4249910,"Shiloh","IL","Shiloh, IL",12961,38.56144,-89.89732
7257905,"Fort Drum","NY","Fort Drum, NY",12955,44.05843,-75.76189
5353775,"Grass Valley","CA","Grass Valley, CA",12944,39.21906,-121.06106
4775981,"Newington","VA","Newington, VA",12943,38.73845,-77.18498
4835395,"Greenwich","CT","Greenwich, CT",12942,41.02649,-73.62846
7261608,"Lakeland North","WA","Lakeland North, WA",12942,47.33343,-122.27695
5196245,"Kingston","PA","Kingston, PA",12941,41.26175,-75.89686
4387496,"Fulton","MO","Fulton, MO",12939,38.84671,-91.94796
4270863,"El Dorado","KS","El Dorado, KS",12931,37.81724,-96.86225
5143443,"Wawarsing","NY","Wawarsing, NY",12925,41.75898,-74.35738
5038373,"Mounds View","MN","Mounds View, MN",12914,45.10497,-93.20856
4240540,"Herrin","IL","Herrin, IL",12910,37.80311,-89.02757
4428539,"Grenada","MS","Grenada, MS",12900,33.769,-89.80842
5152243,"Dover","OH","Dover, OH",12899,40.52062,-81.47401
5098805,"Hanover","NJ","Hanover, NJ",12898,40.80454,-74.36682
4383306,"Dardenne Prairie","MO","Dardenne Prairie, MO",12890,38.7695,-90.72902
5750041,"Saint Helens","OR","Saint Helens, OR",12883,45.864,-122.80649
4691766,"Forest Hill","TX","Forest Hill, TX",12881,32.67208,-97.26918
4562088,"Weigelstown","PA","Weigelstown, PA",12875,39.98371,-76.82247
4190598,"Dallas","GA","Dallas, GA",12870,33.92371,-84.84077
5254404,"Glendale","WI","Glendale, WI",12870,43.13529,-87.93564
4983611,"York Beach","ME","York Beach, ME",12854,43.17148,-70.60894
7258741,"Holiday City-Berkeley","NJ","Holiday City-Berkeley, NJ",12831,39.9638,-74.27803
4115429,"Hot Springs Village","AR","Hot Springs Village, AR",12807,34.67204,-92.99879
5422534,"Fruita","CO","Fruita, CO",12795,39.15887,-108.72899
4359858,"Kettering","MD","Kettering, MD",12790,38.88456,-76.81469
4671545,"Athens","TX","Athens, TX",12788,32.20487,-95.85552
4363611,"New Carrollton","MD","New Carrollton, MD",12786,38.96983,-76.87997
4720072,"Port Neches","TX","Port Neches, TX",12786,29.99132,-93.95851
5098781,"Hamilton Square","NJ","Hamilton Square, NJ",12784,40.22733,-74.65321
5116900,"Fallsburg","NY","Fallsburg, NY",12773,41.73204,-74.60127
4932823,"Charlton","MA","Charlton, MA",12764,42.13565,-71.97007
5137529,"Seaside","NY","Seaside, NY",12754,40.58316,-73.82819
5146831,"Bedford","OH","Bedford, OH",12747,41.39311,-81.53651
4267594,"Andover","KS","Andover, KS",12745,37.7139,-97.13643
4511642,"Finneytown","OH","Finneytown, OH",12741,39.20034,-84.5205
4535823,"Elk City","OK","Elk City, OK",12717,35.41199,-99.40426
5203211,"New Kensington","PA","New Kensington, PA",12713,40.56979,-79.76477
5150986,"Conneaut","OH","Conneaut, OH",12712,41.94756,-80.55424
4832745,"Derby","CT","Derby, CT",12700,41.32065,-73.089
4849051,"Boone","IA","Boone, IA",12692,42.0597,-93.88023
4333533,"Minden","LA","Minden, LA",12690,32.61543,-93.28684
4641495,"Middle Valley","TN","Middle Valley, TN",12684,35.1959,-85.18468
4901229,"Markham","IL","Markham, IL",12682,41.59365,-87.69477
4316329,"Belle Chasse","LA","Belle Chasse, LA",12679,29.85493,-89.99063
4366966,"Riviera Beach","MD","Riviera Beach, MD",12677,39.16678,-76.50802
5090910,"Pelham","NH","Pelham, NH",12676,42.73453,-71.32451
5381796,"Pedley","CA","Pedley, CA",12672,33.97529,-117.47588
5345888,"El Sobrante","CA","El Sobrante, CA",12669,37.97715,-122.29525
5851349,"Nānākuli","HI","Nānākuli, HI",12666,21.39362,-158.15429
4435318,"McComb","MS","McComb, MS",12661,31.24379,-90.45315
4092671,"Sylacauga","AL","Sylacauga, AL",12657,33.17317,-86.25164
5354943,"Half Moon Bay","CA","Half Moon Bay, CA",12657,37.46355,-122.42859
4205724,"Lilburn","GA","Lilburn, GA",12655,33.8901,-84.14297
4235587,"Centralia","IL","Centralia, IL",12655,38.52505,-89.1334
5815605,"West Valley","WA","West Valley, WA",12655,46.59207,-120.60507
5391615,"San Anselmo","CA","San Anselmo, CA",12653,37.97465,-122.56164
5785909,"Artondale","WA","Artondale, WA",12653,47.29954,-122.62069
4899988,"Lincolnwood","IL","Lincolnwood, IL",12646,42.00448,-87.73006
4167695,"Panama City Beach","FL","Panama City Beach, FL",12624,30.17659,-85.80549
5201776,"Montgomeryville","PA","Montgomeryville, PA",12624,40.24733,-75.24379
4359619,"Joppatowne","MD","Joppatowne, MD",12616,39.45789,-76.35524
4953804,"Uxbridge","MA","Uxbridge, MA",12614,42.07732,-71.62951
4237727,"Effingham","IL","Effingham, IL",12604,39.12004,-88.54338
4060954,"Eufaula","AL","Eufaula, AL",12596,31.89127,-85.14549
4887198,"Channahon","IL","Channahon, IL",12594,41.42948,-88.22867
4076842,"Moody","AL","Moody, AL",12593,33.59094,-86.49082
4517140,"Loveland","OH","Loveland, OH",12585,39.26895,-84.26383
4173431,"South Daytona","FL","South Daytona, FL",12584,29.16582,-81.0045
5267332,"Platteville","WI","Platteville, WI",12572,42.73416,-90.47846
4579418,"Gaffney","SC","Gaffney, SC",12566,35.07179,-81.64982
4359721,"Kemp Mill","MD","Kemp Mill, MD",12564,39.039,-77.01914
5043608,"Rogers","MN","Rogers, MN",12562,45.18885,-93.55301
4146464,"Azalea Park","FL","Azalea Park, FL",12556,28.54111,-81.30062
4635268,"Lakeland","TN","Lakeland, TN",12553,35.23064,-89.74036
4722231,"Rendon","TX","Rendon, TX",12552,32.57625,-97.2414
4905259,"Palos Heights","IL","Palos Heights, IL",12545,41.66809,-87.79644
5176759,"Wickliffe","OH","Wickliffe, OH",12545,41.60533,-81.45345
5277142,"Verona","WI","Verona, WI",12540,42.99083,-89.53318
5015456,"Woodhaven","MI","Woodhaven, MI",12539,42.13893,-83.2416
5329954,"Bonita","CA","Bonita, CA",12538,32.65783,-117.03003
4898433,"Kewanee","IL","Kewanee, IL",12533,41.24559,-89.92483
5106303,"Woodland Park","NJ","Woodland Park, NJ",12518,40.88982,-74.19487
4180775,"Bainbridge","GA","Bainbridge, GA",12507,30.9038,-84.57547
4350175,"Cambridge","MD","Cambridge, MD",12507,38.56317,-76.07883
4930183,"Bedford","MA","Bedford, MA",12502,42.49065,-71.27617
4845926,"Windsor Locks","CT","Windsor Locks, CT",12498,41.92926,-72.62731
4916891,"Winnetka","IL","Winnetka, IL",12472,42.10808,-87.7359
5101775,"New Providence","NJ","New Providence, NJ",12469,40.69843,-74.40154
5826559,"Green River","WY","Green River, WY",12465,41.52858,-109.46625
5353484,"Grand Terrace","CA","Grand Terrace, CA",12464,34.0339,-117.31365
5130672,"Patchogue","NY","Patchogue, NY",12463,40.76565,-73.01511
5096371,"Cedar Grove","NJ","Cedar Grove, NJ",12457,40.85177,-74.22903
5178481,"Ardmore","PA","Ardmore, PA",12455,40.00678,-75.28546
4528463,"Wilmington","OH","Wilmington, OH",12449,39.44534,-83.82854
5103286,"Ringwood","NJ","Ringwood, NJ",12448,41.11343,-74.24543
4262293,"North Madison","IN","North Madison, IN",12435,38.76784,-85.39663
5582371,"Steamboat Springs","CO","Steamboat Springs, CO",12435,40.48498,-106.83172
4314295,"Abbeville","LA","Abbeville, LA",12434,29.97465,-92.13429
5253498,"Fort Atkinson","WI","Fort Atkinson, WI",12426,42.92889,-88.83705
5364414,"Lake Arrowhead","CA","Lake Arrowhead, CA",12424,34.24834,-117.18921
4069243,"Irondale","AL","Irondale, AL",12423,33.53816,-86.70721
4708328,"Lumberton","TX","Lumberton, TX",12421,30.26577,-94.19963
5365113,"Larkspur","CA","Larkspur, CA",12417,37.93409,-122.53525
4720067,"Port Lavaca","TX","Port Lavaca, TX",12416,28.615,-96.62609
7258318,"Mount Vernon","VA","Mount Vernon, VA",12416,38.71412,-77.10082
4419500,"Brookhaven","MS","Brookhaven, MS",12414,31.57906,-90.44065
5189493,"Fernway","PA","Fernway, PA",12414,40.69479,-80.13089
5063646,"Beatrice","NE","Beatrice, NE",12388,40.26806,-96.74697
4276816,"Ottawa","KS","Ottawa, KS",12387,38.61557,-95.26775
4178485,"Wilton Manors","FL","Wilton Manors, FL",12385,26.16036,-80.13893
4692051,"Four Corners","TX","Four Corners, TX",12382,29.66857,-95.65772
5421709,"Federal Heights","CO","Federal Heights, CO",12381,39.85137,-104.99859
5708894,"Spring Creek","NV","Spring Creek, NV",12361,40.72659,-115.5859
5003369,"New Baltimore","MI","New Baltimore, MI",12354,42.68114,-82.73686
4355274,"Forestville","MD","Forestville, MD",12353,38.84511,-76.87497
4235683,"Chatham","IL","Chatham, IL",12351,39.67616,-89.70454
4500541,"Atco","NJ","Atco, NJ",12350,39.76984,-74.88739
4332455,"Mandeville","LA","Mandeville, LA",12345,30.35825,-90.06563
4155006,"Fernandina Beach","FL","Fernandina Beach, FL",12339,30.66968,-81.46259
5127043,"Miller Place","NY","Miller Place, NY",12339,40.95982,-72.99621
4992232,"Escanaba","MI","Escanaba, MI",12334,45.74525,-87.06458
4123037,"Mountain Home","AR","Mountain Home, AR",12330,36.33534,-92.38516
5364571,"Lake Los Angeles","CA","Lake Los Angeles, CA",12328,34.61249,-117.82812
4422106,"Cleveland","MS","Cleveland, MS",12327,33.744,-90.72482
4650946,"Portland","TN","Portland, TN",12323,36.58171,-86.51638
4157687,"Gulfport","FL","Gulfport, FL",12322,27.74836,-82.70343
5267537,"Plover","WI","Plover, WI",12319,44.45636,-89.54401
5720639,"Cornelius","OR","Cornelius, OR",12317,45.51984,-123.05983
4749103,"Broadlands","VA","Broadlands, VA",12313,39.01816,-77.52027
4904102,"Northlake","IL","Northlake, IL",12312,41.91725,-87.89562
5328152,"Big Bear City","CA","Big Bear City, CA",12304,34.26112,-116.84503
7249078,"North Castle","NY","North Castle, NY",12304,41.14,-73.68389
5097482,"Eatontown","NJ","Eatontown, NJ",12301,40.29622,-74.05097
5290663,"Coolidge","AZ","Coolidge, AZ",12297,32.97784,-111.51762
4120524,"Marion","AR","Marion, AR",12292,35.21453,-90.19648
4414200,"West Plains","MO","West Plains, MO",12285,36.72812,-91.85237
4840844,"Plymouth","CT","Plymouth, CT",12284,41.67204,-73.05289
4526469,"Trenton","OH","Trenton, OH",12281,39.48089,-84.45772
4364690,"Overlea","MD","Overlea, MD",12275,39.36344,-76.52052
5129141,"North Merrick","NY","North Merrick, NY",12272,40.69121,-73.56318
4169170,"Port Saint John","FL","Port Saint John, FL",12267,28.47695,-80.78867
4356836,"Green Valley","MD","Green Valley, MD",12262,39.30927,-77.29721
4544383,"Okmulgee","OK","Okmulgee, OK",12244,35.62344,-95.96055
4173495,"South Miami","FL","South Miami, FL",12242,25.7076,-80.29338
5098878,"Hasbrouck Heights","NJ","Hasbrouck Heights, NJ",12227,40.85816,-74.0807
4069553,"Jacksonville","AL","Jacksonville, AL",12222,33.81382,-85.7613
5370984,"Marysville","CA","Marysville, CA",12216,39.14573,-121.59135
4188233,"Clarkston","GA","Clarkston, GA",12215,33.80955,-84.23964
4941383,"Kingston","MA","Kingston, MA",12208,41.99455,-70.72448
4463053,"Davidson","NC","Davidson, NC",12207,35.50233,-80.83912
4281897,"Winfield","KS","Winfield, KS",12204,37.23975,-96.99559
5103159,"Red Bank","NJ","Red Bank, NJ",12204,40.34705,-74.06431
5104774,"Somerville","NJ","Somerville, NJ",12202,40.57427,-74.60988
4160932,"Kings Point","FL","Kings Point, FL",12201,26.44535,-80.13977
5097421,"East Hanover","NJ","East Hanover, NJ",12194,40.8201,-74.36487
5318320,"Tucson Estates","AZ","Tucson Estates, AZ",12192,32.18758,-111.09093
5120238,"Haverstraw","NY","Haverstraw, NY",12187,41.19759,-73.96458
5274887,"Suamico","WI","Suamico, WI",12187,44.63194,-88.03927
4789648,"Timberlake","VA","Timberlake, VA",12183,37.3207,-79.25753
5007323,"Riverview","MI","Riverview, MI",12181,42.17421,-83.17937
4533130,"Choctaw","OK","Choctaw, OK",12179,35.49756,-97.26892
4161187,"Lake City","FL","Lake City, FL",12161,30.18968,-82.63929
5107612,"Babylon","NY","Babylon, NY",12161,40.69566,-73.32568
4371635,"Travilah","MD","Travilah, MD",12159,39.069,-77.26304
4506754,"Blue Ash","OH","Blue Ash, OH",12159,39.232,-84.37827
4159335,"Hudson","FL","Hudson, FL",12158,28.36445,-82.69343
4400183,"Neosho","MO","Neosho, MO",12156,36.86896,-94.368
5244638,"Baraboo","WI","Baraboo, WI",12155,43.47109,-89.74429
4692355,"Freeport","TX","Freeport, TX",12154,28.95414,-95.35966
5139927,"Stony Point","NY","Stony Point, NY",12147,41.22954,-73.98708
4722684,"Richmond","TX","Richmond, TX",12138,29.58218,-95.76078
4267661,"Arkansas City","KS","Arkansas City, KS",12136,37.06197,-97.03837
5145695,"Amherst","OH","Amherst, OH",12135,41.39782,-82.22238
7261968,"New Kingman-Butler","AZ","New Kingman-Butler, AZ",12134,35.26504,-114.03226
5824805,"Evanston","WY","Evanston, WY",12133,41.26828,-110.96324
4265146,"Speedway","IN","Speedway, IN",12127,39.80227,-86.26721
4554858,"Weatherford","OK","Weatherford, OK",12126,35.52616,-98.70757
4155669,"Florida City","FL","Florida City, FL",12122,25.44789,-80.47922
4591896,"Port Royal","SC","Port Royal, SC",12122,32.37908,-80.69261
4740584,"Wells Branch","TX","Wells Branch, TX",12120,30.44604,-97.67945
4332109,"Luling","LA","Luling, LA",12119,29.93215,-90.36647
5127824,"Mount Sinai","NY","Mount Sinai, NY",12118,40.94704,-73.02955
5246917,"Brown Deer","WI","Brown Deer, WI",12102,43.16334,-87.96453
5136107,"Salisbury","NY","Salisbury, NY",12093,40.74566,-73.56013
5115495,"Dunkirk","NY","Dunkirk, NY",12081,42.4795,-79.33393
4346615,"Woodmere","LA","Woodmere, LA",12080,29.85798,-90.08035
4266586,"Washington","IN","Washington, IN",12078,38.65922,-87.17279
5021632,"Cloquet","MN","Cloquet, MN",12075,46.72161,-92.45936
4386419,"Festus","MO","Festus, MO",12065,38.22061,-90.39595
4054852,"Chelsea","AL","Chelsea, AL",12059,33.34011,-86.63026
4779923,"Poquoson","VA","Poquoson, VA",12059,37.12237,-76.34578
4583057,"Irmo","SC","Irmo, SC",12056,34.08598,-81.18315
4922541,"Lake Station","IN","Lake Station, IN",12054,41.57504,-87.23892
4693726,"Glenn Heights","TX","Glenn Heights, TX",12042,32.54875,-96.85667
4260853,"Madison","IN","Madison, IN",12040,38.73589,-85.37996
4156959,"Goldenrod","FL","Goldenrod, FL",12039,28.61028,-81.28868
5165087,"Norton","OH","Norton, OH",12036,41.02922,-81.63818
5455796,"Artesia","NM","Artesia, NM",12036,32.84233,-104.4033
5097575,"Edgewater","NJ","Edgewater, NJ",12034,40.82704,-73.97569
4758102,"Fairfax Station","VA","Fairfax Station, VA",12030,38.80095,-77.32554
4843553,"Stafford","CT","Stafford, CT",12029,41.98482,-72.28897
4105168,"Centerton","AR","Centerton, AR",12023,36.3598,-94.28521
4492168,"Smithfield","NC","Smithfield, NC",12022,35.50849,-78.33945
4721921,"Red Oak","TX","Red Oak, TX",12022,32.51764,-96.80444
5476825,"Los Alamos","NM","Los Alamos, NM",12019,35.88808,-106.30697
4166253,"North Palm Beach","FL","North Palm Beach, FL",12015,26.81756,-80.08199
4989005,"Clawson","MI","Clawson, MI",12015,42.53337,-83.14632
5170511,"Salem","OH","Salem, OH",12003,40.90089,-80.85675
4918805,"Cedar Lake","IN","Cedar Lake, IN",12000,41.36476,-87.44115
5563839,"Fortuna","CA","Fortuna, CA",12000,40.59819,-124.15728
5098436,"Glen Rock","NJ","Glen Rock, NJ",11999,40.96288,-74.13292
5577008,"Firestone","CO","Firestone, CO",11999,40.11248,-104.93664
5484874,"Portales","NM","Portales, NM",11995,34.18619,-103.3344
5728429,"Gladstone","OR","Gladstone, OR",11986,45.38068,-122.59481
4703972,"La Homa","TX","La Homa, TX",11985,26.25007,-98.36363
5100924,"Martinsville","NJ","Martinsville, NJ",11980,40.60121,-74.55905
5847504,"Kailua-Kona","HI","Kailua-Kona, HI",11975,19.64016,-155.99912
5051640,"Waconia","MN","Waconia, MN",11968,44.8508,-93.78691
4308163,"Shepherdsville","KY","Shepherdsville, KY",11967,37.9884,-85.71579
4382833,"Crestwood","MO","Crestwood, MO",11966,38.557,-90.38178
4346810,"Youngsville","LA","Youngsville, LA",11961,30.09965,-91.99012
5129254,"North Wantagh","NY","North Wantagh, NY",11960,40.69343,-73.50763
5098278,"Freehold","NJ","Freehold, NJ",11959,40.26011,-74.27376
4518596,"Monfort Heights","OH","Monfort Heights, OH",11948,39.18839,-84.59522
5393971,"Scotts Valley","CA","Scotts Valley, CA",11945,37.05106,-122.01468
4158914,"Holly Hill","FL","Holly Hill, FL",11943,29.24359,-81.03756
4072130,"Leeds","AL","Leeds, AL",11936,33.54816,-86.54443
4218752,"Richmond Hill","GA","Richmond Hill, GA",11935,31.93827,-81.30344
4317412,"Bogalusa","LA","Bogalusa, LA",11933,30.79102,-89.84869
4348418,"Bennsville","MD","Bennsville, MD",11923,38.60929,-77.0122
4756348,"Dranesville","VA","Dranesville, VA",11921,39.00067,-77.34582
5515743,"Guymon","OK","Guymon, OK",11921,36.6828,-101.48155
5784540,"West Haven","UT","West Haven, UT",11921,41.203,-112.05105
5148635,"Bucyrus","OH","Bucyrus, OH",11916,40.80839,-82.97546
5799571,"Kelso","WA","Kelso, WA",11901,46.14678,-122.90844
4503555,"Pennsville","NJ","Pennsville, NJ",11888,39.65345,-75.51659
5056172,"Maryville","MO","Maryville, MO",11879,40.3461,-94.87247
5337841,"Clayton","CA","Clayton, CA",11867,37.94103,-121.93579
4350049,"California","MD","California, MD",11857,38.3004,-76.50745
4768423,"Lakeside","VA","Lakeside, VA",11849,37.60765,-77.47693
5140694,"Terryville","NY","Terryville, NY",11849,40.90899,-73.06511
5106014,"Wanaque","NJ","Wanaque, NJ",11848,41.03815,-74.29404
4152639,"Cypress Lake","FL","Cypress Lake, FL",11846,26.53813,-81.89925
5016108,"Alexandria","MN","Alexandria, MN",11843,45.88524,-95.37754
4178053,"Westwood Lake","FL","Westwood Lake, FL",11838,25.72927,-80.37283
4333811,"Morgan City","LA","Morgan City, LA",11835,29.69937,-91.20677
5098095,"Florham Park","NJ","Florham Park, NJ",11835,40.78788,-74.38821
5363429,"Kingsburg","CA","Kingsburg, CA",11824,36.51384,-119.55402
4196917,"Georgetown","GA","Georgetown, GA",11823,31.98326,-81.22733
4258302,"Greensburg","IN","Greensburg, IN",11819,39.33727,-85.48358
5291033,"Cottonwood","AZ","Cottonwood, AZ",11818,34.73919,-112.00988
4910743,"Schiller Park","IL","Schiller Park, IL",11806,41.95586,-87.8709
5477090,"Lovington","NM","Lovington, NM",11800,32.94401,-103.34855
4788216,"Sugarland Run","VA","Sugarland Run, VA",11799,39.03761,-77.37526
4906438,"Pontiac","IL","Pontiac, IL",11794,40.88087,-88.62978
4378391,"Bridgeton","MO","Bridgeton, MO",11786,38.767,-90.41151
4512203,"Franklin","OH","Franklin, OH",11783,39.55895,-84.30411
5816449,"Woodinville","WA","Woodinville, WA",11782,47.75427,-122.16346
4652341,"Red Bank","TN","Red Bank, TN",11769,35.11229,-85.29413
7257658,"Newport East","RI","Newport East, RI",11769,41.51579,-71.28752
5530921,"Snyder","TX","Snyder, TX",11768,32.71789,-100.91762
4274236,"Lansing","KS","Lansing, KS",11767,39.24861,-94.90024
5146711,"Beachwood","OH","Beachwood, OH",11762,41.4645,-81.50873
5199087,"Lower Burrell","PA","Lower Burrell, PA",11761,40.55312,-79.75727
4737676,"Trophy Club","TX","Trophy Club, TX",11759,32.9979,-97.18362
5092813,"Somersworth","NH","Somersworth, NH",11759,43.26175,-70.86534
5356012,"Healdsburg","CA","Healdsburg, CA",11742,38.61047,-122.86916
5586093,"Blackfoot","ID","Blackfoot, ID",11740,43.19047,-112.34498
5010548,"South Lyon","MI","South Lyon, MI",11722,42.46059,-83.65161
4191916,"Douglas","GA","Douglas, GA",11718,31.50881,-82.84987
4932388,"Carver","MA","Carver, MA",11718,41.88344,-70.76254
5105974,"Wallington","NJ","Wallington, NJ",11716,40.85316,-74.11375
4364326,"Ocean Pines","MD","Ocean Pines, MD",11710,38.39539,-75.15574
4160171,"Jensen Beach","FL","Jensen Beach, FL",11707,27.25449,-80.22977
5849996,"Lahaina","HI","Lahaina, HI",11704,20.87429,-156.67663
5346462,"Emeryville","CA","Emeryville, CA",11694,37.83132,-122.28525
4671800,"Azle","TX","Azle, TX",11693,32.89513,-97.54586
5024937,"East Bethel","MN","East Bethel, MN",11692,45.31941,-93.20245
4261032,"Martinsville","IN","Martinsville, IN",11690,39.42783,-86.42833
5171657,"Seven Hills","OH","Seven Hills, OH",11690,41.39533,-81.67624
5161539,"Macedonia","OH","Macedonia, OH",11686,41.31367,-81.50845
4955259,"Weston","MA","Weston, MA",11682,42.36676,-71.30311
5854717,"Waipio","HI","Waipio, HI",11674,21.41823,-157.99906
4120323,"Magnolia","AR","Magnolia, AR",11669,33.26707,-93.23933
5103301,"River Edge","NJ","River Edge, NJ",11668,40.92871,-74.03986
5779333,"Oquirrh","UT","Oquirrh, UT",11668,40.6305,-112.03383
5098698,"Guttenberg","NJ","Guttenberg, NJ",11665,40.79205,-74.00375
4398103,"Mexico","MO","Mexico, MO",11660,39.16976,-91.88295
5129125,"North Lindenhurst","NY","North Lindenhurst, NY",11652,40.71427,-73.38151
5145135,"Wyandanch","NY","Wyandanch, NY",11647,40.75399,-73.3604
4512940,"Goshen","OH","Goshen, OH",11644,39.23339,-84.16132
4360592,"Lexington Park","MD","Lexington Park, MD",11626,38.26679,-76.45384
4603001,"Arlington","TN","Arlington, TN",11625,35.2962,-89.66147
5167737,"Ravenna","OH","Ravenna, OH",11619,41.15756,-81.24205
5793822,"Enumclaw","WA","Enumclaw, WA",11609,47.20427,-121.9915
4870239,"Oskaloosa","IA","Oskaloosa, IA",11607,41.29639,-92.64436
7176038,"Verde Village","AZ","Verde Village, AZ",11605,34.7105,-112.01152
4688506,"El Campo","TX","El Campo, TX",11604,29.19664,-96.26969
4942821,"Lynnfield","MA","Lynnfield, MA",11596,42.53898,-71.04811
4151441,"Cocoa Beach","FL","Cocoa Beach, FL",11595,28.32055,-80.60922
5188474,"Elizabethtown","PA","Elizabethtown, PA",11586,40.15287,-76.60275
4517323,"Mack","OH","Mack, OH",11585,39.15811,-84.64967
4723212,"Robstown","TX","Robstown, TX",11576,27.7903,-97.66888
5267776,"Port Washington","WI","Port Washington, WI",11576,43.38722,-87.87564
7261609,"Lakeland South","WA","Lakeland South, WA",11574,47.27843,-122.28326
5357731,"Home Gardens","CA","Home Gardens, CA",11570,33.87807,-117.52088
4047914,"Villas","FL","Villas, FL",11569,26.55035,-81.8687
5105722,"Upper Montclair","NJ","Upper Montclair, NJ",11565,40.84621,-74.20126
7315210,"Sun Village","CA","Sun Village, CA",11565,34.55952,-117.95676
4452871,"Archdale","NC","Archdale, NC",11564,35.91458,-79.97198
5140538,"Tarrytown","NY","Tarrytown, NY",11560,41.07621,-73.85875
4333961,"Moss Bluff","LA","Moss Bluff, LA",11557,30.3027,-93.19071
4211428,"Mountain Park","GA","Mountain Park, GA",11554,33.84427,-84.12936
5118136,"Fulton","NY","Fulton, NY",11552,43.32285,-76.41716
5593814,"Garden City","ID","Garden City, ID",11550,43.62211,-116.23817
5174897,"Urbana","OH","Urbana, OH",11547,40.10839,-83.75243
5225388,"Valley Falls","RI","Valley Falls, RI",11547,41.90677,-71.39061
5128905,"North Bellport","NY","North Bellport, NY",11545,40.77427,-72.94288
4412089,"Troy","MO","Troy, MO",11542,38.97949,-90.9807
5364750,"Lakeland Village","CA","Lakeland Village, CA",11541,33.63863,-117.34393
4737094,"Tomball","TX","Tomball, TX",11540,30.09716,-95.61605
4694896,"Greatwood","TX","Greatwood, TX",11538,29.55413,-95.67578
4156824,"Gladeview","FL","Gladeview, FL",11535,25.83926,-80.2356
4322034,"Destrehan","LA","Destrehan, LA",11535,29.94322,-90.35345
5789856,"Cheney","WA","Cheney, WA",11534,47.48739,-117.57576
5268838,"Richfield","WI","Richfield, WI",11530,43.25612,-88.19398
4157605,"Groveland","FL","Groveland, FL",11528,28.55805,-81.85119
5254739,"Grafton","WI","Grafton, WI",11527,43.31973,-87.95342
4172602,"Shady Hills","FL","Shady Hills, FL",11523,28.41,-82.54288
4562430,"Yeadon","PA","Yeadon, PA",11523,39.939,-75.25546
4158758,"Hobe Sound","FL","Hobe Sound, FL",11521,27.0595,-80.13643
4420177,"Byram","MS","Byram, MS",11509,32.17932,-90.24537
4320107,"Claiborne","LA","Claiborne, LA",11507,32.51598,-92.1918
4178919,"Yulee","FL","Yulee, FL",11491,30.6319,-81.60649
4385966,"Excelsior Springs","MO","Excelsior Springs, MO",11486,39.33917,-94.22606
4948545,"Rehoboth","MA","Rehoboth, MA",11486,41.84038,-71.24949
4723165,"Robinson","TX","Robinson, TX",11484,31.46767,-97.11472
5248171,"Cedarburg","WI","Cedarburg, WI",11482,43.29667,-87.98759
4760363,"Gainesville","VA","Gainesville, VA",11481,38.79567,-77.61388
4636442,"Lewisburg","TN","Lewisburg, TN",11480,35.44924,-86.78889
4724241,"Royse City","TX","Royse City, TX",11465,32.97512,-96.33248
5807367,"Prairie Ridge","WA","Prairie Ridge, WA",11464,47.1376,-122.14873
4670871,"Anna","TX","Anna, TX",11463,33.349,-96.5486
4500750,"Bellmawr","NJ","Bellmawr, NJ",11462,39.86761,-75.09462
5039587,"North Saint Paul","MN","North Saint Paul, MN",11460,45.01247,-92.99188
5357155,"Hillsborough","CA","Hillsborough, CA",11451,37.5741,-122.37942
5368304,"Los Alamitos","CA","Los Alamitos, CA",11449,33.80307,-118.07256
5116603,"Endwell","NY","Endwell, NY",11446,42.11285,-76.02103
4682163,"Clute","TX","Clute, TX",11444,29.02469,-95.39883
4992612,"Fenton","MI","Fenton, MI",11442,42.79781,-83.70495
4308922,"Somerset","KY","Somerset, KY",11439,37.09202,-84.60411
4378219,"Branson","MO","Branson, MO",11431,36.64367,-93.21851
4590476,"Parker","SC","Parker, SC",11431,34.85067,-82.45346
5372190,"Mendota","CA","Mendota, CA",11430,36.75356,-120.38156
4161460,"Lakes by the Bay","FL","Lakes by the Bay, FL",11422,25.57233,-80.32533
4362009,"Mays Chapel","MD","Mays Chapel, MD",11420,39.43316,-76.64941
5271991,"Salem","WI","Salem, WI",11416,42.55474,-88.11092
4502103,"Haddonfield","NJ","Haddonfield, NJ",11414,39.8915,-75.03767
5577217,"Frederick","CO","Frederick, CO",11413,40.09915,-104.9372
4954677,"Webster","MA","Webster, MA",11412,42.0501,-71.88007
4616470,"Crossville","TN","Crossville, TN",11411,35.94896,-85.0269
5855809,"Hawaiian Paradise Park","HI","Hawaiian Paradise Park, HI",11404,19.59333,-154.97306
4423395,"D'Iberville","MS","D'Iberville, MS",11400,30.42631,-88.89086
4912845,"Summit","IL","Summit, IL",11389,41.78809,-87.81033
5103254,"Ridgefield","NJ","Ridgefield, NJ",11373,40.83427,-74.00875
4299562,"Lyndon","KY","Lyndon, KY",11372,38.25674,-85.60163
4997191,"Ionia","MI","Ionia, MI",11372,42.98725,-85.07112
7258082,"Carnot-Moon","PA","Carnot-Moon, PA",11372,40.51856,-80.21736
5804676,"Newcastle","WA","Newcastle, WA",11370,47.53899,-122.15568
5188726,"Emmaus","PA","Emmaus, PA",11368,40.53954,-75.49685
4502049,"Greentree","NJ","Greentree, NJ",11367,39.89706,-74.95572
4953542,"Tyngsboro","MA","Tyngsboro, MA",11366,42.67676,-71.42451
4994851,"Grosse Ile","MI","Grosse Ile, MI",11361,42.12921,-83.14437
5195297,"Jefferson Hills","PA","Jefferson Hills, PA",11360,40.29118,-79.93199
4503351,"Ocean City","NJ","Ocean City, NJ",11355,39.27762,-74.5746
4104182,"Camden","AR","Camden, AR",11347,33.58456,-92.83433
4840237,"Oxford","CT","Oxford, CT",11345,41.43399,-73.11678
5278106,"Waupun","WI","Waupun, WI",11343,43.63332,-88.72955
5003514,"Niles","MI","Niles, MI",11333,41.82977,-86.25418
5481793,"North Valley","NM","North Valley, NM",11333,35.17338,-106.62336
5743753,"Oak Hills","OR","Oak Hills, OR",11333,45.54123,-122.84121
5276609,"Two Rivers","WI","Two Rivers, WI",11331,44.15388,-87.56925
4501943,"Gloucester City","NJ","Gloucester City, NJ",11329,39.89178,-75.11629
4161510,"Lakewood Park","FL","Lakewood Park, FL",11323,27.54309,-80.40227
4144764,"Smyrna","DE","Smyrna, DE",11319,39.29983,-75.60465
5577158,"Fort Morgan","CO","Fort Morgan, CO",11319,40.25026,-103.79995
4163318,"Mango","FL","Mango, FL",11313,27.97974,-82.30648
5504473,"Gardnerville Ranchos","NV","Gardnerville Ranchos, NV",11312,38.88824,-119.74129
4991600,"East Grand Rapids","MI","East Grand Rapids, MI",11311,42.94114,-85.61003
5369690,"Magalia","CA","Magalia, CA",11310,39.81211,-121.57831
4317985,"Broussard","LA","Broussard, LA",11303,30.14715,-91.96123
4372623,"Walker Mill","MD","Walker Mill, MD",11302,38.87539,-76.88831
5550192,"West Sedona","AZ","West Sedona, AZ",11299,34.86724,-111.80543
5103374,"Robertsville","NJ","Robertsville, NJ",11297,40.34622,-74.28792
4275393,"Merriam","KS","Merriam, KS",11288,39.02362,-94.69357
4771247,"Madison Heights","VA","Madison Heights, VA",11285,37.43098,-79.12308
5785116,"Woods Cross","UT","Woods Cross, UT",11284,40.87161,-111.89216
5769288,"Spearfish","SD","Spearfish, SD",11283,44.49082,-103.85937
4906143,"Plano","IL","Plano, IL",11282,41.66281,-88.53702
5225502,"Warren","RI","Warren, RI",11280,41.73038,-71.28255
4524642,"Shiloh","OH","Shiloh, OH",11272,39.81867,-84.22855
4538142,"Guthrie","OK","Guthrie, OK",11270,35.87894,-97.42532
4190434,"Cusseta","GA","Cusseta, GA",11267,32.30543,-84.7727
4765392,"Huntington","VA","Huntington, VA",11267,38.79234,-77.07081
5160622,"Lewis Center","OH","Lewis Center, OH",11261,40.1984,-83.01018
4956266,"Wrentham","MA","Wrentham, MA",11251,42.06677,-71.32811
4206547,"Loganville","GA","Loganville, GA",11248,33.839,-83.90074
5106351,"Westwood","NJ","Westwood, NJ",11247,40.99121,-74.03264
5202734,"Munhall","PA","Munhall, PA",11247,40.39229,-79.90005
4451810,"Yazoo City","MS","Yazoo City, MS",11245,32.85513,-90.40565
4902386,"Minooka","IL","Minooka, IL",11243,41.45531,-88.26173
4286717,"Campbellsville","KY","Campbellsville, KY",11237,37.3434,-85.34191
5123796,"Lake Grove","NY","Lake Grove, NY",11235,40.85288,-73.11511
4928492,"Yorktown","IN","Yorktown, IN",11231,40.17365,-85.49414
4667282,"White House","TN","White House, TN",11226,36.47032,-86.65138
4500959,"Browns Mills","NJ","Browns Mills, NJ",11223,39.97261,-74.58293
5037280,"Mendota Heights","MN","Mendota Heights, MN",11223,44.88358,-93.13827
4994868,"Grosse Pointe Park","MI","Grosse Pointe Park, MI",11220,42.37587,-82.93742
4561215,"Shiloh","PA","Shiloh, PA",11218,39.97815,-76.79719
4144101,"Pike Creek Valley","DE","Pike Creek Valley, DE",11217,39.73622,-75.69827
4500709,"Beachwood","NJ","Beachwood, NJ",11214,39.93901,-74.19292
4272788,"Haysville","KS","Haysville, KS",11212,37.56446,-97.35227
4877138,"Spencer","IA","Spencer, IA",11212,43.14136,-95.14444
5223687,"North Smithfield","RI","North Smithfield, RI",11212,41.96677,-71.54951
4167055,"Orange City","FL","Orange City, FL",11210,28.94888,-81.29867
5413519,"Berkley","CO","Berkley, CO",11207,39.80443,-105.02609
5102825,"Pompton Lakes","NJ","Pompton Lakes, NJ",11202,41.00538,-74.2907
5784154,"Vernal","UT","Vernal, UT",11200,40.45552,-109.52875
4907637,"River Forest","IL","River Forest, IL",11199,41.89781,-87.81395
5045517,"Saint Peter","MN","Saint Peter, MN",11196,44.32358,-93.95801
4328973,"Jefferson","LA","Jefferson, LA",11193,29.96604,-90.15313
5597034,"Jerome","ID","Jerome, ID",11184,42.72407,-114.51865
4525310,"Springdale","OH","Springdale, OH",11182,39.287,-84.48522
5116550,"Elwood","NY","Elwood, NY",11177,40.84538,-73.33512
5795969,"Grandview","WA","Grandview, WA",11176,46.25097,-119.9017
4705923,"Leon Valley","TX","Leon Valley, TX",11174,29.49523,-98.61863
5223685,"North Scituate","RI","North Scituate, RI",11171,41.83177,-71.58729
4413842,"Webb City","MO","Webb City, MO",11165,37.14645,-94.463
4935125,"Dudley","MA","Dudley, MA",11165,42.0451,-71.93007
4494513,"Tarboro","NC","Tarboro, NC",11164,35.89682,-77.5358
5395622,"Sierra Madre","CA","Sierra Madre, CA",11163,34.16167,-118.05285
4692771,"Galena Park","TX","Galena Park, TX",11162,29.73356,-95.23021
5288261,"Camp Verde","AZ","Camp Verde, AZ",11155,34.56364,-111.85432
5129572,"Oakwood","NY","Oakwood, NY",11148,40.56399,-74.11598
5127744,"Mount Kisco","NY","Mount Kisco, NY",11145,41.20426,-73.72708
5793242,"East Renton Highlands","WA","East Renton Highlands, WA",11140,47.48482,-122.11234
4721703,"Raymondville","TX","Raymondville, TX",11139,26.48146,-97.78305
5289658,"Chino Valley","AZ","Chino Valley, AZ",11137,34.75752,-112.45378
4161571,"Lantana","FL","Lantana, FL",11136,26.58674,-80.05199
5129837,"Oneida","NY","Oneida, NY",11134,43.09257,-75.65129
4065552,"Gulf Shores","AL","Gulf Shores, AL",11131,30.24604,-87.70082
5115123,"Dobbs Ferry","NY","Dobbs Ferry, NY",11131,41.01454,-73.87264
5028537,"Grand Rapids","MN","Grand Rapids, MN",11127,47.23717,-93.53021
5151186,"Coshocton","OH","Coshocton, OH",11121,40.27202,-81.85958
8480048,"Cherry Creek","CO","Cherry Creek, CO",11120,39.63455,-104.88286
4740423,"Webster","TX","Webster, TX",11116,29.53773,-95.11826
6331911,"Helena-West Helena","AR","Helena-West Helena, AR",11109,34.5291,-90.59
4411912,"Town and Country","MO","Town and Country, MO",11106,38.61228,-90.46345
4161957,"Lighthouse Point","FL","Lighthouse Point, FL",11104,26.27564,-80.08727
4297581,"Lawrenceburg","KY","Lawrenceburg, KY",11103,38.0373,-84.89662
5853965,"Village Park","HI","Village Park, HI",11099,21.39806,-158.03028
4692279,"Fredericksburg","TX","Fredericksburg, TX",11094,30.2752,-98.87198
4951579,"South Yarmouth","MA","South Yarmouth, MA",11092,41.66678,-70.18474
5333976,"Canyon Lake","CA","Canyon Lake, CA",11080,33.68502,-117.27309
4154023,"East Milton","FL","East Milton, FL",11074,30.61519,-87.02163
4941835,"Leicester","MA","Leicester, MA",11064,42.24593,-71.90868
4994325,"Grand Haven","MI","Grand Haven, MI",11062,43.06307,-86.22839
4924733,"Peru","IN","Peru, IN",11060,40.75365,-86.06888
4161444,"Lakeland Highlands","FL","Lakeland Highlands, FL",11056,27.95975,-81.95008
7261292,"Joint Base Lewis McChord","WA","Joint Base Lewis McChord, WA",11046,47.10787,-122.57694
4820938,"Saint Albans","WV","Saint Albans, WV",11044,38.38565,-81.83624
4677526,"Burkburnett","TX","Burkburnett, TX",11043,34.09787,-98.57061
5088905,"Londonderry","NH","Londonderry, NH",11037,42.86509,-71.37395
5343038,"Diamond Springs","CA","Diamond Springs, CA",11037,38.69463,-120.81494
5397095,"Sonoma","CA","Sonoma, CA",11037,38.29186,-122.45804
4641998,"Millington","TN","Millington, TN",11027,35.34147,-89.89731
5260262,"Little Chute","WI","Little Chute, WI",11026,44.27999,-88.31844
5175080,"Vermilion-on-the-Lake","OH","Vermilion-on-the-Lake, OH",11006,41.42838,-82.32377
5140072,"Suffern","NY","Suffern, NY",11001,41.11482,-74.14959
5744166,"Ontario","OR","Ontario, OR",10999,44.02655,-116.96294
5065495,"Chalco","NE","Chalco, NE",10994,41.18389,-96.1503
4450753,"West Point","MS","West Point, MS",10990,33.60762,-88.65033
4889113,"Crestwood","IL","Crestwood, IL",10984,41.64463,-87.74154
5202535,"Mountain Top","PA","Mountain Top, PA",10982,41.16953,-75.87742
4153367,"Doctor Phillips","FL","Doctor Phillips, FL",10981,28.44945,-81.49229
5105455,"Totowa","NJ","Totowa, NJ",10973,40.9051,-74.20987
5139356,"Spuyten Duyvil","NY","Spuyten Duyvil, NY",10971,40.88121,-73.91736
4362624,"Mitchellville","MD","Mitchellville, MD",10967,38.92511,-76.74275
5100542,"Little Ferry","NJ","Little Ferry, NJ",10963,40.85288,-74.04208
4639684,"Martin","TN","Martin, TN",10959,36.3434,-88.85034
4412454,"Union","MO","Union, MO",10957,38.45005,-91.00848
5722088,"Damascus","OR","Damascus, OR",10952,45.41762,-122.45898
4996017,"Highland Park","MI","Highland Park, MI",10949,42.40559,-83.09687
4739226,"Vidor","TX","Vidor, TX",10945,30.1316,-94.01545
4189423,"Cordele","GA","Cordele, GA",10943,31.96351,-83.78239
5771716,"Bluffdale","UT","Bluffdale, UT",10931,40.48967,-111.93882
4120388,"Malvern","AR","Malvern, AR",10928,34.36231,-92.81295
4656630,"Seymour","TN","Seymour, TN",10919,35.89064,-83.72462
5385393,"Quartz Hill","CA","Quartz Hill, CA",10912,34.64526,-118.21813
4157657,"Gulf Gate Estates","FL","Gulf Gate Estates, FL",10911,27.25173,-82.51471
4877655,"Storm Lake","IA","Storm Lake, IA",10910,42.64109,-95.20972
4047906,"Trinity","FL","Trinity, FL",10907,28.18085,-82.68177
4061206,"Fairfield","AL","Fairfield, AL",10907,33.48594,-86.91194
4475995,"Lincolnton","NC","Lincolnton, NC",10900,35.47375,-81.25453
4515247,"Ironton","OH","Ironton, OH",10900,38.53675,-82.68294
5098242,"Franklin Lakes","NJ","Franklin Lakes, NJ",10899,41.01676,-74.2057
5148346,"Brooklyn","OH","Brooklyn, OH",10899,41.43977,-81.73541
5376870,"Newman","CA","Newman, CA",10899,37.31383,-121.02076
7315263,"Summerfield","MD","Summerfield, MD",10898,38.90454,-76.8683
5113760,"Corning","NY","Corning, NY",10897,42.14285,-77.05469
4191768,"Doraville","GA","Doraville, GA",10896,33.89816,-84.28326
5011428,"Sturgis","MI","Sturgis, MI",10896,41.79922,-85.41915
4321781,"DeRidder","LA","DeRidder, LA",10890,30.84631,-93.28905
5129626,"Ogdensburg","NY","Ogdensburg, NY",10883,44.69423,-75.48634
5144948,"Woodbury","NY","Woodbury, NY",10879,41.36454,-74.10598
4251141,"Taylorville","IL","Taylorville, IL",10873,39.54894,-89.29453
5836665,"Riverton","WY","Riverton, WY",10873,43.02496,-108.3801
5337551,"Citrus","CA","Citrus, CA",10866,34.11501,-117.89173
4493990,"Summerfield","NC","Summerfield, NC",10861,36.20875,-79.90476
5314245,"Show Low","AZ","Show Low, AZ",10860,34.25421,-110.02983
4928720,"Acushnet","MA","Acushnet, MA",10850,41.68066,-70.90782
4562070,"Waynesboro","PA","Waynesboro, PA",10848,39.75593,-77.57777
5152709,"East Liverpool","OH","East Liverpool, OH",10846,40.61868,-80.57729
4989266,"Coldwater","MI","Coldwater, MI",10844,41.94033,-85.00052
4158604,"Highland City","FL","Highland City, FL",10834,27.9653,-81.87786
4164211,"Miami Shores","FL","Miami Shores, FL",10831,25.86315,-80.19283
4845889,"Winchester Center","CT","Winchester Center, CT",10830,41.9001,-73.13483
5802236,"Maltby","WA","Maltby, WA",10830,47.8051,-122.11318
4886090,"Burr Ridge","IL","Burr Ridge, IL",10818,41.74892,-87.91839
5809902,"Sedro-Woolley","WA","Sedro-Woolley, WA",10815,48.50389,-122.23611
5777332,"Lindon","UT","Lindon, UT",10810,40.34329,-111.72076
5531968,"Sweetwater","TX","Sweetwater, TX",10809,32.47095,-100.40594
4168418,"Pine Castle","FL","Pine Castle, FL",10805,28.47195,-81.36785
4503134,"Mount Holly","NJ","Mount Holly, NJ",10804,39.99289,-74.78766
5364095,"La Riviera","CA","La Riviera, CA",10802,38.56685,-121.3569
5261852,"Marinette","WI","Marinette, WI",10799,45.09998,-87.63066
4376444,"Bellefontaine Neighbors","MO","Bellefontaine Neighbors, MO",10798,38.74033,-90.2265
5175079,"Van Wert","OH","Van Wert, OH",10798,40.86949,-84.58412
5003140,"Muskegon Heights","MI","Muskegon Heights, MI",10796,43.20113,-86.23895
5263331,"Monroe","WI","Monroe, WI",10796,42.60112,-89.63845
4939637,"Holbrook","MA","Holbrook, MA",10791,42.1551,-71.00866
4556802,"Broomall","PA","Broomall, PA",10789,39.9815,-75.35658
4917171,"Worth","IL","Worth, IL",10784,41.68975,-87.79728
4700401,"Jacinto City","TX","Jacinto City, TX",10782,29.76745,-95.23382
5781551,"Smithfield","UT","Smithfield, UT",10782,41.83826,-111.83272
5347742,"Farmersville","CA","Farmersville, CA",10774,36.29773,-119.20678
5340674,"Crestline","CA","Crestline, CA",10770,34.24195,-117.2856
4474388,"Kings Mountain","NC","Kings Mountain, NC",10760,35.24513,-81.34119
7315241,"Viera East","FL","Viera East, FL",10757,28.26234,-80.71449
4770931,"Lowes Island","VA","Lowes Island, VA",10756,39.05983,-77.35221
5342522,"Delhi","CA","Delhi, CA",10755,37.43216,-120.77854
5134257,"Roessleville","NY","Roessleville, NY",10753,42.69508,-73.80707
5275222,"Sussex","WI","Sussex, WI",10753,43.1339,-88.22204
4099647,"Arkadelphia","AR","Arkadelphia, AR",10745,34.12093,-93.05378
4088146,"Saks","AL","Saks, AL",10744,33.69871,-85.83969
4501632,"Echelon","NJ","Echelon, NJ",10743,39.84845,-74.99572
4614720,"Collegedale","TN","Collegedale, TN",10743,35.05313,-85.05023
5232592,"Vermillion","SD","Vermillion, SD",10738,42.77944,-96.92921
4164575,"Minneola","FL","Minneola, FL",10735,28.57444,-81.74619
7262659,"Tamalpais-Homestead Valley","CA","Tamalpais-Homestead Valley, CA",10735,37.87834,-122.53625
4300717,"Middlesboro","KY","Middlesboro, KY",10730,36.60842,-83.71658
4900749,"Lyons","IL","Lyons, IL",10722,41.81337,-87.81811
4201047,"Holly Springs","GA","Holly Springs, GA",10719,34.17399,-84.50132
4857507,"Fort Madison","IA","Fort Madison, IA",10717,40.62976,-91.31515
4377835,"Bolivar","MO","Bolivar, MO",10714,37.61448,-93.41047
4315535,"Bastrop","LA","Bastrop, LA",10713,32.77828,-91.91144
4267733,"Atchison","KS","Atchison, KS",10712,39.56305,-95.12164
4360345,"Largo","MD","Largo, MD",10709,38.89761,-76.83025
5117926,"Fredonia","NY","Fredonia, NY",10705,42.44006,-79.33171
4150727,"Cheval","FL","Cheval, FL",10702,28.14862,-82.51454
4357176,"Halfway","MD","Halfway, MD",10701,39.62065,-77.75888
4440837,"Petal","MS","Petal, MS",10701,31.34656,-89.26006
5848280,"Kapa‘a","HI","Kapa‘a, HI",10699,22.07521,-159.31895
4367344,"Rosaryville","MD","Rosaryville, MD",10697,38.75678,-76.80969
4504186,"Somers Point","NJ","Somers Point, NJ",10688,39.31762,-74.5946
5100540,"Little Falls","NJ","Little Falls, NJ",10688,40.86899,-74.2082
4557485,"Darby","PA","Darby, PA",10687,39.91845,-75.25907
4228425,"Vidalia","GA","Vidalia, GA",10679,32.21769,-82.41346
4325889,"Gonzales","LA","Gonzales, LA",10678,30.23853,-90.9201
4859329,"Grimes","IA","Grimes, IA",10676,41.68832,-93.79106
4440975,"Picayune","MS","Picayune, MS",10675,30.52556,-89.67788
7315415,"Klahanie","WA","Klahanie, WA",10674,47.57097,-122.00839
4100525,"Batesville","AR","Batesville, AR",10668,35.7698,-91.64097
4519924,"Northbrook","OH","Northbrook, OH",10668,39.24645,-84.58356
4393451,"Kennett","MO","Kennett, MO",10662,36.23618,-90.05565
5247214,"Burlington","WI","Burlington, WI",10650,42.67807,-88.2762
5383559,"Placerville","CA","Placerville, CA",10650,38.72963,-120.79855
5351496,"Garden Acres","CA","Garden Acres, CA",10648,37.96381,-121.22939
5375938,"Muscoy","CA","Muscoy, CA",10644,34.15418,-117.34421
5750477,"Sandy","OR","Sandy, OR",10644,45.39734,-122.26148
4559077,"Lansdowne","PA","Lansdowne, PA",10639,39.93817,-75.27185
5374920,"Morro Bay","CA","Morro Bay, CA",10639,35.36581,-120.8499
4172173,"Satellite Beach","FL","Satellite Beach, FL",10633,28.17612,-80.59005
4221732,"Scottdale","GA","Scottdale, GA",10631,33.78983,-84.26409
5126194,"Massena","NY","Massena, NY",10629,44.9281,-74.89186
4840035,"Old Saybrook","CT","Old Saybrook, CT",10627,41.29177,-72.3762
5146840,"Bedford Heights","OH","Bedford Heights, OH",10625,41.417,-81.52734
5814647,"Vashon","WA","Vashon, WA",10624,47.44732,-122.45985
7260997,"Camp Pendleton South","CA","Camp Pendleton South, CA",10616,33.22844,-117.37929
4578841,"Forest Acres","SC","Forest Acres, SC",10615,34.01932,-80.98981
5410144,"Winton","CA","Winton, CA",10613,37.38938,-120.61325
4863349,"Keokuk","IA","Keokuk, IA",10609,40.39727,-91.38487
4385835,"Eureka","MO","Eureka, MO",10602,38.50255,-90.6279
4945936,"Norwell","MA","Norwell, MA",10581,42.16177,-70.79393
4325507,"Gardere","LA","Gardere, LA",10580,30.34575,-91.14011
4346952,"Accokeek","MD","Accokeek, MD",10573,38.66762,-77.02831
4664170,"Union City","TN","Union City, TN",10573,36.42423,-89.05701
4739078,"Vernon","TX","Vernon, TX",10573,34.15536,-99.26628
4825976,"Vienna","WV","Vienna, WV",10573,39.32702,-81.54846
5116546,"Eltingville","NY","Eltingville, NY",10573,40.54538,-74.1657
5546452,"Santaquin","UT","Santaquin, UT",10572,39.97551,-111.78521
5203785,"North Versailles","PA","North Versailles, PA",10571,40.37979,-79.80949
4635849,"Lawrenceburg","TN","Lawrenceburg, TN",10569,35.2423,-87.33474
4908126,"Roscoe","IL","Roscoe, IL",10565,42.41335,-89.00927
5099087,"Hillsdale","NJ","Hillsdale, NJ",10559,41.0026,-74.04042
5347239,"Exeter","CA","Exeter, CA",10548,36.29606,-119.14205
4454860,"Belmont","NC","Belmont, NC",10533,35.24292,-81.0373
4512083,"Forestville","OH","Forestville, OH",10532,39.07506,-84.34494
4497956,"Weddington","NC","Weddington, NC",10531,35.02237,-80.7609
4992519,"Farmington","MI","Farmington, MI",10523,42.46448,-83.37632
5828648,"Jackson","WY","Jackson, WY",10523,43.47993,-110.76243
4351228,"Chesapeake Ranch Estates","MD","Chesapeake Ranch Estates, MD",10519,38.34624,-76.41773
4892950,"Fox Lake","IL","Fox Lake, IL",10518,42.39669,-88.1837
4639224,"Manchester","TN","Manchester, TN",10517,35.48174,-86.0886
5441384,"The Pinery","CO","The Pinery, CO",10517,39.45527,-104.73442
4503606,"Pine Hill","NJ","Pine Hill, NJ",10510,39.78428,-74.99211
4518597,"Montgomery","OH","Montgomery, OH",10506,39.22811,-84.35411
4172383,"Sebring","FL","Sebring, FL",10497,27.49559,-81.44091
4510062,"Dent","OH","Dent, OH",10497,39.18589,-84.65134
5095860,"Bound Brook","NJ","Bound Brook, NJ",10497,40.56844,-74.53849
4910634,"Sauk Village","IL","Sauk Village, IL",10493,41.48837,-87.56754
4723422,"Rockport","TX","Rockport, TX",10490,28.02077,-97.05601
5157262,"Heath","OH","Heath, OH",10489,40.02284,-82.4446
4504598,"Ventnor City","NJ","Ventnor City, NJ",10486,39.34039,-74.47737
5126787,"Middle Island","NY","Middle Island, NY",10483,40.88427,-72.93733
5551665,"Arizona City","AZ","Arizona City, AZ",10475,32.75589,-111.67096
5168063,"Richmond Heights","OH","Richmond Heights, OH",10469,41.55283,-81.51012
5220248,"Wyomissing","PA","Wyomissing, PA",10469,40.32954,-75.96521
5587385,"Burley","ID","Burley, ID",10436,42.53574,-113.79279
5175072,"Vermilion","OH","Vermilion, OH",10434,41.42199,-82.36461
4160795,"Key Largo","FL","Key Largo, FL",10433,25.08652,-80.44728
4554687,"Warr Acres","OK","Warr Acres, OK",10431,35.52256,-97.61893
5111405,"Canandaigua","NY","Canandaigua, NY",10431,42.87423,-77.28804
5100830,"Manville","NJ","Manville, NJ",10429,40.54094,-74.58766
5143830,"West Haverstraw","NY","West Haverstraw, NY",10421,41.20954,-73.98542
5100477,"Lincoln Park","NJ","Lincoln Park, NJ",10405,40.92427,-74.30209
5001634,"Melvindale","MI","Melvindale, MI",10404,42.28254,-83.1752
5149007,"Cambridge","OH","Cambridge, OH",10402,40.03118,-81.58846
4258273,"Greencastle","IN","Greencastle, IN",10401,39.64449,-86.86473
4986020,"Big Rapids","MI","Big Rapids, MI",10397,43.69808,-85.48366
5100062,"Kinnelon","NJ","Kinnelon, NJ",10392,41.00176,-74.3671
4167482,"Palatka","FL","Palatka, FL",10390,29.64858,-81.63758
5185029,"Columbia","PA","Columbia, PA",10388,40.03371,-76.50441
5313667,"Sedona","AZ","Sedona, AZ",10388,34.86974,-111.76099
5149493,"Celina","OH","Celina, OH",10387,40.54894,-84.57023
4945453,"Norfolk","MA","Norfolk, MA",10386,42.11954,-71.32506
5267785,"Portage","WI","Portage, WI",10382,43.53915,-89.46262
4927746,"Wabash","IN","Wabash, IN",10381,40.79782,-85.82054
5173256,"Struthers","OH","Struthers, OH",10375,41.05256,-80.60785
4987617,"Cadillac","MI","Cadillac, MI",10373,44.25195,-85.40116
5018285,"Big Lake","MN","Big Lake, MN",10368,45.33246,-93.74608
4870915,"Pella","IA","Pella, IA",10363,41.40805,-92.91631
8299699,"Castle Pines North","CO","Castle Pines North, CO",10360,39.47174,-104.89482
4480378,"Mount Airy","NC","Mount Airy, NC",10354,36.4993,-80.60729
4884116,"Barrington","IL","Barrington, IL",10353,42.15391,-88.13619
5085618,"Durham","NH","Durham, NH",10345,43.13397,-70.92645
5784580,"West Point","UT","West Point, UT",10345,41.11828,-112.08411
4173002,"Silver Springs","FL","Silver Springs, FL",10334,29.21664,-82.05759
4589207,"Newberry","SC","Newberry, SC",10331,34.27458,-81.61872
4360713,"Linthicum","MD","Linthicum, MD",10324,39.20511,-76.65275
4522228,"Reading","OH","Reading, OH",10324,39.22367,-84.44216
4799622,"Bluefield","WV","Bluefield, WV",10323,37.26984,-81.22232
5034905,"Little Canada","MN","Little Canada, MN",10319,45.02691,-93.08772
4323900,"Eunice","LA","Eunice, LA",10310,30.49437,-92.41763
4253387,"Wood River","IL","Wood River, IL",10294,38.86116,-90.09761
4940134,"Hull","MA","Hull, MA",10293,42.30204,-70.90782
7260518,"Oak Grove","SC","Oak Grove, SC",10291,33.9809,-81.14286
5127542,"Morris Park","NY","Morris Park, NY",10289,40.85232,-73.85347
5742750,"Newport","OR","Newport, OR",10268,44.63678,-124.05345
4985891,"Beverly Hills","MI","Beverly Hills, MI",10267,42.52392,-83.22326
5420885,"Edwards","CO","Edwards, CO",10266,39.64499,-106.5942
5772581,"Cedar Hills","UT","Cedar Hills, UT",10265,40.41412,-111.75854
4083846,"Pleasant Grove","AL","Pleasant Grove, AL",10260,33.49094,-86.97027
5123954,"Lancaster","NY","Lancaster, NY",10258,42.90061,-78.67031
5202855,"Nanticoke","PA","Nanticoke, PA",10258,41.20536,-76.00492
4143658,"Milford","DE","Milford, DE",10252,38.91261,-75.42797
5388953,"Rossmoor","CA","Rossmoor, CA",10244,33.78557,-118.08506
4343659,"Timberlane","LA","Timberlane, LA",10243,29.87743,-90.03202
5138371,"Sleepy Hollow","NY","Sleepy Hollow, NY",10242,41.08565,-73.85847
4154769,"Fairview Shores","FL","Fairview Shores, FL",10239,28.59111,-81.39424
4252548,"Waterloo","IL","Waterloo, IL",10236,38.33589,-90.14983
5770732,"Alpine","UT","Alpine, UT",10235,40.45328,-111.77799
4985521,"Beecher","MI","Beecher, MI",10232,43.09003,-83.6944
5116811,"Fairmount","NY","Fairmount, NY",10224,43.04729,-76.23854
5467024,"Española","NM","Española, NM",10224,35.99113,-106.08058
5180119,"Berwick","PA","Berwick, PA",10223,41.05453,-76.23327
8479429,"Roma","TX","Roma, TX",10223,26.40526,-99.01581
5026114,"Fairmont","MN","Fairmont, MN",10221,43.65218,-94.46108
4907649,"River Grove","IL","River Grove, IL",10219,41.92586,-87.83589
5558857,"Anderson","CA","Anderson, CA",10217,40.44821,-122.29778
5039421,"North Branch","MN","North Branch, MN",10215,45.51135,-92.98022
4833276,"Watervliet","NY","Watervliet, NY",10214,42.73008,-73.70123
5319311,"Vail","AZ","Vail, AZ",10208,32.04786,-110.71203
4893371,"Gages Lake","IL","Gages Lake, IL",10198,42.35169,-87.98258
4202672,"Jefferson","GA","Jefferson, GA",10195,34.11705,-83.57239
4338298,"Raceland","LA","Raceland, LA",10193,29.72743,-90.59898
4236206,"Columbia","IL","Columbia, IL",10191,38.44366,-90.20122
4348240,"Bel Air","MD","Bel Air, MD",10190,39.53594,-76.34829
5334096,"Capitola","CA","Capitola, CA",10189,36.97523,-121.95329
5779025,"North Logan","UT","North Logan, UT",10181,41.76937,-111.80467
4329037,"Jennings","LA","Jennings, LA",10180,30.22243,-92.65708
5109694,"Bohemia","NY","Bohemia, NY",10180,40.76926,-73.11511
4984075,"Alpena","MI","Alpena, MI",10175,45.06168,-83.43275
4673389,"Bellmead","TX","Bellmead, TX",10164,31.59405,-97.10889
4062774,"Forestdale","AL","Forestdale, AL",10162,33.57011,-86.89638
4982394,"Wells Beach Station","ME","Wells Beach Station, ME",10162,43.32397,-70.59144
7261595,"Lake Morton-Berrydale","WA","Lake Morton-Berrydale, WA",10160,47.33251,-122.10286
5296106,"Gold Camp","AZ","Gold Camp, AZ",10159,33.29367,-111.30429
5571109,"Shasta Lake","CA","Shasta Lake, CA",10159,40.68043,-122.37084
7261353,"Gold Canyon","AZ","Gold Canyon, AZ",10159,33.37145,-111.43691
4360321,"Lanham","MD","Lanham, MD",10157,38.96875,-76.8634
4647963,"Paris","TN","Paris, TN",10150,36.302,-88.32671
5119218,"Great Neck","NY","Great Neck, NY",10143,40.80066,-73.72846
5188075,"East Stroudsburg","PA","East Stroudsburg, PA",10140,40.99954,-75.18129
5204278,"Oil City","PA","Oil City, PA",10137,41.43395,-79.70644
4869386,"Norwalk","IA","Norwalk, IA",10135,41.47555,-93.67883
4502911,"Marlton","NJ","Marlton, NJ",10133,39.89122,-74.92183
5155414,"Galion","OH","Galion, OH",10127,40.73367,-82.7899
4321988,"Denham Springs","LA","Denham Springs, LA",10125,30.4874,-90.95753
7259771,"Fort Knox","KY","Fort Knox, KY",10124,37.89113,-85.96363
5235952,"Essex Junction","VT","Essex Junction, VT",10111,44.49061,-73.11096
5391831,"San Diego Country Estates","CA","San Diego Country Estates, CA",10109,33.00671,-116.78364
4943490,"Maynard","MA","Maynard, MA",10106,42.43343,-71.44951
4157097,"Goulds","FL","Goulds, FL",10103,25.56261,-80.38228
5105957,"Waldwick","NJ","Waldwick, NJ",10095,41.01065,-74.11792
4169176,"Port Salerno","FL","Port Salerno, FL",10091,27.14422,-80.2006
4277011,"Parsons","KS","Parsons, KS",10090,37.34034,-95.26108
4989432,"Comstock Park","MI","Comstock Park, MI",10088,43.03864,-85.67003
4146440,"Avon Park","FL","Avon Park, FL",10086,27.59587,-81.50619
5122280,"Inwood","NY","Inwood, NY",10082,40.86566,-73.9268
4300105,"Mayfield","KY","Mayfield, KY",10080,36.74172,-88.63672
4675577,"Bonham","TX","Bonham, TX",10079,33.57733,-96.17831
5071934,"Lexington","NE","Lexington, NE",10075,40.78084,-99.7415
4754219,"Countryside","VA","Countryside, VA",10072,39.04094,-77.4136
4881024,"Waverly","IA","Waverly, IA",10066,42.72581,-92.47546
5772418,"Canyon Rim","UT","Canyon Rim, UT",10062,40.70661,-111.82188
4517009,"London","OH","London, OH",10060,39.88645,-83.44825
4166096,"North Andrews Gardens","FL","North Andrews Gardens, FL",10056,26.19147,-80.14421
4614214,"Clinton","TN","Clinton, TN",10049,36.10341,-84.13186
4830759,"Atmore","AL","Atmore, AL",10049,31.02379,-87.49387
5124753,"Little Neck","NY","Little Neck, NY",10049,40.76289,-73.73225
5265785,"Oregon","WI","Oregon, WI",10043,42.92611,-89.38456
5807337,"Poulsbo","WA","Poulsbo, WA",10041,47.73593,-122.64654
4251513,"Troy","IL","Troy, IL",10036,38.72921,-89.88315
7260490,"New Port Richey East","FL","New Port Richey East, FL",10036,28.26027,-82.69261
4924970,"Plymouth","IN","Plymouth, IN",10035,41.34366,-86.30973
5741227,"Monmouth","OR","Monmouth, OR",10032,44.84845,-123.23399
5775346,"Grantsville","UT","Grantsville, UT",10027,40.59994,-112.4644
4465285,"Elon","NC","Elon, NC",10024,36.10291,-79.50669
4504915,"Woodbury","NJ","Woodbury, NJ",10020,39.83817,-75.15268
4344819,"Waggaman","LA","Waggaman, LA",10015,29.91854,-90.21091
5117703,"Fort Salonga","NY","Fort Salonga, NY",10008,40.9126,-73.30095
4918234,"Bluffton","IN","Bluffton, IN",10005,40.73866,-85.17164
5491487,"Silver City","NM","Silver City, NM",10004,32.77007,-108.28033
5347397,"Fairview","CA","Fairview, CA",10003,37.67854,-122.0458
5342425,"Del Aire","CA","Del Aire, CA",10001,33.91613,-118.36952
4803372,"Cross Lanes","WV","Cross Lanes, WV",9995,38.42037,-81.79068
5121549,"Huguenot","NY","Huguenot, NY",9995,40.53733,-74.19459
4561859,"Uniontown","PA","Uniontown, PA",9990,39.90008,-79.71643
4389658,"Harrisonville","MO","Harrisonville, MO",9986,38.65334,-94.34884
4718107,"Pearsall","TX","Pearsall, TX",9980,28.89219,-99.09503
4985711,"Benton Harbor","MI","Benton Harbor, MI",9976,42.11671,-86.45419
5794328,"Fife","WA","Fife, WA",9970,47.23927,-122.35707
5720755,"Cottage Grove","OR","Cottage Grove, OR",9969,43.79762,-123.05952
4850478,"Carroll","IA","Carroll, IA",9968,42.06582,-94.86693
4998769,"Lambertville","MI","Lambertville, MI",9953,41.76588,-83.62799
4905770,"Peru","IL","Peru, IL",9952,41.32753,-89.12897
5016553,"Arden Hills","MN","Arden Hills, MN",9951,45.05024,-93.15661
5186053,"Croydon","PA","Croydon, PA",9950,40.08733,-74.9035
4430981,"Indianola","MS","Indianola, MS",9943,33.45095,-90.65509
4321005,"Covington","LA","Covington, LA",9928,30.47549,-90.10042
4922252,"Kendallville","IN","Kendallville, IN",9927,41.44144,-85.26498
4371420,"Timonium","MD","Timonium, MD",9925,39.43705,-76.61969
4768313,"Lake Monticello","VA","Lake Monticello, VA",9920,37.9232,-78.33473
7261570,"Lackland Air Force Base","TX","Lackland Air Force Base, TX",9918,29.38663,-98.61797
5100190,"Lake Mohawk","NJ","Lake Mohawk, NJ",9916,41.01843,-74.66016
4992940,"Flat Rock","MI","Flat Rock, MI",9914,42.09643,-83.29187
4149959,"Cape Canaveral","FL","Cape Canaveral, FL",9912,28.40584,-80.60477
5423092,"Glenwood Springs","CO","Glenwood Springs, CO",9906,39.55054,-107.32478
5339766,"Corte Madera","CA","Corte Madera, CA",9901,37.92548,-122.52748
4526365,"Tipp City","OH","Tipp City, OH",9899,39.95839,-84.17216
4513805,"Harrison","OH","Harrison, OH",9897,39.262,-84.81995
4792255,"Warrenton","VA","Warrenton, VA",9897,38.71345,-77.79527
4352247,"Coral Hills","MD","Coral Hills, MD",9895,38.87039,-76.92108
5251729,"Elkhorn","WI","Elkhorn, WI",9895,42.67279,-88.54454
5116049,"East Rockaway","NY","East Rockaway, NY",9894,40.64205,-73.66957
4855967,"Fairfield","IA","Fairfield, IA",9892,41.00863,-91.96267
4115181,"Hope","AR","Hope, AR",9891,33.66706,-93.59157
4607177,"Bloomingdale","TN","Bloomingdale, TN",9888,36.58455,-82.48932
5164202,"New Albany","OH","New Albany, OH",9879,40.08117,-82.80879
4146039,"Andover","FL","Andover, FL",9877,25.96843,-80.21283
4609116,"Brownsville","TN","Brownsville, TN",9876,35.59397,-89.26229
4587511,"Moncks Corner","SC","Moncks Corner, SC",9873,33.19632,-80.01429
5099961,"Keansburg","NJ","Keansburg, NJ",9873,40.44177,-74.12986
4303602,"Paris","KY","Paris, KY",9870,38.2098,-84.25299
5203804,"Northampton","PA","Northampton, PA",9860,40.68621,-75.49685
4943926,"Middleton","MA","Middleton, MA",9859,42.59509,-71.01616
5226489,"Brandon","SD","Brandon, SD",9856,43.5947,-96.57199
4240679,"Highland","IL","Highland, IL",9848,38.73949,-89.6712
4087313,"Russellville","AL","Russellville, AL",9847,34.50787,-87.72864
4690257,"Fate","TX","Fate, TX",9847,32.94151,-96.38137
4748703,"Brambleton","VA","Brambleton, VA",9845,38.98205,-77.5386
4218882,"Rincon","GA","Rincon, GA",9843,32.29603,-81.23539
4379644,"Cameron","MO","Cameron, MO",9836,39.74028,-94.24106
5656497,"Havre","MT","Havre, MT",9834,48.55,-109.68409
5810176,"Shelton","WA","Shelton, WA",9834,47.21509,-123.10071
4613501,"Christiana","TN","Christiana, TN",9830,35.71007,-86.39944
4719720,"Pleasanton","TX","Pleasanton, TX",9829,28.96719,-98.47863
5793406,"Edgewood","WA","Edgewood, WA",9826,47.2501,-122.29373
5175670,"Wapakoneta","OH","Wapakoneta, OH",9823,40.56783,-84.19356
4122015,"Monticello","AR","Monticello, AR",9820,33.629,-91.79096
5411479,"Alamosa","CO","Alamosa, CO",9819,37.46945,-105.87002
5128514,"New Hyde Park","NY","New Hyde Park, NY",9811,40.7351,-73.68791
4497868,"Waynesville","NC","Waynesville, NC",9809,35.48871,-82.98875
5096075,"Burlington","NJ","Burlington, NJ",9808,40.07122,-74.86489
5100972,"Maywood","NJ","Maywood, NJ",9805,40.9026,-74.06181
4195850,"Fort Oglethorpe","GA","Fort Oglethorpe, GA",9803,34.94896,-85.2569
5821593,"Cody","WY","Cody, WY",9792,44.52634,-109.05653
5814950,"Walnut Grove","WA","Walnut Grove, WA",9790,45.66789,-122.59899
4497666,"Washington","NC","Washington, NC",9788,35.54655,-77.05217
4794814,"Wyndham","VA","Wyndham, VA",9785,37.69848,-77.61249
5236879,"Hartford","VT","Hartford, VT",9779,43.66063,-72.33842
4360138,"Lake Arbor","MD","Lake Arbor, MD",9776,38.90789,-76.82969
4333161,"Merrydale","LA","Merrydale, LA",9772,30.5013,-91.10844
5803622,"Minnehaha","WA","Minnehaha, WA",9771,45.65901,-122.64871
4338615,"Reserve","LA","Reserve, LA",9766,30.05381,-90.55175
4176109,"Union Park","FL","Union Park, FL",9765,28.56806,-81.28618
4723763,"Roma-Los Saenz","TX","Roma-Los Saenz, TX",9765,26.40506,-99.01586
5207214,"Progress","PA","Progress, PA",9765,40.28509,-76.83136
4864337,"Le Mars","IA","Le Mars, IA",9761,42.79416,-96.16558
4145719,"Alachua","FL","Alachua, FL",9757,29.75163,-82.42483
5001084,"Marysville","MI","Marysville, MI",9757,42.91253,-82.48686
5344987,"East La Mirada","CA","East La Mirada, CA",9757,33.92446,-117.98895
4846028,"Woodbury","CT","Woodbury, CT",9755,41.54454,-73.209
5752024,"Silverton","OR","Silverton, OR",9753,45.00512,-122.78315
4185632,"Cairo","GA","Cairo, GA",9752,30.87751,-84.20214
5712169,"Baker City","OR","Baker City, OR",9752,44.77487,-117.83438
4186955,"Cedartown","GA","Cedartown, GA",9750,34.01123,-85.25593
4214693,"Panthersville","GA","Panthersville, GA",9749,33.70733,-84.27187
5517675,"Brownfield","TX","Brownfield, TX",9736,33.1812,-102.27435
4228518,"Vinings","GA","Vinings, GA",9734,33.86483,-84.46437
4464326,"Dunn","NC","Dunn, NC",9723,35.30627,-78.6089
5029952,"Hermantown","MN","Hermantown, MN",9706,46.80689,-92.23825
5812543,"Sumner","WA","Sumner, WA",9700,47.20316,-122.2404
4700033,"Ingleside","TX","Ingleside, TX",9695,27.8778,-97.21166
4051059,"Boaz","AL","Boaz, AL",9688,34.20065,-86.16637
5132103,"Potsdam","NY","Potsdam, NY",9688,44.66978,-74.98131
4951591,"Southborough","MA","Southborough, MA",9686,42.30565,-71.52451
5312476,"Safford","AZ","Safford, AZ",9683,32.83395,-109.70758
5273927,"Sparta","WI","Sparta, WI",9679,43.94413,-90.81291
5375407,"Mountain House","CA","Mountain House, CA",9675,37.78326,-121.54273
5742974,"North Bend","OR","North Bend, OR",9673,43.4065,-124.22428
5810988,"Snohomish","WA","Snohomish, WA",9670,47.91288,-122.09818
4269789,"Coffeyville","KS","Coffeyville, KS",9669,37.0373,-95.61637
5205094,"Park Forest Village","PA","Park Forest Village, PA",9660,40.80673,-77.91695
4916826,"Winfield","IL","Winfield, IL",9657,41.8617,-88.1609
5087110,"Hampton","NH","Hampton, NH",9656,42.93759,-70.83894
4055650,"Clay","AL","Clay, AL",9655,33.7026,-86.59971
5214814,"Sunbury","PA","Sunbury, PA",9652,40.86259,-76.79441
5256613,"Holmen","WI","Holmen, WI",9651,43.9633,-91.25625
4178032,"Westview","FL","Westview, FL",9650,25.88204,-80.24199
5116225,"Edgemere","NY","Edgemere, NY",9646,40.59622,-73.76763
5397166,"Soquel","CA","Soquel, CA",9644,36.98801,-121.95663
5847746,"Kalaoa","HI","Kalaoa, HI",9644,19.72861,-155.98167
4348888,"Bladensburg","MD","Bladensburg, MD",9640,38.93928,-76.93386
4202810,"Jesup","GA","Jesup, GA",9633,31.60785,-81.88634
4164547,"Milton","FL","Milton, FL",9628,30.63241,-87.03969
5711847,"Astoria","OR","Astoria, OR",9626,46.18788,-123.83125
4261585,"Mooresville","IN","Mooresville, IN",9623,39.61282,-86.37416
4592453,"Red Bank","SC","Red Bank, SC",9617,33.93209,-81.23843
4256447,"Danville","IN","Danville, IN",9614,39.7606,-86.52639
7249307,"Saddle Brooke","AZ","Saddle Brooke, AZ",9614,32.53472,-110.87361
5134696,"Rye Brook","NY","Rye Brook, NY",9611,41.01926,-73.68346
4898875,"La Salle","IL","La Salle, IL",9609,41.33337,-89.09175
4598379,"Tega Cay","SC","Tega Cay, SC",9608,35.02431,-81.02785
5198635,"Lock Haven","PA","Lock Haven, PA",9604,41.13701,-77.44693
5321473,"Winslow","AZ","Winslow, AZ",9600,35.02419,-110.69736
4782988,"Rosslyn","VA","Rosslyn, VA",9599,38.89678,-77.07248
5155755,"Girard","OH","Girard, OH",9599,41.15395,-80.70147
4147145,"Bee Ridge","FL","Bee Ridge, FL",9598,27.28394,-82.48065
4168563,"Pine Ridge","FL","Pine Ridge, FL",9598,28.93831,-82.47343
5379533,"Orange Cove","CA","Orange Cove, CA",9598,36.62439,-119.31373
4156752,"Gifford","FL","Gifford, FL",9590,27.67531,-80.40922
4085336,"Rainbow City","AL","Rainbow City, AL",9580,33.95482,-86.04192
5098745,"Hackettstown","NJ","Hackettstown, NJ",9579,40.85399,-74.82906
5119833,"Hamburg","NY","Hamburg, NY",9576,42.71589,-78.82948
5181688,"Bristol","PA","Bristol, PA",9569,40.10067,-74.85183
4533738,"Clinton","OK","Clinton, OK",9565,35.51561,-98.96731
5308778,"Picture Rocks","AZ","Picture Rocks, AZ",9563,32.34591,-111.24621
5436363,"Rifle","CO","Rifle, CO",9563,39.5347,-107.78312
4534386,"Coweta","OK","Coweta, OK",9559,35.95177,-95.65081
4768185,"Lake Barcroft","VA","Lake Barcroft, VA",9558,38.84789,-77.15581
4349551,"Brock Hall","MD","Brock Hall, MD",9552,38.85011,-76.76108
5282297,"Bethel","CT","Bethel, CT",9549,41.37121,-73.41401
5268570,"Reedsburg","WI","Reedsburg, WI",9548,43.53248,-90.00263
4138011,"Chevy Chase","DC","Chevy Chase, DC",9545,38.964,-77.06776
4351335,"Chevy Chase","MD","Chevy Chase, MD",9545,39.00287,-77.07115
5746901,"Prineville","OR","Prineville, OR",9530,44.29985,-120.83447
5115204,"Dongan Hills","NY","Dongan Hills, NY",9529,40.58844,-74.09625
4996655,"Howell","MI","Howell, MI",9521,42.60726,-83.9294
5112956,"Clifton","NY","Clifton, NY",9519,40.6201,-74.07709
5528182,"Pecos","TX","Pecos, TX",9517,31.42291,-103.49323
7262734,"Marine Corps Base Hawaii - MCBH","HI","Marine Corps Base Hawaii - MCBH, HI",9517,21.44336,-157.74981
4912474,"Steger","IL","Steger, IL",9515,41.47003,-87.63643
4363960,"North Kensington","MD","North Kensington, MD",9514,39.03039,-77.07248
4373426,"White Marsh","MD","White Marsh, MD",9513,39.38372,-76.43218
4912783,"Sugar Grove","IL","Sugar Grove, IL",9512,41.76142,-88.44369
5129050,"North Gates","NY","North Gates, NY",9512,43.17645,-77.70139
5181553,"Brentwood","PA","Brentwood, PA",9512,40.37063,-79.97477
4355322,"Fort George G Mead Junction","MD","Fort George G Mead Junction, MD",9505,39.12594,-76.78914
5103310,"River Vale","NJ","River Vale, NJ",9497,40.99538,-74.01208
5400877,"Taft","CA","Taft, CA",9495,35.14247,-119.45651
5106378,"White Horse","NJ","White Horse, NJ",9494,40.19067,-74.70238
4275600,"Mission","KS","Mission, KS",9491,39.02778,-94.65579
5850492,"Mā‘ili","HI","Mā‘ili, HI",9488,21.41629,-158.17531
4381104,"Chillicothe","MO","Chillicothe, MO",9487,39.79529,-93.55244
5107140,"Amityville","NY","Amityville, NY",9486,40.67899,-73.41707
4562366,"Woodlyn","PA","Woodlyn, PA",9485,39.87233,-75.33713
4504616,"Villas","NJ","Villas, NJ",9483,39.02872,-74.93851
4892684,"Flossmoor","IL","Flossmoor, IL",9478,41.54281,-87.68477
4184165,"Braselton","GA","Braselton, GA",9476,34.10927,-83.76267
4841089,"Prospect","CT","Prospect, CT",9476,41.50232,-72.97872
4974313,"Orono","ME","Orono, ME",9474,44.88312,-68.67198
10103966,"Pryor Creek","OK","Pryor Creek, OK",9469,36.30862,-95.31777
4919564,"Decatur","IN","Decatur, IN",9465,40.8306,-84.92913
4095186,"Valley","AL","Valley, AL",9464,32.81874,-85.17939
4499629,"Winterville","NC","Winterville, NC",9464,35.52905,-77.40108
4177917,"West Perrine","FL","West Perrine, FL",9460,25.60594,-80.36283
5273614,"Somers","WI","Somers, WI",9454,42.6403,-87.91036
4923041,"Lowell","IN","Lowell, IN",9450,41.29142,-87.42059
4951640,"Southwick","MA","Southwick, MA",9444,42.05482,-72.77037
4173892,"Springfield","FL","Springfield, FL",9442,30.15326,-85.61132
4543622,"Newcastle","OK","Newcastle, OK",9438,35.24729,-97.59976
7315260,"Marlboro Village","MD","Marlboro Village, MD",9438,38.83054,-76.76965
4105879,"Clarksville","AR","Clarksville, AR",9433,35.47147,-93.46657
5133667,"Rensselaer","NY","Rensselaer, NY",9433,42.64258,-73.7429
5524849,"Lamesa","TX","Lamesa, TX",9427,32.7376,-101.95099
4393269,"Kearney","MO","Kearney, MO",9423,39.36778,-94.36217
5138892,"South Huntington","NY","South Huntington, NY",9422,40.82371,-73.39873
5637146,"Anaconda","MT","Anaconda, MT",9417,46.12854,-112.94226
4761171,"Gloucester Point","VA","Gloucester Point, VA",9402,37.25403,-76.49689
4552969,"The Village","OK","The Village, OK",9400,35.56089,-97.55143
4969622,"Lisbon","ME","Lisbon, ME",9392,44.03146,-70.1045
4694459,"Granbury","TX","Granbury, TX",9386,32.44208,-97.7942
5176942,"Willoughby Hills","OH","Willoughby Hills, OH",9382,41.59838,-81.41845
4362882,"Mount Airy","MD","Mount Airy, MD",9380,39.37621,-77.1547
5083330,"Berlin","NH","Berlin, NH",9367,44.46867,-71.18508
5270249,"Saint Francis","WI","Saint Francis, WI",9365,42.96752,-87.87758
4973457,"North Bath","ME","North Bath, ME",9363,43.9348,-69.81588
5188236,"Economy","PA","Economy, PA",9363,40.60007,-80.22478
4844184,"Thompson","CT","Thompson, CT",9358,41.95871,-71.86257
5275871,"Tomah","WI","Tomah, WI",9357,43.97858,-90.50402
5792869,"DuPont","WA","DuPont, WA",9356,47.09676,-122.63124
4846022,"Woodbridge","CT","Woodbridge, CT",9355,41.3526,-73.00844
7262440,"Valencia West","AZ","Valencia West, AZ",9355,32.13238,-111.11414
5329204,"Blackhawk","CA","Blackhawk, CA",9354,37.82076,-121.90774
4326916,"Harahan","LA","Harahan, LA",9350,29.94048,-90.20313
4233662,"Bethalto","IL","Bethalto, IL",9349,38.90921,-90.04066
4480153,"Morehead City","NC","Morehead City, NC",9347,34.72294,-76.72604
4171522,"Saint Pete Beach","FL","Saint Pete Beach, FL",9346,27.72531,-82.74121
5099988,"Kendall Park","NJ","Kendall Park, NJ",9339,40.42094,-74.56071
5856430,"‘Aiea","HI","‘Aiea, HI",9338,21.38222,-157.93361
5038348,"Mound","MN","Mound, MN",9336,44.93663,-93.66607
5195283,"Jeannette","PA","Jeannette, PA",9335,40.32812,-79.61532
5807239,"Port Townsend","WA","Port Townsend, WA",9335,48.11704,-122.76045
5218023,"Warren","PA","Warren, PA",9334,41.84395,-79.14504
4519853,"North College Hill","OH","North College Hill, OH",9332,39.21839,-84.55078
7257909,"Fort Meade","MD","Fort Meade, MD",9327,39.10815,-76.74323
4113143,"Greenwood","AR","Greenwood, AR",9322,35.21565,-94.25577
4602181,"Alcoa","TN","Alcoa, TN",9316,35.78953,-83.97379
5749017,"Rockcreek","OR","Rockcreek, OR",9316,45.55012,-122.87705
4871472,"Pleasant Hill","IA","Pleasant Hill, IA",9314,41.58388,-93.51994
5336017,"Charter Oak","CA","Charter Oak, CA",9310,34.10306,-117.84589
4907863,"Rochelle","IL","Rochelle, IL",9309,41.92392,-89.06871
4601475,"Woodfield","SC","Woodfield, SC",9303,34.05932,-80.93092
4267773,"Augusta","KS","Augusta, KS",9299,37.68668,-96.9767
5178892,"Bala-Cynwyd","PA","Bala-Cynwyd, PA",9299,40.00761,-75.23407
4835969,"Hebron","CT","Hebron, CT",9298,41.65788,-72.36592
5455381,"Anthony","NM","Anthony, NM",9293,32.00399,-106.60583
4902512,"Monmouth","IL","Monmouth, IL",9291,40.91143,-90.64736
5763011,"Box Elder","SD","Box Elder, SD",9289,44.11249,-103.06823
5192662,"Harleysville","PA","Harleysville, PA",9286,40.27955,-75.38712
4385494,"Ellisville","MO","Ellisville, MO",9284,38.59255,-90.58707
5877641,"Wasilla","AK","Wasilla, AK",9284,61.5809,-149.4415
4900739,"Lynwood","IL","Lynwood, IL",9280,41.52642,-87.53865
5726018,"Fairview","OR","Fairview, OR",9280,45.53845,-122.43398
5405430,"Valley Center","CA","Valley Center, CA",9277,33.21837,-117.0342
4893043,"Frankfort Square","IL","Frankfort Square, IL",9276,41.51892,-87.8031
5779833,"Pleasant View","UT","Pleasant View, UT",9273,41.31828,-111.99216
5755674,"Sweet Home","OR","Sweet Home, OR",9270,44.39762,-122.7362
7261393,"Gunbarrel","CO","Gunbarrel, CO",9263,40.06335,-105.17107
4417205,"Bay Saint Louis","MS","Bay Saint Louis, MS",9260,30.30881,-89.33005
4991791,"Ecorse","MI","Ecorse, MI",9257,42.24448,-83.14576
4784902,"Seven Corners","VA","Seven Corners, VA",9255,38.87206,-77.15526
4269392,"Chanute","KS","Chanute, KS",9252,37.67921,-95.4572
5528274,"Perryton","TX","Perryton, TX",9252,36.40003,-100.80265
4355670,"Friendly","MD","Friendly, MD",9250,38.75178,-76.97859
5814047,"Tulalip","WA","Tulalip, WA",9246,48.06843,-122.29181
5085966,"Exeter","NH","Exeter, NH",9242,42.98148,-70.94783
5051902,"Waseca","MN","Waseca, MN",9241,44.07774,-93.50744
5096049,"Brookdale","NJ","Brookdale, NJ",9239,40.83371,-74.18292
5469841,"Grants","NM","Grants, NM",9239,35.1476,-107.85261
4788070,"Stuarts Draft","VA","Stuarts Draft, VA",9235,38.03014,-79.03364
4409199,"Smithville","MO","Smithville, MO",9233,39.38694,-94.58107
5262680,"Merrill","WI","Merrill, WI",9233,45.18052,-89.68346
4780641,"Purcellville","VA","Purcellville, VA",9232,39.13677,-77.71472
4959233,"Brewer","ME","Brewer, ME",9232,44.79674,-68.76142
4994864,"Grosse Pointe Farms","MI","Grosse Pointe Farms, MI",9232,42.4092,-82.89186
5777915,"Mapleton","UT","Mapleton, UT",9232,40.13023,-111.57853
5732763,"Independence","OR","Independence, OR",9227,44.85123,-123.18677
5198218,"Lititz","PA","Lititz, PA",9225,40.15732,-76.3069
4835461,"Groton","CT","Groton, CT",9221,41.3501,-72.07841
4488587,"Rockingham","NC","Rockingham, NC",9220,34.93932,-79.77395
5100399,"Leonia","NJ","Leonia, NJ",9219,40.86149,-73.98819
5255640,"Hartland","WI","Hartland, WI",9219,43.10501,-88.34204
5387673,"Rio Del Mar","CA","Rio Del Mar, CA",9216,36.96828,-121.90023
4952444,"Sutton","MA","Sutton, MA",9215,42.1501,-71.76285
5402535,"Tiburon","CA","Tiburon, CA",9214,37.87354,-122.45664
5137421,"Scotchtown","NY","Scotchtown, NY",9212,41.48148,-74.36015
5854571,"Waimea","HI","Waimea, HI",9212,20.02323,-155.67288
4579503,"Garden City","SC","Garden City, SC",9209,33.59295,-79.00865
4500920,"Brigantine","NJ","Brigantine, NJ",9204,39.41012,-74.36459
5775699,"Heber City","UT","Heber City, UT",9198,40.5069,-111.41324
5178027,"Aliquippa","PA","Aliquippa, PA",9197,40.63673,-80.24006
4895282,"Harvard","IL","Harvard, IL",9194,42.42224,-88.61371
4984049,"Alma","MI","Alma, MI",9193,43.37892,-84.65973
5353058,"Good Hope","CA","Good Hope, CA",9192,33.76474,-117.26698
4932587,"Centerville","MA","Centerville, MA",9190,41.64872,-70.34808
4697616,"Highland Park","TX","Highland Park, TX",9189,32.83346,-96.79195
4506031,"Beckett Ridge","OH","Beckett Ridge, OH",9187,39.347,-84.43522
4309414,"Saint Dennis","KY","Saint Dennis, KY",9177,38.1884,-85.8458
4372201,"Urbana","MD","Urbana, MD",9175,39.32594,-77.35137
5133917,"Riverdale","NY","Riverdale, NY",9174,40.90056,-73.90639
4975966,"Presque Isle","ME","Presque Isle, ME",9171,46.68115,-68.01586
4584738,"Laurens","SC","Laurens, SC",9166,34.49901,-82.01426
5097459,"East Rutherford","NJ","East Rutherford, NJ",9164,40.83399,-74.09709
4930738,"Blackstone","MA","Blackstone, MA",9163,42.01788,-71.54117
5369569,"Madera Acres","CA","Madera Acres, CA",9163,37.01911,-120.06683
5784384,"Washington Terrace","UT","Washington Terrace, UT",9157,41.17272,-111.97661
5105113,"Succasunna","NJ","Succasunna, NJ",9152,40.86843,-74.64044
4312057,"Versailles","KY","Versailles, KY",9146,38.05258,-84.72995
4859343,"Grinnell","IA","Grinnell, IA",9141,41.74305,-92.72241
5272873,"Shawano","WI","Shawano, WI",9128,44.78221,-88.60899
5161347,"Louisville","OH","Louisville, OH",9126,40.83728,-81.25955
4360103,"La Plata","MD","La Plata, MD",9125,38.52929,-76.97525
4698562,"Hondo","TX","Hondo, TX",9119,29.34746,-99.14142
4046255,"Bay Minette","AL","Bay Minette, AL",9118,30.88296,-87.77305
5201027,"Middletown","PA","Middletown, PA",9117,40.19981,-76.73108
4089536,"Sheffield","AL","Sheffield, AL",9108,34.76509,-87.69864
4727785,"Selma","TX","Selma, TX",9108,29.58439,-98.30585
5142101,"Valley Cottage","NY","Valley Cottage, NY",9107,41.11815,-73.95542
4759556,"Forest","VA","Forest, VA",9106,37.36375,-79.28975
4163428,"Marianna","FL","Marianna, FL",9100,30.77436,-85.22687
5008768,"Saline","MI","Saline, MI",9100,42.16671,-83.78161
5437081,"Roxborough Park","CO","Roxborough Park, CO",9099,39.47388,-105.08526
4636285,"Lenoir City","TN","Lenoir City, TN",9091,35.7973,-84.25603
4907898,"Rock Falls","IL","Rock Falls, IL",9087,41.77975,-89.689
5233742,"Bennington","VT","Bennington, VT",9074,42.87813,-73.19677
4376623,"Berkeley","MO","Berkeley, MO",9073,38.7545,-90.33123
4603347,"Atoka","TN","Atoka, TN",9064,35.44119,-89.77814
4830099,"Andalusia","AL","Andalusia, AL",9063,31.30808,-86.48243
4579662,"Georgetown","SC","Georgetown, SC",9062,33.37683,-79.2945
5790562,"College Place","WA","College Place, WA",9062,46.0493,-118.3883
5171868,"Shelby","OH","Shelby, OH",9058,40.88145,-82.66184
4132625,"Stuttgart","AR","Stuttgart, AR",9056,34.50037,-91.55263
4158445,"Hernando","FL","Hernando, FL",9054,28.89998,-82.37454
4988584,"Charlotte","MI","Charlotte, MI",9054,42.56365,-84.83582
4164253,"Micco","FL","Micco, FL",9052,27.88058,-80.50033
4520163,"Oakwood","OH","Oakwood, OH",9052,39.72534,-84.17411
4178540,"Winston","FL","Winston, FL",9050,28.03169,-82.01481
4063570,"Fultondale","AL","Fultondale, AL",9048,33.60483,-86.79388
4839921,"Oakville","CT","Oakville, CT",9047,41.59343,-73.08539
4161298,"Lake Lucerne","FL","Lake Lucerne, FL",9044,25.96509,-80.24144
4833363,"East Haddam","CT","East Haddam, CT",9042,41.45315,-72.4612
5836068,"Rawlins","WY","Rawlins, WY",9040,41.79107,-107.23866
4688756,"Elgin","TX","Elgin, TX",9039,30.34965,-97.37027
4706088,"Liberty","TX","Liberty, TX",9039,30.05799,-94.79548
5421418,"Evergreen","CO","Evergreen, CO",9038,39.63332,-105.31721
7259776,"Fort Polk South","LA","Fort Polk South, LA",9038,31.0511,-93.21578
4302910,"Oakbrook","KY","Oakbrook, KY",9036,38.99978,-84.68522
4615804,"Covington","TN","Covington, TN",9036,35.56425,-89.64647
4226364,"Thomaston","GA","Thomaston, GA",9032,32.88819,-84.32659
4516701,"Lincoln Village","OH","Lincoln Village, OH",9032,39.95479,-83.13074
4361725,"Marlton","MD","Marlton, MD",9031,38.77373,-76.78997
5171856,"Sheffield Lake","OH","Sheffield Lake, OH",9026,41.48754,-82.10154
4354072,"Edgewater","MD","Edgewater, MD",9023,38.95706,-76.54996
4341033,"Scott","LA","Scott, LA",9018,30.23576,-92.09457
4195168,"Fitzgerald","GA","Fitzgerald, GA",9013,31.71491,-83.25265
4282342,"Alexandria","KY","Alexandria, KY",9009,38.95951,-84.38799
4246382,"Olney","IL","Olney, IL",9005,38.73088,-88.08532
5024237,"Detroit Lakes","MN","Detroit Lakes, MN",9002,46.81718,-95.84533
4196688,"Garden City","GA","Garden City, GA",8999,32.11437,-81.154
4901015,"Manteno","IL","Manteno, IL",8999,41.25059,-87.83143
5200657,"Mechanicsburg","PA","Mechanicsburg, PA",8999,40.21426,-77.00859
5530058,"San Elizario","TX","San Elizario, TX",8999,31.58511,-106.27276
4893896,"Glenwood","IL","Glenwood, IL",8996,41.54253,-87.60227
5813747,"Toppenish","WA","Toppenish, WA",8995,46.37735,-120.30867
5096495,"Chatham","NJ","Chatham, NJ",8993,40.74093,-74.38376
4398776,"Monett","MO","Monett, MO",8988,36.92895,-93.92771
5191335,"Glenshaw","PA","Glenshaw, PA",8981,40.53285,-79.96755
4517353,"Madeira","OH","Madeira, OH",8976,39.19089,-84.36355
5741182,"Molalla","OR","Molalla, OR",8972,45.14734,-122.57703
5096057,"Budd Lake","NJ","Budd Lake, NJ",8968,40.87121,-74.73405
5374340,"Montecito","CA","Montecito, CA",8965,34.43666,-119.63208
5502732,"Dayton","NV","Dayton, NV",8964,39.23714,-119.59295
5440437,"Stonegate","CO","Stonegate, CO",8962,39.53082,-104.80386
5803357,"Midland","WA","Midland, WA",8962,47.16704,-122.40484
4585421,"Little River","SC","Little River, SC",8960,33.87323,-78.61418
5520953,"Eidson Road","TX","Eidson Road, TX",8960,28.6772,-100.48702
4273359,"Independence","KS","Independence, KS",8958,37.22424,-95.70831
4354708,"Fallston","MD","Fallston, MD",8958,39.51455,-76.41107
4584556,"Lancaster","SC","Lancaster, SC",8956,34.72043,-80.7709
5274867,"Sturgeon Bay","WI","Sturgeon Bay, WI",8956,44.83416,-87.37704
7258393,"Northwest Harborcreek","PA","Northwest Harborcreek, PA",8949,42.14944,-79.99463
4894078,"Glencoe","IL","Glencoe, IL",8945,42.13503,-87.75812
4720743,"Princeton","TX","Princeton, TX",8939,33.18012,-96.49804
5250188,"De Forest","WI","De Forest, WI",8936,43.24777,-89.34373
5144070,"Westerleigh","NY","Westerleigh, NY",8927,40.62121,-74.13181
5128577,"New Windsor","NY","New Windsor, NY",8922,41.47676,-74.02375
5183161,"Canonsburg","PA","Canonsburg, PA",8922,40.26257,-80.18728
5102400,"Park Ridge","NJ","Park Ridge, NJ",8919,41.0376,-74.0407
4152628,"Cypress Gardens","FL","Cypress Gardens, FL",8917,27.99391,-81.69008
5800870,"Liberty Lake","WA","Liberty Lake, WA",8906,47.67591,-117.11821
5006059,"Plymouth","MI","Plymouth, MI",8905,42.37143,-83.47021
5724581,"Eagle Point","OR","Eagle Point, OR",8902,42.47263,-122.80282
4381643,"Clinton","MO","Clinton, MO",8899,38.36863,-93.77827
4503635,"Pitman","NJ","Pitman, NJ",8898,39.73289,-75.13157
5108191,"Bayport","NY","Bayport, NY",8896,40.73843,-73.05067
4163954,"Medulla","FL","Medulla, FL",8892,27.9678,-81.97342
4682762,"Commerce","TX","Commerce, TX",8892,33.24706,-95.89997
4240284,"Harrisburg","IL","Harrisburg, IL",8891,37.73838,-88.54061
5106817,"Airmont","NY","Airmont, NY",8891,41.10093,-74.11625
4780577,"Pulaski","VA","Pulaski, VA",8890,37.0479,-80.77979
5165635,"Olmsted Falls","OH","Olmsted Falls, OH",8889,41.37505,-81.90819
7261625,"Larkfield-Wikiup","CA","Larkfield-Wikiup, CA",8884,38.51342,-122.75094
5378354,"Oak Hills","CA","Oak Hills, CA",8879,34.38313,-117.38135
4481385,"Myrtle Grove","NC","Myrtle Grove, NC",8875,34.13462,-77.88165
4694420,"Graham","TX","Graham, TX",8865,33.10706,-98.5895
5557293,"Sitka","AK","Sitka, AK",8863,57.05315,-135.33088
4919203,"Columbia City","IN","Columbia City, IN",8857,41.15727,-85.48831
5113460,"Concord","NY","Concord, NY",8857,40.60816,-74.08431
5793272,"East Wenatchee Bench","WA","East Wenatchee Bench, WA",8856,47.42568,-120.28118
5207381,"Quakertown","PA","Quakertown, PA",8855,40.44177,-75.34157
5215064,"Swissvale","PA","Swissvale, PA",8855,40.42368,-79.88283
5100940,"Matawan","NJ","Matawan, NJ",8853,40.41483,-74.22959
5104784,"South Amboy","NJ","South Amboy, NJ",8846,40.47788,-74.2907
5350057,"Fort Irwin","CA","Fort Irwin, CA",8845,35.26275,-116.68475
4055577,"Clanton","AL","Clanton, AL",8844,32.83874,-86.62943
5576064,"Craig","CO","Craig, CO",8844,40.51525,-107.54645
5128639,"Newark","NY","Newark, NY",8843,43.04673,-77.09525
5457198,"Bernalillo","NM","Bernalillo, NM",8843,35.30004,-106.55114
4159873,"Isle of Normandy","FL","Isle of Normandy, FL",8841,25.85287,-80.13505
4584474,"Lake Wylie","SC","Lake Wylie, SC",8841,35.10848,-81.04285
7262796,"Waihee-Waiehu","HI","Waihee-Waiehu, HI",8841,20.93022,-156.50458
5106379,"White Meadow Lake","NJ","White Meadow Lake, NJ",8836,40.92371,-74.51071
4907706,"Riverside","IL","Riverside, IL",8835,41.83503,-87.82284
5089578,"Milford","NH","Milford, NH",8835,42.83536,-71.64896
7257357,"Conning Towers-Nautilus Park","CT","Conning Towers-Nautilus Park, CT",8834,41.38548,-72.06877
4438121,"New Albany","MS","New Albany, MS",8830,34.49427,-89.00784
5407463,"Waterford","CA","Waterford, CA",8824,37.64132,-120.76048
4355958,"Garrison","MD","Garrison, MD",8823,39.40594,-76.76053
4899154,"Lake Villa","IL","Lake Villa, IL",8821,42.41697,-88.07397
5264475,"New Richmond","WI","New Richmond, WI",8821,45.12302,-92.53659
4300152,"Maysville","KY","Maysville, KY",8819,38.64119,-83.74437
4094490,"Tuskegee","AL","Tuskegee, AL",8817,32.42415,-85.69096
5131628,"Plainedge","NY","Plainedge, NY",8817,40.71732,-73.48374
4419094,"Booneville","MS","Booneville, MS",8816,34.65815,-88.56672
5097035,"Cresskill","NJ","Cresskill, NJ",8812,40.94149,-73.9593
5338104,"Cloverdale","CA","Cloverdale, CA",8811,38.80546,-123.01722
5856516,"‘Āhuimanu","HI","‘Āhuimanu, HI",8810,21.44472,-157.83778
8479428,"Picnic Point","WA","Picnic Point, WA",8809,47.88111,-122.3284
4756736,"Dunn Loring","VA","Dunn Loring, VA",8803,38.89344,-77.22165
4897654,"Itasca","IL","Itasca, IL",8798,41.97503,-88.00729
5666176,"Miles City","MT","Miles City, MT",8796,46.40834,-105.84056
4557287,"Collingdale","PA","Collingdale, PA",8792,39.91178,-75.27713
5419334,"Delta","CO","Delta, CO",8791,38.74221,-108.06896
4998842,"Lapeer","MI","Lapeer, MI",8790,43.05142,-83.31883
4292193,"Franklin","KY","Franklin, KY",8787,36.72226,-86.57722
4557717,"East York","PA","East York, PA",8777,39.97371,-76.68636
4743105,"Woodway","TX","Woodway, TX",8777,31.506,-97.20501
5505963,"Incline Village","NV","Incline Village, NV",8777,39.2513,-119.97297
5379755,"Orosi","CA","Orosi, CA",8770,36.54495,-119.28734
4075692,"Meadowbrook","AL","Meadowbrook, AL",8769,33.40205,-86.69665
4290873,"Edgewood","KY","Edgewood, KY",8769,39.01867,-84.58189
4461101,"Clinton","NC","Clinton, NC",8767,34.99795,-78.32333
4929055,"Andover","MA","Andover, MA",8762,42.65843,-71.137
4170556,"Rotonda West","FL","Rotonda West, FL",8759,26.88368,-82.29009
4493146,"Saint Stephens","NC","Saint Stephens, NC",8759,35.76458,-81.27314
4156367,"Fuller Heights","FL","Fuller Heights, FL",8758,27.90919,-81.99814
5795440,"Gig Harbor","WA","Gig Harbor, WA",8753,47.32926,-122.58013
5049970,"Thief River Falls","MN","Thief River Falls, MN",8752,48.11914,-96.18115
4163379,"Marathon","FL","Marathon, FL",8750,24.71375,-81.09035
7258581,"Leisure World","MD","Leisure World, MD",8749,39.1023,-77.06898
4350348,"Cape Saint Claire","MD","Cape Saint Claire, MD",8747,39.04317,-76.44496
5233500,"Barre","VT","Barre, VT",8746,44.19701,-72.50205
4670783,"Anderson Mill","TX","Anderson Mill, TX",8744,30.45492,-97.80584
4483745,"Oxford","NC","Oxford, NC",8742,36.3107,-78.59083
5444707,"Woodmoor","CO","Woodmoor, CO",8741,39.10138,-104.84748
4548363,"Poteau","OK","Poteau, OK",8732,35.05371,-94.62356
4500572,"Audubon","NJ","Audubon, NJ",8730,39.89095,-75.07295
5407841,"West Athens","CA","West Athens, CA",8729,33.92335,-118.30341
4741325,"Wharton","TX","Wharton, TX",8726,29.31164,-96.10274
5491999,"Socorro","NM","Socorro, NM",8722,34.0584,-106.89142
5372242,"Mentone","CA","Mentone, CA",8720,34.07001,-117.13448
5418104,"Cortez","CO","Cortez, CO",8715,37.34888,-108.58593
4554548,"Wagoner","OK","Wagoner, OK",8713,35.95954,-95.36941
4815462,"Moundsville","WV","Moundsville, WV",8710,39.92035,-80.74314
4548516,"Pryor","OK","Pryor, OK",8708,36.30843,-95.31691
5102691,"Pine Lake Park","NJ","Pine Lake Park, NJ",8707,40.00317,-74.25653
4426822,"Flowood","MS","Flowood, MS",8705,32.30959,-90.13898
4167102,"Orange Park","FL","Orange Park, FL",8702,30.16607,-81.70648
4146302,"Asbury Lake","FL","Asbury Lake, FL",8700,30.04913,-81.82149
4402479,"Park Hills","MO","Park Hills, MO",8692,37.85422,-90.51818
4399914,"Murphy","MO","Murphy, MO",8690,38.49033,-90.48707
5116931,"Farmingdale","NY","Farmingdale, NY",8688,40.7326,-73.4454
5436099,"Redlands","CO","Redlands, CO",8685,39.07887,-108.63565
4506666,"Blacklick Estates","OH","Blacklick Estates, OH",8682,39.90506,-82.86434
4330126,"Lacombe","LA","Lacombe, LA",8679,30.31353,-89.94313
5092485,"Seabrook","NH","Seabrook, NH",8679,42.89481,-70.87116
5388467,"Rodeo","CA","Rodeo, CA",8679,38.03298,-122.26691
4888080,"Clarendon Hills","IL","Clarendon Hills, IL",8676,41.79753,-87.95478
5051387,"Victoria","MN","Victoria, MN",8676,44.85857,-93.66163
4354060,"Edgemere","MD","Edgemere, MD",8669,39.24205,-76.44802
7315293,"East Franklin","NJ","East Franklin, NJ",8669,40.4933,-74.4711
4355756,"Frostburg","MD","Frostburg, MD",8667,39.65814,-78.92836
5780531,"Riverdale","UT","Riverdale, UT",8666,41.17689,-112.00383
5096742,"Closter","NJ","Closter, NJ",8662,40.97315,-73.96153
5179478,"Beaver Falls","PA","Beaver Falls, PA",8661,40.75201,-80.31923
4264598,"Sellersburg","IN","Sellersburg, IN",8659,38.39812,-85.75496
5222476,"Greenville","RI","Greenville, RI",8658,41.87121,-71.55201
5352875,"Golden Hills","CA","Golden Hills, CA",8656,35.14247,-118.49036
5014706,"Westwood","MI","Westwood, MI",8653,42.30282,-85.63362
5087105,"Hampstead","NH","Hampstead, NH",8650,42.87453,-71.18117
5034970,"Little Falls","MN","Little Falls, MN",8649,45.97635,-94.3625
5521746,"Fort Stockton","TX","Fort Stockton, TX",8649,30.89404,-102.87932
5727032,"Florence","OR","Florence, OR",8649,43.98262,-124.09984
4917614,"Angola","IN","Angola, IN",8644,41.63477,-84.99941
5024996,"East Grand Forks","MN","East Grand Forks, MN",8643,47.92998,-97.02452
4575028,"Clinton","SC","Clinton, SC",8637,34.47263,-81.88066
4944413,"Montague","MA","Montague, MA",8637,42.53564,-72.53509
5087168,"Hanover","NH","Hanover, NH",8636,43.70229,-72.28954
4895308,"Harwood Heights","IL","Harwood Heights, IL",8635,41.96725,-87.80756
5788539,"Burlington","WA","Burlington, WA",8633,48.47566,-122.32544
5127302,"Monroe","NY","Monroe, NY",8632,41.33065,-74.18681
4263396,"Princeton","IN","Princeton, IN",8626,38.35532,-87.56752
4974194,"Old Orchard Beach","ME","Old Orchard Beach, ME",8624,43.51731,-70.37755
4151163,"Citrus Springs","FL","Citrus Springs, FL",8622,28.99748,-82.47065
4297238,"La Grange","KY","La Grange, KY",8619,38.40757,-85.37885
4671895,"Bacliff","TX","Bacliff, TX",8619,29.5069,-94.99243
4916709,"Willowbrook","IL","Willowbrook, IL",8613,41.76975,-87.93589
4167505,"Palm Beach","FL","Palm Beach, FL",8612,26.70562,-80.03643
5318279,"Tuba City","AZ","Tuba City, AZ",8611,36.13499,-111.23986
5132016,"Port Jervis","NY","Port Jervis, NY",8609,41.37509,-74.69266
4570634,"Bennettsville","SC","Bennettsville, SC",8605,34.61738,-79.68478
5201996,"Morrisville","PA","Morrisville, PA",8605,40.2115,-74.78794
4195869,"Fort Valley","GA","Fort Valley, GA",8597,32.55376,-83.88741
4394084,"Ladue","MO","Ladue, MO",8597,38.64977,-90.38067
4550374,"Sallisaw","OK","Sallisaw, OK",8596,35.46037,-94.78745
5164057,"Napoleon","OH","Napoleon, OH",8595,41.39227,-84.12522
5323371,"Alondra Park","CA","Alondra Park, CA",8592,33.88946,-118.33091
4697038,"Helotes","TX","Helotes, TX",8591,29.57801,-98.68975
7261282,"Fort Bliss","TX","Fort Bliss, TX",8591,31.81357,-106.41224
4235724,"Chester","IL","Chester, IL",8588,37.91366,-89.82205
5051468,"Virginia","MN","Virginia, MN",8587,47.52326,-92.53657
5094329,"Weare","NH","Weare, NH",8583,43.0948,-71.73063
4844200,"Thompsonville","CT","Thompsonville, CT",8577,41.99704,-72.59898
5371965,"Mecca","CA","Mecca, CA",8577,33.57219,-116.0782
4319030,"Carencro","LA","Carencro, LA",8575,30.31714,-92.04901
4091058,"Southside","AL","Southside, AL",8572,33.92454,-86.02247
4383778,"Des Peres","MO","Des Peres, MO",8572,38.60089,-90.4329
5125734,"Malverne","NY","Malverne, NY",8571,40.67899,-73.67402
7260929,"Bonadelle Ranchos-Madera Ranchos","CA","Bonadelle Ranchos-Madera Ranchos, CA",8569,36.98467,-119.87463
5183204,"Carbondale","PA","Carbondale, PA",8566,41.57369,-75.50185
4703415,"Kirby","TX","Kirby, TX",8550,29.46329,-98.38557
4119972,"Lowell","AR","Lowell, AR",8549,36.25535,-94.13076
5101922,"North Haledon","NJ","North Haledon, NJ",8548,40.9551,-74.18598
5164840,"North Madison","OH","North Madison, OH",8547,41.802,-81.04899
4189613,"Country Club Estates","GA","Country Club Estates, GA",8545,31.21273,-81.46427
5502015,"Cold Springs","NV","Cold Springs, NV",8544,39.68019,-119.97659
4360700,"Linganore","MD","Linganore, MD",8543,39.44038,-77.20804
4345968,"Westwego","LA","Westwego, LA",8542,29.90604,-90.1423
5332957,"Calimesa","CA","Calimesa, CA",8542,34.0039,-117.06198
4170000,"Richmond Heights","FL","Richmond Heights, FL",8541,25.63149,-80.36894
4410836,"Sunset Hills","MO","Sunset Hills, MO",8539,38.53894,-90.40734
4668336,"Winchester","TN","Winchester, TN",8539,35.18592,-86.11221
4161334,"Lake Park","FL","Lake Park, FL",8538,26.80034,-80.06643
5856050,"Hōlualoa","HI","Hōlualoa, HI",8538,19.61979,-155.94831
5344702,"Earlimart","CA","Earlimart, CA",8537,35.88412,-119.27233
4291156,"Elsmere","KY","Elsmere, KY",8536,39.01256,-84.60467
5736645,"Lincoln City","OR","Lincoln City, OR",8536,44.95816,-124.01789
4671141,"Aransas Pass","TX","Aransas Pass, TX",8530,27.90947,-97.14999
4657633,"Signal Mountain","TN","Signal Mountain, TN",8528,35.12257,-85.34385
7260514,"North Weeki Wachee","FL","North Weeki Wachee, FL",8524,28.55014,-82.55888
5693164,"Alliance","NE","Alliance, NE",8522,42.10163,-102.87215
4503316,"Northfield","NJ","Northfield, NJ",8521,39.37039,-74.55015
5011989,"Temperance","MI","Temperance, MI",8517,41.77921,-83.56882
5181407,"Bradford","PA","Bradford, PA",8507,41.9559,-78.64392
5408395,"Westlake Village","CA","Westlake Village, CA",8507,34.14584,-118.80565
4944350,"Monson","MA","Monson, MA",8505,42.10426,-72.31897
5267585,"Plymouth","WI","Plymouth, WI",8505,43.74861,-87.97704
4632959,"Jefferson City","TN","Jefferson City, TN",8504,36.12231,-83.4924
5463237,"Corrales","NM","Corrales, NM",8502,35.23782,-106.60669
4501265,"Clayton","NJ","Clayton, NJ",8493,39.66011,-75.09212
4503204,"Mystic Island","NJ","Mystic Island, NJ",8493,39.54428,-74.38237
5165755,"Orrville","OH","Orrville, OH",8491,40.84367,-81.76402
4759986,"Franklin","VA","Franklin, VA",8490,36.67765,-76.92246
4519951,"Northridge","OH","Northridge, OH",8487,39.80756,-84.19689
7257663,"Wakefield-Peacedale","RI","Wakefield-Peacedale, RI",8487,41.44606,-71.5004
4405589,"Richmond Heights","MO","Richmond Heights, MO",8481,38.62866,-90.31956
8480064,"Woodburn","VA","Woodburn, VA",8480,38.84745,-77.23605
5104907,"Spotswood","NJ","Spotswood, NJ",8476,40.39177,-74.39848
4363124,"Mount Rainier","MD","Mount Rainier, MD",8475,38.9415,-76.96498
4094484,"Tuscumbia","AL","Tuscumbia, AL",8474,34.7312,-87.70253
5129029,"North Elba","NY","North Elba, NY",8474,44.24338,-73.95431
5352997,"Gonzales","CA","Gonzales, CA",8473,36.50663,-121.44438
4937355,"Freetown","MA","Freetown, MA",8472,41.76677,-71.03282
4159608,"Indian Harbour Beach","FL","Indian Harbour Beach, FL",8471,28.1489,-80.58839
5205638,"Perkasie","PA","Perkasie, PA",8471,40.37205,-75.29268
4241822,"Jerseyville","IL","Jerseyville, IL",8469,39.12005,-90.32845
5189091,"Fairless Hills","PA","Fairless Hills, PA",8466,40.17955,-74.85516
5187150,"Dormont","PA","Dormont, PA",8465,40.3959,-80.03311
4369976,"South Kensington","MD","South Kensington, MD",8462,39.019,-77.07998
4938697,"Hamilton Worcester","MA","Hamilton Worcester, MA",8460,42.2562,-71.76757
4837222,"Kensington","CT","Kensington, CT",8459,41.63538,-72.76871
5503914,"Fallon","NV","Fallon, NV",8458,39.47353,-118.77737
4920041,"Elwood","IN","Elwood, IN",8455,40.27698,-85.84192
4367417,"Rossmoor","MD","Rossmoor, MD",8453,39.10372,-77.07109
5020068,"Cambridge","MN","Cambridge, MN",8451,45.57274,-93.22439
5098794,"Haledon","NJ","Haledon, NJ",8451,40.93565,-74.18626
5086344,"Franklin","NH","Franklin, NH",8450,43.44424,-71.6473
4147581,"Beverly Hills","FL","Beverly Hills, FL",8445,28.91692,-82.45815
4994763,"Greenville","MI","Greenville, MI",8444,43.17753,-85.2528
7258652,"Glens Falls North","NY","Glens Falls North, NY",8443,43.33506,-73.68251
5101361,"Montvale","NJ","Montvale, NJ",8442,41.04676,-74.02292
5785453,"Alderwood Manor","WA","Alderwood Manor, WA",8442,47.82204,-122.28207
5095826,"Boonton","NJ","Boonton, NJ",8441,40.9026,-74.4071
5166482,"Perry Heights","OH","Perry Heights, OH",8441,40.79534,-81.47345
5039857,"Oak Grove","MN","Oak Grove, MN",8439,45.3408,-93.3269
4689871,"Fairview","TX","Fairview, TX",8438,33.1579,-96.63166
5148533,"Bryan","OH","Bryan, OH",8436,41.47477,-84.55245
5816656,"Yelm","WA","Yelm, WA",8434,46.94204,-122.60596
4868205,"Mount Pleasant","IA","Mount Pleasant, IA",8433,40.96364,-91.55794
5178686,"Audubon","PA","Audubon, PA",8433,40.12788,-75.43185
4246659,"Paris","IL","Paris, IL",8432,39.61115,-87.69614
4485305,"Pineville","NC","Pineville, NC",8429,35.0832,-80.8923
5001093,"Mason","MI","Mason, MI",8427,42.5792,-84.44358
5221384,"Charlestown","RI","Charlestown, RI",8421,41.38316,-71.64173
4559685,"Millersville","PA","Millersville, PA",8420,39.99788,-76.35413
5368346,"Los Altos Hills","CA","Los Altos Hills, CA",8419,37.37966,-122.13746
5083023,"Barrington","NH","Barrington, NH",8417,43.22286,-71.04701
4841527,"Riverside","CT","Riverside, CT",8416,41.03371,-73.57818
5787316,"Birch Bay","WA","Birch Bay, WA",8413,48.91789,-122.74462
4528793,"Wyoming","OH","Wyoming, OH",8411,39.23117,-84.46578
4360328,"Lansdowne","MD","Lansdowne, MD",8409,39.24511,-76.66052
5033762,"Lake Elmo","MN","Lake Elmo, MN",8406,44.9958,-92.87938
5797693,"Hoquiam","WA","Hoquiam, WA",8405,46.98092,-123.88933
4377957,"Boonville","MO","Boonville, MO",8403,38.97364,-92.74324
5179641,"Bedminster","PA","Bedminster, PA",8402,40.42594,-75.17906
4156601,"Gateway","FL","Gateway, FL",8401,26.57757,-81.75036
5095808,"Bogota","NJ","Bogota, NJ",8400,40.87621,-74.02986
4402998,"Perryville","MO","Perryville, MO",8398,37.72422,-89.86122
4491651,"Siler City","NC","Siler City, NC",8396,35.72347,-79.46224
5157497,"Highland Heights","OH","Highland Heights, OH",8396,41.552,-81.47845
4317801,"Breaux Bridge","LA","Breaux Bridge, LA",8395,30.27353,-91.89928
4294180,"Harrodsburg","KY","Harrodsburg, KY",8394,37.7623,-84.84329
5268798,"Rice Lake","WI","Rice Lake, WI",8391,45.50607,-91.73823
5325256,"August","CA","August, CA",8390,37.97881,-121.26217
5250399,"Delavan","WI","Delavan, WI",8389,42.63307,-88.64371
4065649,"Guntersville","AL","Guntersville, AL",8385,34.35823,-86.29446
5191327,"Glenside","PA","Glenside, PA",8384,40.10233,-75.15212
5001669,"Menominee","MI","Menominee, MI",8382,45.10776,-87.61427
4503953,"Runnemede","NJ","Runnemede, NJ",8381,39.85234,-75.06795
5083673,"Bow Bog","NH","Bow Bog, NH",8381,43.12064,-71.51146
5105733,"Upper Saddle River","NJ","Upper Saddle River, NJ",8379,41.05843,-74.09848
5210764,"Sanatoga","PA","Sanatoga, PA",8378,40.2451,-75.59518
5545269,"Price","UT","Price, UT",8378,39.59941,-110.81071
4759430,"Floris","VA","Floris, VA",8375,38.93706,-77.41277
5011973,"Tecumseh","MI","Tecumseh, MI",8372,42.00393,-83.94494
5296189,"Golden Valley","AZ","Golden Valley, AZ",8370,35.22333,-114.22301
5519862,"Dalhart","TX","Dalhart, TX",8370,36.05948,-102.51325
5125657,"Mahopac","NY","Mahopac, NY",8369,41.37232,-73.73346
5008327,"Saint Joseph","MI","Saint Joseph, MI",8365,42.10976,-86.48002
4786274,"Smithfield","VA","Smithfield, VA",8364,36.98237,-76.63107
7262905,"Lakes","AK","Lakes, AK",8364,61.60713,-149.30861
5113500,"Congers","NY","Congers, NY",8363,41.15065,-73.94542
7315246,"Ocean Pointe","HI","Ocean Pointe, HI",8361,21.31066,-158.03638
4800081,"Bridgeport","WV","Bridgeport, WV",8359,39.28648,-80.2562
5110227,"Brockport","NY","Brockport, NY",8357,43.21367,-77.93918
4498075,"Wesley Chapel","NC","Wesley Chapel, NC",8355,35.00709,-80.67451
4469607,"Half Moon","NC","Half Moon, NC",8352,34.826,-77.45941
5165445,"Oberlin","OH","Oberlin, OH",8350,41.29394,-82.21738
7536026,"Rio Vista","CA","Rio Vista, CA",8348,38.16389,-121.69583
5122833,"Johnstown","NY","Johnstown, NY",8345,43.00674,-74.36764
5141165,"Tompkinsville","NY","Tompkinsville, NY",8343,40.63812,-74.07795
4223004,"Skidaway Island","GA","Skidaway Island, GA",8341,31.93494,-81.04705
5121283,"Hornell","NY","Hornell, NY",8336,42.32785,-77.6611
4489200,"Roxboro","NC","Roxboro, NC",8334,36.39375,-78.98279
4853757,"Denison","IA","Denison, IA",8334,42.01777,-95.35528
5695604,"Gering","NE","Gering, NE",8334,41.8258,-103.6605
5169796,"Saint Marys","OH","Saint Marys, OH",8332,40.54227,-84.3894
4621503,"Fairview","TN","Fairview, TN",8331,35.98201,-87.1214
5348299,"Firebaugh","CA","Firebaugh, CA",8330,36.85884,-120.45601
5138918,"South Lockport","NY","South Lockport, NY",8324,43.15006,-78.6967
4349903,"Burtonsville","MD","Burtonsville, MD",8323,39.11122,-76.93248
4558002,"Folsom","PA","Folsom, PA",8323,39.88983,-75.32519
4697867,"Hillsboro","TX","Hillsboro, TX",8321,32.01099,-97.13001
4988400,"Center Line","MI","Center Line, MI",8320,42.48504,-83.0277
4500458,"Absecon","NJ","Absecon, NJ",8317,39.42845,-74.49571
4579043,"Fountain Inn","SC","Fountain Inn, SC",8317,34.68901,-82.19567
5243008,"Williston","VT","Williston, VT",8314,44.43755,-73.06818
4631291,"Humboldt","TN","Humboldt, TN",8313,35.81979,-88.9159
5088753,"Litchfield","NH","Litchfield, NH",8307,42.84425,-71.47979
4292067,"Fort Mitchell","KY","Fort Mitchell, KY",8306,39.0595,-84.54744
4957570,"Bath","ME","Bath, ME",8305,43.91064,-69.8206
4165580,"Naranja","FL","Naranja, FL",8303,25.51816,-80.42283
4166105,"North Bay Village","FL","North Bay Village, FL",8302,25.84621,-80.15394
4500538,"Ashland","NJ","Ashland, NJ",8302,39.86317,-75.006
5187247,"Doylestown","PA","Doylestown, PA",8301,40.31011,-75.12989
5718480,"Cedar Hills","OR","Cedar Hills, OR",8300,45.50484,-122.79843
4362001,"Mayo","MD","Mayo, MD",8298,38.88761,-76.5119
4508465,"Cheviot","OH","Cheviot, OH",8295,39.157,-84.61328
4830455,"Arab","AL","Arab, AL",8295,34.31815,-86.49582
5491288,"Shiprock","NM","Shiprock, NM",8295,36.78555,-108.68703
4403710,"Pleasant Hill","MO","Pleasant Hill, MO",8289,38.78751,-94.26939
5402961,"Topanga","CA","Topanga, CA",8289,34.09362,-118.60147
4174252,"Sugarmill Woods","FL","Sugarmill Woods, FL",8287,28.73221,-82.50621
5555083,"Little Cottonwood Creek Valley","UT","Little Cottonwood Creek Valley, UT",8285,40.60439,-111.82938
4226722,"Toccoa","GA","Toccoa, GA",8283,34.57732,-83.33239
8478940,"Hobart","WI","Hobart, WI",8283,44.49925,-88.14986
5123777,"Lake Carmel","NY","Lake Carmel, NY",8282,41.46148,-73.67096
4530883,"Blanchard","OK","Blanchard, OK",8280,35.13784,-97.65809
7262050,"Oroville East","CA","Oroville East, CA",8280,39.51126,-121.47519
4595346,"Seneca","SC","Seneca, SC",8279,34.68566,-82.9532
4456121,"Black Mountain","NC","Black Mountain, NC",8278,35.6179,-82.32123
4474382,"Kings Grant","NC","Kings Grant, NC",8278,34.26295,-77.8636
5850511,"Mākaha","HI","Mākaha, HI",8278,21.46627,-158.21037
4083073,"Pike Road","AL","Pike Road, AL",8274,32.28431,-86.10302
5197850,"Lewistown","PA","Lewistown, PA",8271,40.59924,-77.57138
5114221,"Croton-on-Hudson","NY","Croton-on-Hudson, NY",8269,41.20843,-73.89125
5344844,"East Foothills","CA","East Foothills, CA",8269,37.38105,-121.81745
4148012,"Bithlo","FL","Bithlo, FL",8268,28.55472,-81.10645
4351065,"Charles Village","MD","Charles Village, MD",8267,39.32316,-76.6133
4929376,"Athol","MA","Athol, MA",8265,42.59592,-72.22675
5222680,"Hopkinton","RI","Hopkinton, RI",8261,41.46121,-71.77757
5768244,"Rapid Valley","SD","Rapid Valley, SD",8260,44.06249,-103.14629
5388601,"Rolling Hills Estates","CA","Rolling Hills Estates, CA",8258,33.78779,-118.35813
5521233,"Fabens","TX","Fabens, TX",8257,31.50234,-106.15859
4141974,"Claymont","DE","Claymont, DE",8253,39.80067,-75.45964
4400203,"Nevada","MO","Nevada, MO",8253,37.83921,-94.35467
5179811,"Bellevue","PA","Bellevue, PA",8252,40.49396,-80.05172
5206510,"Pleasant Hills","PA","Pleasant Hills, PA",8252,40.33563,-79.96061
5067545,"Elkhorn","NE","Elkhorn, NE",8251,41.28639,-96.23447
5106520,"Wood-Ridge","NJ","Wood-Ridge, NJ",8249,40.84566,-74.08792
4461696,"Conover","NC","Conover, NC",8248,35.70652,-81.21869
5183428,"Castle Shannon","PA","Castle Shannon, PA",8235,40.36479,-80.02228
4672576,"Bastrop","TX","Bastrop, TX",8231,30.11049,-97.31527
4791237,"Vinton","VA","Vinton, VA",8231,37.28097,-79.89698
4983905,"Albion","MI","Albion, MI",8229,42.2431,-84.75303
5783768,"Tremonton","UT","Tremonton, UT",8227,41.71187,-112.16551
7261423,"Helena Valley Southeast","MT","Helena Valley Southeast, MT",8227,46.61527,-111.92156
5044290,"Saint Anthony","MN","Saint Anthony, MN",8226,45.02052,-93.218
4194111,"Fair Oaks","GA","Fair Oaks, GA",8225,33.91649,-84.54465
4594971,"Sangaree","SC","Sangaree, SC",8220,33.03545,-80.12787
8481842,"Spring Valley Lake","CA","Spring Valley Lake, CA",8220,34.49364,-117.26832
4571805,"Boiling Springs","SC","Boiling Springs, SC",8219,35.04651,-81.98177
5102208,"Oradell","NJ","Oradell, NJ",8218,40.95871,-74.03681
4510719,"Eaton","OH","Eaton, OH",8217,39.74394,-84.63662
5095786,"Bloomingdale","NJ","Bloomingdale, NJ",8215,41.00204,-74.32654
5100007,"Kenilworth","NJ","Kenilworth, NJ",8215,40.67649,-74.2907
5776092,"Hooper","UT","Hooper, UT",8214,41.16383,-112.12244
4696876,"Heath","TX","Heath, TX",8211,32.83651,-96.47499
5159554,"Kenton","OH","Kenton, OH",8211,40.647,-83.60965
5262262,"McFarland","WI","McFarland, WI",8209,43.0125,-89.28984
5266731,"Pewaukee","WI","Pewaukee, WI",8208,43.08057,-88.2612
4942021,"Lincoln","MA","Lincoln, MA",8197,42.42593,-71.30395
5554428,"Ketchikan","AK","Ketchikan, AK",8197,55.3418,-131.64757
5875796,"Tanaina","AK","Tanaina, AK",8197,61.62694,-149.42806
4335754,"Oak Hills Place","LA","Oak Hills Place, LA",8195,30.35992,-91.0876
5114831,"Delmar","NY","Delmar, NY",8195,42.62202,-73.83262
5196605,"Kulpsville","PA","Kulpsville, PA",8194,40.24288,-75.33656
4137215,"Wynne","AR","Wynne, AR",8193,35.22453,-90.78678
5192184,"Grove City","PA","Grove City, PA",8193,41.15784,-80.08867
4889120,"Crete","IL","Crete, IL",8191,41.44448,-87.63143
4741641,"Whitehouse","TX","Whitehouse, TX",8189,32.22682,-95.2255
4790025,"Triangle","VA","Triangle, VA",8188,38.54679,-77.33665
4653228,"Ripley","TN","Ripley, TN",8176,35.74536,-89.5298
5118394,"Geneseo","NY","Geneseo, NY",8173,42.7959,-77.81695
4161659,"Laurel","FL","Laurel, FL",8171,27.14378,-82.46158
4758495,"Farmville","VA","Farmville, VA",8169,37.3021,-78.39194
4762155,"Greenbriar","VA","Greenbriar, VA",8166,38.87345,-77.40082
4900416,"Long Grove","IL","Long Grove, IL",8166,42.17836,-87.99785
5095528,"Bedminster","NJ","Bedminster, NJ",8165,40.68066,-74.64544
5263323,"Monona","WI","Monona, WI",8164,43.06222,-89.33401
4996107,"Hillsdale","MI","Hillsdale, MI",8163,41.92005,-84.63051
5383431,"Pismo Beach","CA","Pismo Beach, CA",8162,35.14275,-120.64128
5112493,"Chestnut Ridge","NY","Chestnut Ridge, NY",8158,41.08426,-74.0557
4895971,"Hillside","IL","Hillside, IL",8155,41.87781,-87.90284
5442007,"Trinidad","CO","Trinidad, CO",8153,37.16946,-104.50054
4291373,"Fairdale","KY","Fairdale, KY",8148,38.10507,-85.75885
4816993,"Oak Hill","WV","Oak Hill, WV",8140,37.97233,-81.14871
4959799,"Buxton","ME","Buxton, ME",8136,43.63786,-70.51894
5594956,"Hailey","ID","Hailey, ID",8134,43.51963,-114.31532
4910663,"Savoy","IL","Savoy, IL",8133,40.05475,-88.25172
4423888,"Diamondhead","MS","Diamondhead, MS",8132,30.39464,-89.36394
5779451,"Park City","UT","Park City, UT",8128,40.64606,-111.49797
4298960,"London","KY","London, KY",8126,37.12898,-84.08326
4340551,"Saint Rose","LA","Saint Rose, LA",8122,29.94687,-90.32313
4743815,"Abingdon","VA","Abingdon, VA",8119,36.70983,-81.97735
4775660,"New Baltimore","VA","New Baltimore, VA",8119,38.76734,-77.72833
7262697,"Haiku-Pauwela","HI","Haiku-Pauwela, HI",8118,20.92187,-156.30508
5036295,"Mahtomedi","MN","Mahtomedi, MN",8116,45.06969,-92.9516
4794837,"Wytheville","VA","Wytheville, VA",8115,36.94845,-81.08481
4254884,"Brazil","IN","Brazil, IN",8109,39.52365,-87.12502
4885336,"Boulder Hill","IL","Boulder Hill, IL",8108,41.71253,-88.33618
5129540,"Oakdale","NY","Oakdale, NY",8107,42.2512,-73.78013
4100984,"Beebe","AR","Beebe, AR",8106,35.07064,-91.87959
4413598,"Warrenton","MO","Warrenton, MO",8106,38.81144,-91.14154
5107771,"Baldwin Harbor","NY","Baldwin Harbor, NY",8102,40.63955,-73.60846
4722668,"Richland Hills","TX","Richland Hills, TX",8098,32.81596,-97.22807
4904277,"Oak Brook","IL","Oak Brook, IL",8091,41.83281,-87.92895
4871019,"Perry","IA","Perry, IA",8089,41.8386,-94.10718
4255704,"Charlestown","IN","Charlestown, IN",8088,38.45312,-85.67024
4993022,"Flushing","MI","Flushing, MI",8086,43.06308,-83.85107
5197227,"Latrobe","PA","Latrobe, PA",8081,40.32118,-79.37948
4294858,"Hillview","KY","Hillview, KY",8080,38.06979,-85.68551
4897579,"Island Lake","IL","Island Lake, IL",8080,42.27613,-88.19203
5125766,"Manhasset","NY","Manhasset, NY",8080,40.79788,-73.69957
4556793,"Brookhaven","PA","Brookhaven, PA",8078,39.86928,-75.38241
4740941,"West Livingston","TX","West Livingston, TX",8071,30.69825,-95.00188
5202202,"Mount Joy","PA","Mount Joy, PA",8071,40.10982,-76.5033
5397771,"South San Gabriel","CA","South San Gabriel, CA",8070,34.04915,-118.09462
4252812,"West Frankfort","IL","West Frankfort, IL",8067,37.89783,-88.93146
4091136,"Spanish Fort","AL","Spanish Fort, AL",8065,30.67491,-87.91527
5000306,"Ludington","MI","Ludington, MI",8058,43.95528,-86.45258
4378312,"Brentwood","MO","Brentwood, MO",8057,38.61755,-90.34928
5128568,"New Square","NY","New Square, NY",8057,41.13956,-74.02942
4900885,"Mahomet","IL","Mahomet, IL",8056,40.19531,-88.40422
5109797,"Boston","NY","Boston, NY",8049,42.62895,-78.73753
5204331,"Old Forge","PA","Old Forge, PA",8048,41.37119,-75.73491
5793832,"Ephrata","WA","Ephrata, WA",8047,47.31764,-119.55365
4792829,"West Gate","VA","West Gate, VA",8046,38.78289,-77.49749
4599214,"Union","SC","Union, SC",8045,34.71541,-81.62371
4944173,"Millis","MA","Millis, MA",8040,42.1676,-71.35784
5244247,"Ashland","WI","Ashland, WI",8040,46.59244,-90.8838
4670029,"Alamo Heights","TX","Alamo Heights, TX",8038,29.48495,-98.46585
5103116,"Raritan","NJ","Raritan, NJ",8031,40.56955,-74.63294
5138744,"South Beach","NY","South Beach, NY",8029,40.58329,-74.07609
5639364,"Belgrade","MT","Belgrade, MT",8029,45.77604,-111.1769
5110108,"Briarcliff Manor","NY","Briarcliff Manor, NY",8028,41.14565,-73.82375
4361094,"Londontowne","MD","Londontowne, MD",8018,38.93345,-76.54941
7315408,"Bothell East","WA","Bothell East, WA",8018,47.80631,-122.18427
4943227,"Marstons Mills","MA","Marstons Mills, MA",8017,41.65622,-70.41614
4338406,"Rayne","LA","Rayne, LA",8016,30.23493,-92.26846
5120197,"Hastings-on-Hudson","NY","Hastings-on-Hudson, NY",8014,40.99454,-73.87875
4601703,"York","SC","York, SC",8009,34.9943,-81.24202
5040332,"Orono","MN","Orono, MN",8006,44.97135,-93.6044
5146978,"Bellevue","OH","Bellevue, OH",8005,41.27366,-82.84158
7262498,"West Haven-Sylvan","OR","West Haven-Sylvan, OR",8001,45.51613,-122.76809
4352815,"Davidsonville","MD","Davidsonville, MD",8000,38.92289,-76.6283
4097257,"Wetumpka","AL","Wetumpka, AL",7994,32.54374,-86.21191
5106275,"West Long Branch","NJ","West Long Branch, NJ",7994,40.29039,-74.01764
4773747,"Montrose","VA","Montrose, VA",7993,37.5207,-77.37831
4994320,"Grand Blanc","MI","Grand Blanc, MI",7993,42.92753,-83.62995
4383857,"Dexter","MO","Dexter, MO",7992,36.79589,-89.95787
4302828,"Oak Grove","KY","Oak Grove, KY",7989,37.34421,-86.75471
4801895,"Cheat Lake","WV","Cheat Lake, WV",7988,39.67202,-79.85339
4281386,"Wellington","KS","Wellington, KS",7987,37.2653,-97.37171
5812505,"Summit","WA","Summit, WA",7985,47.16177,-122.35707
5149149,"Campbell","OH","Campbell, OH",7982,41.07839,-80.59924
4143897,"North Star","DE","North Star, DE",7980,39.76122,-75.7191
5101848,"Newton","NJ","Newton, NJ",7979,41.05815,-74.75267
4786522,"South Boston","VA","South Boston, VA",7976,36.69875,-78.9014
4177816,"West Gate","FL","West Gate, FL",7975,26.70257,-80.0981
4244031,"Mascoutah","IL","Mascoutah, IL",7975,38.49033,-89.79315
5064236,"Blair","NE","Blair, NE",7975,41.54444,-96.12502
5760396,"White City","OR","White City, OR",7975,42.43735,-122.85893
4996572,"Houghton","MI","Houghton, MI",7970,47.12187,-88.56901
5754464,"Stayton","OR","Stayton, OR",7969,44.80068,-122.79453
4445447,"Senatobia","MS","Senatobia, MS",7963,34.6176,-89.9687
5776228,"Hyrum","UT","Hyrum, UT",7962,41.6341,-111.85217
4895376,"Hawthorn Woods","IL","Hawthorn Woods, IL",7961,42.21697,-88.04952
5185267,"Conshohocken","PA","Conshohocken, PA",7956,40.07928,-75.30157
4709027,"Manvel","TX","Manvel, TX",7950,29.46274,-95.35799
5096133,"Caldwell","NJ","Caldwell, NJ",7948,40.83982,-74.27654
5187232,"Downingtown","PA","Downingtown, PA",7946,40.0065,-75.70327
5370006,"Mammoth Lakes","CA","Mammoth Lakes, CA",7946,37.64855,-118.97208
4355400,"Four Corners","MD","Four Corners, MD",7945,39.02039,-77.01275
4397042,"Maplewood","MO","Maplewood, MO",7945,38.61255,-90.32456
4292182,"Francisville","KY","Francisville, KY",7944,39.10506,-84.72439
4676316,"Bridge City","TX","Bridge City, TX",7941,30.02077,-93.84573
5257784,"Jefferson","WI","Jefferson, WI",7941,43.00556,-88.80733
4401282,"Oak Grove","MO","Oak Grove, MO",7937,39.00501,-94.12939
5017396,"Baxter","MN","Baxter, MN",7934,46.3433,-94.28667
5221705,"Cumberland Hill","RI","Cumberland Hill, RI",7934,41.97454,-71.467
4833478,"Carnegie","PA","Carnegie, PA",7931,40.40868,-80.08339
5121765,"Ilion","NY","Ilion, NY",7926,43.01507,-75.03543
5182928,"Camp Hill","PA","Camp Hill, PA",7923,40.23981,-76.91997
5814941,"Waller","WA","Waller, WA",7922,47.20066,-122.36929
4885637,"Broadview","IL","Broadview, IL",7918,41.86392,-87.85339
5352771,"Gold River","CA","Gold River, CA",7912,38.62629,-121.24662
5755474,"Sutherlin","OR","Sutherlin, OR",7912,43.39012,-123.31258
4501393,"Crestwood Village","NJ","Crestwood Village, NJ",7907,39.94817,-74.3607
4853608,"Decorah","IA","Decorah, IA",7907,43.30331,-91.78571
5113348,"Colonie","NY","Colonie, NY",7906,42.71786,-73.83346
4244026,"Maryville","IL","Maryville, IL",7902,38.72366,-89.95593
4430103,"Holly Springs","MS","Holly Springs, MS",7901,31.31573,-89.97786
4700967,"Jersey Village","TX","Jersey Village, TX",7900,29.88772,-95.563
5062355,"Wahpeton","ND","Wahpeton, ND",7899,46.26524,-96.60591
4144100,"Pike Creek","DE","Pike Creek, DE",7898,39.73095,-75.7041
4704482,"Lake Dallas","TX","Lake Dallas, TX",7892,33.11929,-97.02556
4145395,"Wilmington Manor","DE","Wilmington Manor, DE",7889,39.68678,-75.58437
5710360,"Winnemucca","NV","Winnemucca, NV",7887,40.97296,-117.73568
5091273,"Plaistow","NH","Plaistow, NH",7885,42.83648,-71.09478
7261424,"Helena Valley West Central","MT","Helena Valley West Central, MT",7883,46.66291,-112.06044
4551408,"Skiatook","OK","Skiatook, OK",7880,36.36842,-96.00138
4756653,"Dumbarton","VA","Dumbarton, VA",7879,37.60376,-77.49137
5541061,"Ivins","UT","Ivins, UT",7876,37.16859,-113.67941
5474539,"Kirtland","NM","Kirtland, NM",7875,36.73417,-108.3598
4300725,"Middletown","KY","Middletown, KY",7874,38.24535,-85.53885
5803482,"Mill Plain","WA","Mill Plain, WA",7874,45.6429,-122.49398
4401938,"Olivette","MO","Olivette, MO",7870,38.66533,-90.37595
4594975,"Sans Souci","SC","Sans Souci, SC",7869,34.8779,-82.42401
5244010,"Antigo","WI","Antigo, WI",7869,45.14025,-89.15234
4534659,"Cushing","OK","Cushing, OK",7867,35.98506,-96.76697
4886269,"Calumet Park","IL","Calumet Park, IL",7865,41.66281,-87.6606
5008278,"Saint Johns","MI","Saint Johns, MI",7865,43.00114,-84.55915
5082331,"York","NE","York, NE",7864,40.86807,-97.592
4478003,"Marion","NC","Marion, NC",7861,35.68401,-82.00927
4682032,"Cleveland","TX","Cleveland, TX",7858,30.34132,-95.08549
4071488,"Lake Purdy","AL","Lake Purdy, AL",7857,33.43011,-86.68054
4963692,"Ellsworth","ME","Ellsworth, ME",7857,44.54341,-68.41946
4148986,"Brooksville","FL","Brooksville, FL",7854,28.55554,-82.38991
4853078,"Creston","IA","Creston, IA",7854,41.0586,-94.36135
4173717,"Southwest Ranches","FL","Southwest Ranches, FL",7852,26.0587,-80.33727
4371053,"Temple Hills","MD","Temple Hills, MD",7852,38.814,-76.94553
4146206,"Arcadia","FL","Arcadia, FL",7851,27.21588,-81.85842
5804135,"Mount Vista","WA","Mount Vista, WA",7850,45.73428,-122.63288
5865702,"Kalifornsky","AK","Kalifornsky, AK",7850,60.41833,-151.29
5086544,"Gilford","NH","Gilford, NH",7849,43.54758,-71.40674
4164047,"Memphis","FL","Memphis, FL",7848,27.53587,-82.56121
4065302,"Greenville","AL","Greenville, AL",7845,31.8296,-86.61775
5132013,"Port Jefferson","NY","Port Jefferson, NY",7842,40.94649,-73.06927
4931303,"Bridgewater","MA","Bridgewater, MA",7841,41.99038,-70.97504
5272907,"Sheboygan Falls","WI","Sheboygan Falls, WI",7840,43.73197,-87.82213
4271690,"Fort Scott","KS","Fort Scott, KS",7838,37.83976,-94.7083
5132015,"Port Jefferson Station","NY","Port Jefferson Station, NY",7838,40.92538,-73.04733
5606401,"Sandpoint","ID","Sandpoint, ID",7835,48.27659,-116.55325
4169510,"Quincy","FL","Quincy, FL",7830,30.58714,-84.58325
4581261,"Hartsville","SC","Hartsville, SC",7826,34.37404,-80.0734
4636463,"Lexington","TN","Lexington, TN",7822,35.6509,-88.39338
5577153,"Fort Lupton","CO","Fort Lupton, CO",7822,40.08471,-104.81303
7259124,"Village Green-Green Ridge","PA","Village Green-Green Ridge, PA",7822,39.86363,-75.42548
4507883,"Canal Winchester","OH","Canal Winchester, OH",7818,39.84284,-82.80462
4947490,"Plainville","MA","Plainville, MA",7817,42.00427,-71.33283
4960140,"Caribou","ME","Caribou, ME",7816,46.8606,-68.01197
4881096,"Webster City","IA","Webster City, IA",7814,42.46942,-93.81605
4641630,"Milan","TN","Milan, TN",7813,35.91979,-88.75895
5053526,"Wyoming","MN","Wyoming, MN",7813,45.33636,-92.99716
4338068,"Prien","LA","Prien, LA",7810,30.18187,-93.27377
5805879,"Othello","WA","Othello, WA",7809,46.82597,-119.17529
5583250,"Wellington","CO","Wellington, CO",7807,40.70387,-105.00859
5118228,"Garden City Park","NY","Garden City Park, NY",7806,40.74093,-73.66263
5095626,"Bernardsville","NJ","Bernardsville, NJ",7801,40.71871,-74.56932
5608754,"Star","ID","Star, ID",7797,43.69211,-116.49346
4983322,"Winslow","ME","Winslow, ME",7794,44.54701,-69.62116
4322811,"Donaldsonville","LA","Donaldsonville, LA",7792,30.10114,-90.99412
4994344,"Grand Ledge","MI","Grand Ledge, MI",7791,42.75337,-84.74638
5023465,"Crookston","MN","Crookston, MN",7787,47.77414,-96.60812
5219668,"Wilson","PA","Wilson, PA",7781,40.68399,-75.24184
5259169,"Lake Geneva","WI","Lake Geneva, WI",7778,42.59168,-88.43343
8479422,"Lake Stickney","WA","Lake Stickney, WA",7777,47.87655,-122.26214
5219216,"White Oak","PA","White Oak, PA",7775,40.33757,-79.80921
5782272,"Summit Park","UT","Summit Park, UT",7775,40.74578,-111.61159
5107785,"Baldwinsville","NY","Baldwinsville, NY",7770,43.15868,-76.33271
4627983,"Harrison","TN","Harrison, TN",7769,35.11368,-85.13801
4245336,"Murphysboro","IL","Murphysboro, IL",7768,37.7645,-89.33509
4123830,"Newport","AR","Newport, AR",7767,35.6048,-91.2818
7259267,"Fort Riley North","KS","Fort Riley North, KS",7761,39.11081,-96.81392
5255320,"Hales Corners","WI","Hales Corners, WI",7759,42.93751,-88.0487
5012194,"Three Rivers","MI","Three Rivers, MI",7752,41.94394,-85.63249
4458372,"Butner","NC","Butner, NC",7751,36.13209,-78.75667
4726957,"Sanger","TX","Sanger, TX",7747,33.36317,-97.1739
5488598,"Ruidoso","NM","Ruidoso, NM",7739,33.33175,-105.67304
4457040,"Brevard","NC","Brevard, NC",7735,35.23345,-82.73429
4447069,"Saint Martin","MS","Saint Martin, MS",7730,30.43798,-88.86809
4380043,"Carl Junction","MO","Carl Junction, MO",7729,37.17672,-94.56551
5137423,"Scotia","NY","Scotia, NY",7727,42.82647,-73.96429
4722925,"River Oaks","TX","River Oaks, TX",7724,32.77707,-97.39446
4191628,"Dock Junction","GA","Dock Junction, GA",7721,31.20245,-81.51677
5263965,"Mukwonago","WI","Mukwonago, WI",7721,42.86668,-88.33343
5143022,"Wading River","NY","Wading River, NY",7719,40.95038,-72.8426
5098132,"Fort Dix","NJ","Fort Dix, NJ",7716,40.02984,-74.61849
4702986,"Kennedale","TX","Kennedale, TX",7715,32.6468,-97.22585
5402415,"Thousand Palms","CA","Thousand Palms, CA",7715,33.82002,-116.39029
4845953,"Winsted","CT","Winsted, CT",7712,41.92121,-73.06011
5087559,"Hollis","NH","Hollis, NH",7711,42.74314,-71.59174
4335796,"Oakdale","LA","Oakdale, LA",7710,30.81603,-92.66042
4317864,"Bridge City","LA","Bridge City, LA",7706,29.93326,-90.17007
4155000,"Fern Park","FL","Fern Park, FL",7704,28.64916,-81.35118
5096100,"Butler","NJ","Butler, NJ",7701,41.00371,-74.34154
5268955,"Ripon","WI","Ripon, WI",7700,43.8422,-88.83594
4679944,"Celina","TX","Celina, TX",7697,33.32456,-96.78444
5097649,"Emerson","NJ","Emerson, NJ",7697,40.97621,-74.02625
4406951,"Saint Johns","MO","Saint Johns, MO",7690,38.71338,-90.34317
4764607,"Hollymead","VA","Hollymead, VA",7690,38.11708,-78.44168
5526514,"Monahans","TX","Monahans, TX",7690,31.5943,-102.89265
4705176,"Lampasas","TX","Lampasas, TX",7687,31.06378,-98.1817
5830007,"Lander","WY","Lander, WY",7686,42.83301,-108.73067
5419431,"Derby","CO","Derby, CO",7685,39.83943,-104.91859
5809928,"Selah","WA","Selah, WA",7682,46.65402,-120.53007
4911830,"South Beloit","IL","South Beloit, IL",7680,42.49307,-89.03678
4135840,"West Helena","AR","West Helena, AR",7679,34.55066,-90.64177
5394165,"Sebastopol","CA","Sebastopol, CA",7678,38.40214,-122.82388
4325424,"Galliano","LA","Galliano, LA",7676,29.44216,-90.29925
5422557,"Fruitvale","CO","Fruitvale, CO",7675,39.08165,-108.49676
5401516,"Templeton","CA","Templeton, CA",7674,35.54969,-120.706
5792990,"Duvall","WA","Duvall, WA",7674,47.74232,-121.98568
5803556,"Milton","WA","Milton, WA",7670,47.24816,-122.3129
5866063,"Kenai","AK","Kenai, AK",7661,60.55444,-151.25833
5098430,"Glen Ridge","NJ","Glen Ridge, NJ",7660,40.80538,-74.20376
4804563,"Dunbar","WV","Dunbar, WV",7659,38.36065,-81.73735
4843411,"Southwood Acres","CT","Southwood Acres, CT",7657,41.9626,-72.57148
5410416,"Woodlake","CA","Woodlake, CA",7654,36.41356,-119.09872
5097830,"Fanwood","NJ","Fanwood, NJ",7651,40.64094,-74.38348
5206397,"Pittston","PA","Pittston, PA",7651,41.32591,-75.78936
5158143,"Hubbard","OH","Hubbard, OH",7650,41.15645,-80.56924
4178397,"Williamsburg","FL","Williamsburg, FL",7646,28.41445,-81.44285
4841463,"Ridgefield","CT","Ridgefield, CT",7645,41.28148,-73.49818
4893731,"Gilberts","IL","Gilberts, IL",7638,42.10336,-88.37286
4217075,"Port Wentworth","GA","Port Wentworth, GA",7637,32.14909,-81.16317
5199740,"Maple Glen","PA","Maple Glen, PA",7635,40.01563,-79.97672
4248256,"Robinson","IL","Robinson, IL",7631,39.00532,-87.73919
4938652,"Halifax","MA","Halifax, MA",7631,41.99121,-70.86199
4992394,"Fair Plain","MI","Fair Plain, MI",7631,42.08699,-86.45586
5258916,"Kronenwetter","WI","Kronenwetter, WI",7630,44.82219,-89.5904
5378880,"Ojai","CA","Ojai, CA",7627,34.44805,-119.24289
5347322,"Fairfax","CA","Fairfax, CA",7626,37.98715,-122.58887
4833661,"Easton","CT","Easton, CT",7625,41.25287,-73.29734
4974231,"Old Town","ME","Old Town, ME",7624,44.93423,-68.64531
5731777,"Hood River","OR","Hood River, OR",7624,45.7054,-121.52146
4168062,"Pebble Creek","FL","Pebble Creek, FL",7622,28.14835,-82.34565
4301317,"Morehead","KY","Morehead, KY",7622,37.27115,-87.17638
4697988,"Hitchcock","TX","Hitchcock, TX",7621,29.34829,-95.01604
4700731,"Jasper","TX","Jasper, TX",7619,30.9202,-93.99658
4276974,"Park City","KS","Park City, KS",7618,37.80001,-97.31838
4591977,"Powdersville","SC","Powdersville, SC",7618,34.79178,-82.49291
4651648,"Pulaski","TN","Pulaski, TN",7617,35.1998,-87.03084
5188609,"Ellwood City","PA","Ellwood City, PA",7617,40.86173,-80.28645
5651289,"Evergreen","MT","Evergreen, MT",7616,48.22579,-114.27624
5047236,"Shorewood","MN","Shorewood, MN",7614,44.9008,-93.58912
4954850,"West Boylston","MA","West Boylston, MA",7612,42.36676,-71.78563
5138704,"Sound Beach","NY","Sound Beach, NY",7612,40.95621,-72.96788
4986994,"Brighton","MI","Brighton, MI",7609,42.52948,-83.78022
4558183,"Gettysburg","PA","Gettysburg, PA",7608,39.83093,-77.2311
4268521,"Bonner Springs","KS","Bonner Springs, KS",7606,39.05973,-94.88358
5187432,"DuBois","PA","DuBois, PA",7597,41.11923,-78.76003
5574093,"Yreka","CA","Yreka, CA",7597,41.73542,-122.63447
5322317,"Acton","CA","Acton, CA",7596,34.46999,-118.19674
4906818,"Princeton","IL","Princeton, IL",7594,41.36809,-89.46481
5238685,"Montpelier","VT","Montpelier, VT",7592,44.26006,-72.57539
5545710,"Richfield","UT","Richfield, UT",7592,38.77247,-112.08409
4500771,"Berlin","NJ","Berlin, NJ",7590,39.79123,-74.92905
4851935,"Clear Lake","IA","Clear Lake, IA",7590,43.13802,-93.37937
4708989,"Manor","TX","Manor, TX",7587,30.34076,-97.55695
4144600,"Seaford","DE","Seaford, DE",7586,38.64123,-75.61104
4897482,"Inverness","IL","Inverness, IL",7583,42.11808,-88.09619
4466547,"Fletcher","NC","Fletcher, NC",7582,35.43067,-82.50123
5039133,"New Prague","MN","New Prague, MN",7582,44.5433,-93.57607
4407617,"Sappington","MO","Sappington, MO",7580,38.537,-90.37984
5112020,"Center Moriches","NY","Center Moriches, NY",7580,40.80038,-72.78982
5697383,"McCook","NE","McCook, NE",7580,40.20195,-100.62571
4172413,"Seffner","FL","Seffner, FL",7579,27.98363,-82.27565
4562275,"Willow Street","PA","Willow Street, PA",7578,39.97927,-76.27635
4187055,"Centerville","GA","Centerville, GA",7575,32.63014,-83.68963
4685449,"Dayton","TX","Dayton, TX",7575,30.04661,-94.8852
5852697,"Pukalani","HI","Pukalani, HI",7574,20.83667,-156.33667
4784352,"Sandston","VA","Sandston, VA",7571,37.52348,-77.31581
6424355,"St Johnsbury","VT","St Johnsbury, VT",7571,44.42526,-72.01512
5868651,"Meadow Lakes","AK","Meadow Lakes, AK",7570,61.62472,-149.60111
7315238,"Pasadena Hills","FL","Pasadena Hills, FL",7570,28.28001,-82.22438
5288784,"Catalina","AZ","Catalina, AZ",7569,32.50556,-110.92111
5120797,"Hillcrest","NY","Hillcrest, NY",7558,41.12787,-74.04097
5225245,"Tiverton","RI","Tiverton, RI",7557,41.62594,-71.21338
5427957,"Lamar","CO","Lamar, CO",7555,38.08723,-102.62075
5379698,"Orland","CA","Orland, CA",7550,39.74738,-122.19637
5339614,"Corning","CA","Corning, CA",7548,39.92766,-122.17916
4588682,"Murrells Inlet","SC","Murrells Inlet, SC",7547,33.551,-79.04143
5007247,"River Rouge","MI","River Rouge, MI",7546,42.27337,-83.13437
4693940,"Gonzales","TX","Gonzales, TX",7544,29.50163,-97.45249
5351654,"Garnet","CA","Garnet, CA",7543,33.90196,-116.54557
4794966,"Yorkshire","VA","Yorkshire, VA",7541,38.79317,-77.44777
5553955,"Rathdrum","ID","Rathdrum, ID",7538,47.8124,-116.89659
4982218,"Waterboro","ME","Waterboro, ME",7532,43.53564,-70.71506
5268720,"Rhinelander","WI","Rhinelander, WI",7526,45.63662,-89.41208
4907985,"Rockton","IL","Rockton, IL",7525,42.45252,-89.07233
4180512,"Auburn","GA","Auburn, GA",7524,34.01372,-83.82768
5346811,"Escalon","CA","Escalon, CA",7523,37.79781,-120.99792
4551042,"Seminole","OK","Seminole, OK",7522,35.22452,-96.67057
4697652,"Highlands","TX","Highlands, TX",7522,29.81884,-95.05604
4759735,"Fort Lee","VA","Fort Lee, VA",7520,37.4957,-77.33526
5184082,"Chester Springs","PA","Chester Springs, PA",7520,40.0951,-75.61687
5120545,"Herkimer","NY","Herkimer, NY",7519,43.02563,-74.98599
5051694,"Waite Park","MN","Waite Park, MN",7517,45.55719,-94.22416
5185237,"Connellsville","PA","Connellsville, PA",7515,40.01785,-79.58948
5729293,"Green","OR","Green, OR",7515,43.16039,-123.36785
4502093,"Haddon Heights","NJ","Haddon Heights, NJ",7514,39.87734,-75.06462
4941635,"Lancaster","MA","Lancaster, MA",7509,42.45565,-71.67312
4482916,"Oak Island","NC","Oak Island, NC",7507,33.91656,-78.16111
4151366,"Clewiston","FL","Clewiston, FL",7505,26.75423,-80.93368
4997232,"Iron Mountain","MI","Iron Mountain, MI",7504,45.82023,-88.06596
4744905,"Ashland","VA","Ashland, VA",7503,37.75903,-77.47998
4901164,"Marengo","IL","Marengo, IL",7503,42.24863,-88.60843
4684480,"Crystal City","TX","Crystal City, TX",7496,28.67748,-99.82811
4947597,"Plymouth","MA","Plymouth, MA",7494,41.95844,-70.66726
4163994,"Melrose Park","FL","Melrose Park, FL",7492,26.11342,-80.19338
4911516,"Silvis","IL","Silvis, IL",7491,41.51226,-90.41513
5307778,"Page","AZ","Page, AZ",7490,36.91472,-111.45583
4646637,"Oakland","TN","Oakland, TN",7488,35.22898,-89.51508
5201665,"Monessen","PA","Monessen, PA",7483,40.14841,-79.88783
5008414,"Saint Louis","MI","Saint Louis, MI",7482,43.40836,-84.60667
4979050,"South Berwick","ME","South Berwick, ME",7480,43.23453,-70.8095
4375349,"Aurora","MO","Aurora, MO",7477,36.97089,-93.71798
4713866,"Navasota","TX","Navasota, TX",7476,30.38798,-96.08773
5555097,"Salem","UT","Salem, UT",7475,40.05301,-111.67354
4841628,"Rockville","CT","Rockville, CT",7474,41.86676,-72.44953
4225346,"Swainsboro","GA","Swainsboro, GA",7471,32.59739,-82.33374
4151153,"Citrus Hills","FL","Citrus Hills, FL",7470,28.88831,-82.4326
4312088,"Villa Hills","KY","Villa Hills, KY",7468,39.06339,-84.593
4759120,"Fishersville","VA","Fishersville, VA",7462,38.09902,-78.96919
4876510,"Sioux Center","IA","Sioux Center, IA",7461,43.07971,-96.17558
5090918,"Pembroke","NH","Pembroke, NH",7461,43.14675,-71.45757
4635037,"LaFollette","TN","LaFollette, TN",7456,36.38286,-84.11993
4851163,"Charles City","IA","Charles City, IA",7455,43.06636,-92.67241
5204964,"Palmyra","PA","Palmyra, PA",7451,40.30898,-76.5933
5530452,"Seminole","TX","Seminole, TX",7448,32.71899,-102.64491
4202260,"Irondale","GA","Irondale, GA",7446,33.48067,-84.35881
4944903,"Nantucket","MA","Nantucket, MA",7446,41.28346,-70.09946
5805849,"Orting","WA","Orting, WA",7446,47.09788,-122.20428
5339865,"Cotati","CA","Cotati, CA",7445,38.32686,-122.70721
5105594,"Twin Rivers","NJ","Twin Rivers, NJ",7443,40.264,-74.49126
5162672,"Mentor-on-the-Lake","OH","Mentor-on-the-Lake, OH",7443,41.70504,-81.36039
4083697,"Pinson","AL","Pinson, AL",7438,33.68899,-86.68332
7261649,"Lemoore Station","CA","Lemoore Station, CA",7438,36.26326,-119.90476
4710574,"Melissa","TX","Melissa, TX",7436,33.28595,-96.57277
4050356,"Lugoff","SC","Lugoff, SC",7434,34.22737,-80.68925
4198298,"Gresham Park","GA","Gresham Park, GA",7432,33.70344,-84.31437
5097349,"Dunellen","NJ","Dunellen, NJ",7431,40.58927,-74.47182
4150394,"Celebration","FL","Celebration, FL",7427,28.32529,-81.53313
4908243,"Round Lake Park","IL","Round Lake Park, IL",7426,42.35697,-88.07675
5332929,"Calipatria","CA","Calipatria, CA",7424,33.1256,-115.51415
5263667,"Mount Horeb","WI","Mount Horeb, WI",7421,43.00861,-89.73846
4765594,"Independent Hill","VA","Independent Hill, VA",7419,38.63595,-77.43776
5234141,"Brattleboro","VT","Brattleboro, VT",7414,42.85092,-72.55787
5361298,"Joshua Tree","CA","Joshua Tree, CA",7414,34.13473,-116.31307
5153592,"Fairlawn","OH","Fairlawn, OH",7413,41.12783,-81.60984
5192863,"Hatboro","PA","Hatboro, PA",7411,40.17428,-75.10684
4880731,"Washington","IA","Washington, IA",7408,41.29918,-91.69294
4689803,"Fair Oaks Ranch","TX","Fair Oaks Ranch, TX",7407,29.74578,-98.64336
4163833,"McGregor","FL","McGregor, FL",7406,26.56091,-81.91453
4167190,"Ormond-by-the-Sea","FL","Ormond-by-the-Sea, FL",7406,29.34914,-81.06645
4710963,"Mexia","TX","Mexia, TX",7406,31.67989,-96.4822
5126855,"Midland Beach","NY","Midland Beach, NY",7402,40.57316,-74.09459
4330541,"Larose","LA","Larose, LA",7400,29.57244,-90.38175
4723024,"Roanoke","TX","Roanoke, TX",7400,33.00401,-97.22585
4900961,"Manhattan","IL","Manhattan, IL",7400,41.42253,-87.98589
5296013,"Globe","AZ","Globe, AZ",7396,33.39422,-110.7865
4915977,"West Dundee","IL","West Dundee, IL",7395,42.09808,-88.28286
4905334,"Park City","IL","Park City, IL",7392,42.34836,-87.88424
4440906,"Philadelphia","MS","Philadelphia, MS",7391,32.77152,-89.11673
5789817,"Chehalis","WA","Chehalis, WA",7391,46.66205,-122.96402
5129290,"Northport","NY","Northport, NY",7390,40.90093,-73.34317
4288656,"Corbin","KY","Corbin, KY",7389,36.9487,-84.09688
4933426,"Clinton","MA","Clinton, MA",7389,42.41676,-71.68285
4933533,"Cohasset","MA","Cohasset, MA",7388,42.24177,-70.80365
4835004,"Glastonbury Center","CT","Glastonbury Center, CT",7387,41.70093,-72.59953
5097521,"Edgewater Park","NJ","Edgewater Park, NJ",7387,40.06817,-74.90072
4417130,"Batesville","MS","Batesville, MS",7385,34.3115,-89.94426
5794242,"Felida","WA","Felida, WA",7385,45.70956,-122.70732
4617536,"Dayton","TN","Dayton, TN",7384,35.49396,-85.01245
4952005,"Sterling","MA","Sterling, MA",7384,42.43759,-71.76063
5358539,"Hughson","CA","Hughson, CA",7384,37.59688,-120.86604
4501073,"Carneys Point","NJ","Carneys Point, NJ",7382,39.71122,-75.4702
5603393,"Payette","ID","Payette, ID",7380,44.07822,-116.93377
4519938,"Northgate","OH","Northgate, OH",7377,39.25283,-84.59245
4198972,"Hampton","GA","Hampton, GA",7372,33.38706,-84.28298
4910543,"Sandwich","IL","Sandwich, IL",7366,41.64586,-88.62174
5807713,"Quincy","WA","Quincy, WA",7365,47.2343,-119.85255
7257704,"Mansfield Center","MA","Mansfield Center, MA",7360,42.02262,-71.21808
4170908,"Saint Augustine Shores","FL","Saint Augustine Shores, FL",7359,29.8108,-81.31035
5149205,"Canfield","OH","Canfield, OH",7355,41.02506,-80.76091
5058868,"Devils Lake","ND","Devils Lake, ND",7351,48.11278,-98.86512
5108179,"Bay Wood","NY","Bay Wood, NY",7350,40.7501,-73.29123
5016051,"Albertville","MN","Albertville, MN",7345,45.23774,-93.65441
4713506,"Murillo Colonia","TX","Murillo Colonia, TX",7344,26.25646,-98.11334
4452137,"Aberdeen","NC","Aberdeen, NC",7343,35.13155,-79.42948
4210254,"Morrow","GA","Morrow, GA",7338,33.58317,-84.33937
4703938,"La Feria","TX","La Feria, TX",7338,26.15896,-97.82389
5087752,"Hudson","NH","Hudson, NH",7336,42.76481,-71.43979
4291884,"Flatwoods","KY","Flatwoods, KY",7335,38.52258,-82.71711
4753635,"Collinsville","VA","Collinsville, VA",7335,36.71514,-79.91532
5073661,"Nebraska City","NE","Nebraska City, NE",7335,40.67667,-95.85917
5144606,"Williston Park","NY","Williston Park, NY",7331,40.75649,-73.64485
5101178,"Midland Park","NJ","Midland Park, NJ",7329,40.98926,-74.1407
4513057,"Grandview Heights","OH","Grandview Heights, OH",7328,39.97979,-83.04074
4996736,"Hudsonville","MI","Hudsonville, MI",7324,42.87086,-85.86504
5507016,"Laughlin","NV","Laughlin, NV",7323,35.16778,-114.57302
4691553,"Floresville","TX","Floresville, TX",7321,29.13358,-98.15612
5243819,"Altoona","WI","Altoona, WI",7321,44.80468,-91.44321
5359577,"Interlaken","CA","Interlaken, CA",7321,36.95134,-121.73384
7257713,"Middleborough Center","MA","Middleborough Center, MA",7319,41.8946,-70.92618
7728582,"Woodlake","VA","Woodlake, VA",7319,37.42106,-77.67931
5354591,"Guadalupe","CA","Guadalupe, CA",7318,34.97164,-120.57184
5145005,"Woodlawn","NY","Woodlawn, NY",7317,40.89816,-73.86736
5790218,"Clarkston","WA","Clarkston, WA",7317,46.41629,-117.04557
5175877,"Wauseon","OH","Wauseon, OH",7316,41.54922,-84.14161
5733582,"Jennings Lodge","OR","Jennings Lodge, OR",7315,45.39123,-122.61259
5102378,"Palmyra","NJ","Palmyra, NJ",7314,40.00706,-75.02823
5458067,"Bloomfield","NM","Bloomfield, NM",7314,36.71112,-107.98451
4366919,"Riverdale Park","MD","Riverdale Park, MD",7305,38.96344,-76.93164
4325150,"Franklin","LA","Franklin, LA",7302,29.79604,-91.5015
5663049,"Livingston","MT","Livingston, MT",7302,45.66244,-110.56104
9682914,"Harrison","WI","Harrison, WI",7302,44.22776,-88.33591
5203164,"New Cumberland","PA","New Cumberland, PA",7295,40.23231,-76.8847
5350039,"Fort Bragg","CA","Fort Bragg, CA",7289,39.44572,-123.80529
4249286,"Salem","IL","Salem, IL",7287,38.62699,-88.94562
4286054,"Buechel","KY","Buechel, KY",7287,38.19507,-85.6519
5378763,"Oceano","CA","Oceano, CA",7286,35.09886,-120.61239
4995520,"Hastings","MI","Hastings, MI",7284,42.64587,-85.29084
5144097,"Westmere","NY","Westmere, NY",7284,42.69119,-73.86873
4466720,"Forest City","NC","Forest City, NC",7282,35.33401,-81.8651
4899983,"Lincolnshire","IL","Lincolnshire, IL",7282,42.19002,-87.9084
5327717,"Bermuda Dunes","CA","Bermuda Dunes, CA",7282,33.7428,-116.28918
4510342,"Dry Run","OH","Dry Run, OH",7281,39.10423,-84.33049
4157427,"Green Cove Springs","FL","Green Cove Springs, FL",7277,29.99191,-81.67815
5802984,"Mead","WA","Mead, WA",7275,47.76739,-117.35494
4776472,"North Springfield","VA","North Springfield, VA",7274,38.80428,-77.2047
5383526,"Piñon Hills","CA","Piñon Hills, CA",7272,34.43333,-117.64672
4165695,"Neptune Beach","FL","Neptune Beach, FL",7269,30.31191,-81.39647
4166787,"Odessa","FL","Odessa, FL",7267,28.1939,-82.59176
4162776,"Longboat Key","FL","Longboat Key, FL",7266,27.41254,-82.65899
4373275,"Westphalia","MD","Westphalia, MD",7266,38.84539,-76.81108
4344651,"Ville Platte","LA","Ville Platte, LA",7264,30.68797,-92.27152
4769339,"Lexington","VA","Lexington, VA",7262,37.78402,-79.44282
7262771,"Napili-Honokowai","HI","Napili-Honokowai, HI",7261,20.97533,-156.67826
5105095,"Strathmore","NJ","Strathmore, NJ",7258,40.39594,-74.21348
5229526,"Madison","SD","Madison, SD",7258,44.00608,-97.11395
4265717,"Tell City","IN","Tell City, IN",7255,37.95144,-86.76777
5128490,"New Dorp","NY","New Dorp, NY",7253,40.57399,-74.11598
4904934,"Orland Hills","IL","Orland Hills, IL",7249,41.58531,-87.84311
4863705,"Knoxville","IA","Knoxville, IA",7248,41.32083,-93.10937
5523336,"Homestead Meadows South","TX","Homestead Meadows South, TX",7247,31.81097,-106.16427
5129157,"North Patchogue","NY","North Patchogue, NY",7246,40.78704,-73.009
4349727,"Bryans Road","MD","Bryans Road, MD",7244,38.62706,-77.07303
4504164,"Smithville","NJ","Smithville, NJ",7242,39.49401,-74.45709
5139058,"Southport","NY","Southport, NY",7238,42.0548,-76.81912
4832458,"Rockland","ME","Rockland, ME",7237,44.10369,-69.10893
4172052,"Sanibel","FL","Sanibel, FL",7236,26.44897,-82.02231
7315426,"Summit View","WA","Summit View, WA",7236,47.13632,-122.35202
4125027,"Osceola","AR","Osceola, AR",7233,35.70508,-89.96953
4159786,"Inverness","FL","Inverness, FL",7233,28.83582,-82.33037
4805033,"Elkins","WV","Elkins, WV",7226,38.92594,-79.84673
4146984,"Beacon Square","FL","Beacon Square, FL",7224,28.20862,-82.75538
5093422,"Swanzey","NH","Swanzey, NH",7224,42.8698,-72.28175
4280910,"Valley Center","KS","Valley Center, KS",7222,37.83473,-97.37338
5444689,"Woodland Park","CO","Woodland Park, CO",7222,38.99388,-105.05693
5044485,"Saint Francis","MN","Saint Francis, MN",7218,45.38691,-93.3594
4841187,"Putnam","CT","Putnam, CT",7214,41.9151,-71.90896
5197749,"Leola","PA","Leola, PA",7214,40.08787,-76.18495
4923914,"Mount Vernon","IN","Mount Vernon, IN",7208,40.66949,-85.82415
4301683,"Mount Sterling","KY","Mount Sterling, KY",7208,38.05647,-83.94326
4901944,"Mendota","IL","Mendota, IL",7204,41.54725,-89.11759
4860452,"Hiawatha","IA","Hiawatha, IA",7199,42.03583,-91.68212
5345844,"El Rio","CA","El Rio, CA",7198,34.23578,-119.16383
4227612,"Tyrone","GA","Tyrone, GA",7194,33.47123,-84.59715
5243081,"Winooski","VT","Winooski, VT",7193,44.49144,-73.18568
4169018,"Pompano Beach Highlands","FL","Pompano Beach Highlands, FL",7192,26.28286,-80.10699
5121513,"Hudson Falls","NY","Hudson Falls, NY",7191,43.30063,-73.58595
4432542,"Kosciusko","MS","Kosciusko, MS",7187,33.058,-89.58956
4833084,"Yardville","NJ","Yardville, NJ",7186,40.18122,-74.66432
5850616,"Makawao","HI","Makawao, HI",7184,20.85694,-156.31306
4294788,"Highland Heights","KY","Highland Heights, KY",7183,39.03312,-84.45189
5250393,"Delafield","WI","Delafield, WI",7180,43.06084,-88.40371
5037793,"Minnetrista","MN","Minnetrista, MN",7178,44.9383,-93.71774
4173634,"Southgate","FL","Southgate, FL",7173,27.3081,-82.50982
4204241,"LaFayette","GA","LaFayette, GA",7173,34.7048,-85.2819
4558247,"Glenolden","PA","Glenolden, PA",7173,39.90011,-75.28907
5131757,"Pleasantville","NY","Pleasantville, NY",7173,41.13287,-73.79263
5264455,"New London","WI","New London, WI",7172,44.39276,-88.73983
4934999,"Douglas","MA","Douglas, MA",7168,42.05426,-71.73951
5078792,"Seward","NE","Seward, NE",7167,40.90695,-97.09892
5325147,"Atherton","CA","Atherton, CA",7167,37.46133,-122.19774
4479639,"Mills River","NC","Mills River, NC",7162,35.38845,-82.56679
5211622,"Shamokin","PA","Shamokin, PA",7162,40.78897,-76.55885
4402300,"Pacific","MO","Pacific, MO",7161,38.482,-90.74152
5412030,"Applewood","CO","Applewood, CO",7160,39.75778,-105.1625
4114225,"Heber Springs","AR","Heber Springs, AR",7156,35.49147,-92.03126
4154051,"East Perrine","FL","East Perrine, FL",7156,25.60872,-80.33894
4702728,"Kaufman","TX","Kaufman, TX",7156,32.58902,-96.30887
5393611,"Sausalito","CA","Sausalito, CA",7156,37.85909,-122.48525
5115904,"East Hills","NY","East Hills, NY",7155,40.79371,-73.62707
4947397,"Pinehurst","MA","Pinehurst, MA",7152,42.52926,-71.22811
5180859,"Blandon","PA","Blandon, PA",7152,40.4412,-75.88687
5456975,"Belen","NM","Belen, NM",7152,34.66284,-106.77642
4058662,"Demopolis","AL","Demopolis, AL",7148,32.51764,-87.8364
4532493,"Catoosa","OK","Catoosa, OK",7146,36.18899,-95.74582
4133933,"Trumann","AR","Trumann, AR",7145,35.67369,-90.50733
5100008,"Keyport","NJ","Keyport, NJ",7145,40.43316,-74.19959
4428654,"Gulf Hills","MS","Gulf Hills, MS",7144,30.43048,-88.84225
5100764,"Madison Park","NJ","Madison Park, NJ",7144,40.4515,-74.30792
4177950,"West Vero Corridor","FL","West Vero Corridor, FL",7138,27.63775,-80.48576
4397238,"Marshfield","MO","Marshfield, MO",7138,37.33866,-92.90712
4049032,"Jessup","MD","Jessup, MD",7137,39.14927,-76.77525
4410669,"Sullivan","MO","Sullivan, MO",7135,38.2081,-91.16042
4771494,"Mantua","VA","Mantua, VA",7135,38.85372,-77.25943
5158404,"Independence","OH","Independence, OH",7135,41.36866,-81.6379
4377913,"Bonne Terre","MO","Bonne Terre, MO",7133,37.92311,-90.5554
4159839,"Islamorada","FL","Islamorada, FL",7131,24.9243,-80.62784
5806274,"Parkwood","WA","Parkwood, WA",7126,47.53315,-122.61014
4148944,"Broadview Park","FL","Broadview Park, FL",7125,26.09953,-80.20866
4503665,"Pomona","NJ","Pomona, NJ",7124,39.47845,-74.57516
5780020,"Providence","UT","Providence, UT",7124,41.70632,-111.81717
5806017,"Pacific","WA","Pacific, WA",7123,47.26455,-122.25012
4621915,"Fayetteville","TN","Fayetteville, TN",7121,35.15203,-86.57055
4547969,"Piedmont","OK","Piedmont, OK",7118,35.642,-97.74643
4516989,"Logan","OH","Logan, OH",7117,39.54007,-82.4071
5119405,"Greenville","NY","Greenville, NY",7116,40.99315,-73.81986
4684547,"Cuero","TX","Cuero, TX",7115,29.09387,-97.28916
4251917,"Vandalia","IL","Vandalia, IL",7112,38.9606,-89.09368
4697060,"Hempstead","TX","Hempstead, TX",7110,30.09744,-96.07829
5013961,"Walled Lake","MI","Walled Lake, MI",7110,42.53781,-83.48105
4180564,"Austell","GA","Austell, GA",7107,33.81261,-84.63438
4176387,"Venice Gardens","FL","Venice Gardens, FL",7104,27.07311,-82.4076
4344644,"Village Saint George","LA","Village Saint George, LA",7104,30.36214,-91.06733
7257902,"Fort Belvoir","VA","Fort Belvoir, VA",7100,38.7119,-77.14589
5368618,"Los Serranos","CA","Los Serranos, CA",7099,33.97279,-117.70811
4443249,"Richland","MS","Richland, MS",7087,32.23904,-90.15842
4573209,"Camden","SC","Camden, SC",7085,34.24654,-80.60702
5686121,"Whitefish","MT","Whitefish, MT",7073,48.41108,-114.33763
5143817,"West Glens Falls","NY","West Glens Falls, NY",7071,43.30007,-73.68401
5128539,"New Paltz","NY","New Paltz, NY",7070,41.74759,-74.08681
4337775,"Ponchatoula","LA","Ponchatoula, LA",7068,30.4388,-90.44148
4416192,"Amory","MS","Amory, MS",7067,33.98428,-88.4881
5097152,"Dayton","NJ","Dayton, NJ",7063,40.37261,-74.51015
5097778,"Fairfield","NJ","Fairfield, NJ",7063,40.88371,-74.30598
4474316,"King","NC","King, NC",7059,36.28069,-80.35922
4164554,"Mims","FL","Mims, FL",7058,28.66527,-80.84478
4474274,"Kill Devil Hills","NC","Kill Devil Hills, NC",7058,36.03072,-75.67601
4307025,"Russellville","KY","Russellville, KY",7056,36.84532,-86.88722
4168244,"Perry","FL","Perry, FL",7055,30.11766,-83.58274
4364312,"Ocean City","MD","Ocean City, MD",7055,38.3365,-75.08491
4368879,"Savage","MD","Savage, MD",7054,39.13789,-76.82386
4506166,"Bellbrook","OH","Bellbrook, OH",7053,39.63562,-84.07077
4142643,"Georgetown","DE","Georgetown, DE",7051,38.69011,-75.38547
5101244,"Milltown","NJ","Milltown, NJ",7049,40.45622,-74.44321
4888217,"Clinton","IL","Clinton, IL",7048,40.15365,-88.96453
5130854,"Pelham","NY","Pelham, NY",7048,40.90982,-73.80791
5323499,"Alta Sierra","CA","Alta Sierra, CA",7047,35.73126,-118.5539
5000996,"Marshall","MI","Marshall, MI",7045,42.27226,-84.96331
4233586,"Benton","IL","Benton, IL",7041,37.99672,-88.92007
4323546,"Eden Isle","LA","Eden Isle, LA",7041,30.22853,-89.79867
5066435,"Crete","NE","Crete, NE",7037,40.62778,-96.96142
4560709,"Ridley Park","PA","Ridley Park, PA",7035,39.88122,-75.3238
5740898,"Milton-Freewater","OR","Milton-Freewater, OR",7035,45.93263,-118.38774
5410125,"Winters","CA","Winters, CA",7034,38.52491,-121.9708
4922562,"Lakes of the Four Seasons","IN","Lakes of the Four Seasons, IN",7033,41.41032,-87.21309
5194590,"Huntingdon","PA","Huntingdon, PA",7029,40.4848,-78.01028
4955247,"Westminster","MA","Westminster, MA",7028,42.54592,-71.91063
4244967,"Mount Carmel","IL","Mount Carmel, IL",7027,38.41088,-87.76142
4656006,"Savannah","TN","Savannah, TN",7027,35.2248,-88.2492
5392408,"San Martin","CA","San Martin, CA",7027,37.08495,-121.61022
5151941,"Delphos","OH","Delphos, OH",7023,40.84338,-84.34162
5158298,"Huron","OH","Huron, OH",7022,41.39505,-82.55517
4528596,"Withamsville","OH","Withamsville, OH",7021,39.06228,-84.28827
4347800,"Baltimore Highlands","MD","Baltimore Highlands, MD",7019,39.23316,-76.63663
4504336,"Stratford","NJ","Stratford, NJ",7013,39.82678,-75.01545
4304232,"Pikeville","KY","Pikeville, KY",7012,37.47927,-82.51876
4934429,"Dalton","MA","Dalton, MA",7012,42.4737,-73.16621
4161296,"Lake Lorraine","FL","Lake Lorraine, FL",7010,30.44159,-86.56523
5758052,"Umatilla","OR","Umatilla, OR",7009,45.91735,-119.34252
5317663,"Tolleson","AZ","Tolleson, AZ",7008,33.45004,-112.25932
4539224,"Idabel","OK","Idabel, OK",7007,33.89566,-94.82633
5129433,"Nyack","NY","Nyack, NY",7004,41.09065,-73.91791
4687588,"Eagle Mountain","TX","Eagle Mountain, TX",7003,32.89346,-97.44446
4154270,"Eglin Village","FL","Eglin Village, FL",7000,30.46298,-86.5394
5215118,"Tacony","PA","Tacony, PA",7000,40.03122,-75.04434
5359634,"Ione","CA","Ione, CA",7000,38.35269,-120.93272
5401017,"Tamalpais Valley","CA","Tamalpais Valley, CA",7000,37.87965,-122.54581
5743422,"North Portland","OR","North Portland, OR",7000,45.61039,-122.70343
4109452,"East End","AR","East End, AR",6998,34.55065,-92.34099
4343103,"Tallulah","LA","Tallulah, LA",6995,32.40848,-91.18678
4621447,"Fairfield Glade","TN","Fairfield Glade, TN",6989,36.00035,-84.88634
4155996,"Fort Myers Beach","FL","Fort Myers Beach, FL",6983,26.45271,-81.95011
4166298,"North Sarasota","FL","North Sarasota, FL",6982,27.37393,-82.51843
5129919,"Orange Lake","NY","Orange Lake, NY",6982,41.53982,-74.0982
4515813,"Kenwood","OH","Kenwood, OH",6981,39.21061,-84.36716
4335963,"Old Jefferson","LA","Old Jefferson, LA",6980,30.38269,-91.01705
5780699,"Roosevelt","UT","Roosevelt, UT",6980,40.2994,-109.98876
4572881,"Burton","SC","Burton, SC",6976,32.43575,-80.724
4412820,"Valley Park","MO","Valley Park, MO",6974,38.54922,-90.49262
4838611,"Middlebury","CT","Middlebury, CT",6974,41.52787,-73.12761
5223006,"Kingston","RI","Kingston, RI",6974,41.48038,-71.52256
4502690,"Linwood","NJ","Linwood, NJ",6973,39.33984,-74.57516
5781809,"South Weber","UT","South Weber, UT",6971,41.13244,-111.93022
4993402,"Freeland","MI","Freeland, MI",6969,43.52503,-84.12276
5129359,"Norwich","NY","Norwich, NY",6968,42.53118,-75.52351
5167293,"Portage Lakes","OH","Portage Lakes, OH",6968,41.00728,-81.52706
4678379,"Cameron Park","TX","Cameron Park, TX",6963,25.96452,-97.47665
4678381,"Cameron Park Colonia","TX","Cameron Park Colonia, TX",6963,25.97147,-97.47832
5178450,"Archbald","PA","Archbald, PA",6960,41.4948,-75.53685
5274885,"Sturtevant","WI","Sturtevant, WI",6960,42.69807,-87.89452
4152695,"Dade City","FL","Dade City, FL",6955,28.36472,-82.19592
5750663,"Scappoose","OR","Scappoose, OR",6954,45.75428,-122.8776
5427705,"La Junta","CO","La Junta, CO",6951,37.98501,-103.54383
4986963,"Bridgeport","MI","Bridgeport, MI",6950,43.35947,-83.88164
5093259,"Stratham Station","NH","Stratham Station, NH",6949,43.05287,-70.89533
4377295,"Black Jack","MO","Black Jack, MO",6947,38.79338,-90.26733
4465507,"Etowah","NC","Etowah, NC",6944,35.31762,-82.59429
5661766,"Laurel","MT","Laurel, MT",6943,45.66912,-108.77153
5699552,"Sidney","NE","Sidney, NE",6942,41.14276,-102.97798
4645738,"Nolensville","TN","Nolensville, TN",6939,35.95229,-86.66944
5813249,"Terrace Heights","WA","Terrace Heights, WA",6937,46.60624,-120.43979
4614843,"Colonial Heights","TN","Colonial Heights, TN",6934,36.4851,-82.5032
4162461,"Live Oak","FL","Live Oak, FL",6931,30.29495,-82.98402
5201470,"Milton","PA","Milton, PA",6928,41.01203,-76.84774
5151174,"Cortland","OH","Cortland, OH",6927,41.33033,-80.72536
5103564,"Rumson","NJ","Rumson, NJ",6926,40.37205,-73.99903
5119226,"Great Neck Plaza","NY","Great Neck Plaza, NY",6925,40.78677,-73.72652
5508473,"Moapa Valley","NV","Moapa Valley, NV",6924,36.58053,-114.47026
5424152,"Gypsum","CO","Gypsum, CO",6922,39.64693,-106.95171
7262713,"Hickam Field","HI","Hickam Field, HI",6920,21.33967,-157.96018
4367035,"Robinwood","MD","Robinwood, MD",6918,39.63704,-77.65694
4952731,"Templeton","MA","Templeton, MA",6918,42.55564,-72.06758
5017761,"Belle Plaine","MN","Belle Plaine, MN",6918,44.62274,-93.76857
5240569,"Saint Albans","VT","Saint Albans, VT",6918,44.81088,-73.08319
4760376,"Galax","VA","Galax, VA",6914,36.66124,-80.92397
4658861,"South Cleveland","TN","South Cleveland, TN",6912,35.14119,-84.87217
7258746,"Homeacre-Lyndora","PA","Homeacre-Lyndora, PA",6906,40.87206,-79.9206
5440520,"Stratmoor","CO","Stratmoor, CO",6900,38.77388,-104.7797
4243131,"Litchfield","IL","Litchfield, IL",6897,39.17533,-89.65426
5378617,"Oasis","CA","Oasis, CA",6890,33.46586,-116.09889
4175626,"Treasure Island","FL","Treasure Island, FL",6887,27.76919,-82.76899
5101601,"Mountainside","NJ","Mountainside, NJ",6885,40.67232,-74.35737
4708255,"Lucas","TX","Lucas, TX",6883,33.08429,-96.57666
4965481,"Gorham","ME","Gorham, ME",6882,43.67952,-70.44422
5412230,"Aspen","CO","Aspen, CO",6882,39.1911,-106.81754
5127741,"Mount Ivy","NY","Mount Ivy, NY",6878,41.18676,-74.03486
4518307,"Milford","OH","Milford, OH",6876,39.17534,-84.29438
4530866,"Blackwell","OK","Blackwell, OK",6875,36.80448,-97.28282
7315364,"Lantana","TX","Lantana, TX",6874,33.09073,-97.12416
4297882,"Leitchfield","KY","Leitchfield, KY",6873,37.48005,-86.29386
4337436,"Plaquemine","LA","Plaquemine, LA",6871,30.29005,-91.23497
5384133,"Pollock Pines","CA","Pollock Pines, CA",6871,38.76158,-120.58611
5142362,"Viola","NY","Viola, NY",6868,41.13648,-74.08236
5178228,"Ambridge","PA","Ambridge, PA",6859,40.58923,-80.22506
5257669,"Jackson","WI","Jackson, WI",6859,43.32389,-88.16676
5126509,"Mechanicstown","NY","Mechanicstown, NY",6858,41.44287,-74.38849
5538927,"Ephraim","UT","Ephraim, UT",6857,39.35968,-111.58631
9670593,"Laurel Hill","VA","Laurel Hill, VA",6855,38.71663,-77.23686
5249503,"Cottage Grove","WI","Cottage Grove, WI",6854,43.07611,-89.19956
5373504,"Mira Monte","CA","Mira Monte, CA",6854,34.43361,-119.28511
4341007,"Schriever","LA","Schriever, LA",6853,29.74215,-90.81037
5129242,"North Syracuse","NY","North Syracuse, NY",6853,43.13479,-76.12992
4277752,"Pratt","KS","Pratt, KS",6849,37.64391,-98.73759
4254124,"Bargersville","IN","Bargersville, IN",6846,39.52088,-86.16777
4679272,"Carthage","TX","Carthage, TX",6844,32.15738,-94.33742
5546441,"Santa Clara","UT","Santa Clara, UT",6841,37.13304,-113.65413
5143066,"Walden","NY","Walden, NY",6839,41.5612,-74.18848
5358769,"Huron","CA","Huron, CA",6836,36.20273,-120.10292
5433549,"Orchard Mesa","CO","Orchard Mesa, CO",6836,39.04304,-108.55232
4645532,"Newport","TN","Newport, TN",6834,35.96704,-83.18766
4847385,"Atlantic","IA","Atlantic, IA",6833,41.4036,-95.01388
4868620,"Nevada","IA","Nevada, IA",6831,42.02277,-93.45243
5215142,"Tamaqua","PA","Tamaqua, PA",6829,40.79731,-75.96937
5600890,"Middleton","ID","Middleton, ID",6828,43.70683,-116.62014
5677735,"Sidney","MT","Sidney, MT",6828,47.71668,-104.15633
4278272,"Roeland Park","KS","Roeland Park, KS",6827,39.03751,-94.63218
5809983,"Sequim","WA","Sequim, WA",6826,48.07963,-123.10234
5143285,"Warwick","NY","Warwick, NY",6823,41.25648,-74.35988
5095124,"Allendale","NJ","Allendale, NJ",6822,41.04149,-74.12903
4945497,"North Amherst","MA","North Amherst, MA",6819,42.41037,-72.53092
5120598,"Hewlett","NY","Hewlett, NY",6819,40.64316,-73.69569
4916894,"Winthrop Harbor","IL","Winthrop Harbor, IL",6818,42.47891,-87.82368
4500653,"Barrington","NJ","Barrington, NJ",6817,39.86484,-75.05517
7258078,"Carmel Hamlet","NY","Carmel Hamlet, NY",6817,41.41485,-73.68524
4987304,"Buena Vista","MI","Buena Vista, MI",6816,43.4203,-83.89858
5320871,"Wickenburg","AZ","Wickenburg, AZ",6806,33.96864,-112.72962
4553574,"Tuttle","OK","Tuttle, OK",6805,35.29089,-97.81227
4370366,"Stevensville","MD","Stevensville, MD",6803,38.98067,-76.3144
4352795,"Darnestown","MD","Darnestown, MD",6802,39.10344,-77.29082
5663135,"Lockwood","MT","Lockwood, MT",6797,45.81912,-108.41486
5159809,"Kirtland","OH","Kirtland, OH",6793,41.62894,-81.3615
4230760,"Whitemarsh Island","GA","Whitemarsh Island, GA",6792,32.02882,-81.01678
4698809,"Hornsby Bend","TX","Hornsby Bend, TX",6791,30.24743,-97.58333
5128238,"Myers Corner","NY","Myers Corner, NY",6790,41.6062,-73.87291
4513394,"Groesbeck","OH","Groesbeck, OH",6788,39.22311,-84.58689
4584322,"Lake City","SC","Lake City, SC",6788,33.871,-79.75535
5871146,"Palmer","AK","Palmer, AK",6788,61.59941,-149.11456
4924077,"Nappanee","IN","Nappanee, IN",6787,41.44283,-86.00139
4912555,"Stickney","IL","Stickney, IL",6786,41.82142,-87.78283
5162044,"Martins Ferry","OH","Martins Ferry, OH",6786,40.09591,-80.72453
4516248,"Landen","OH","Landen, OH",6782,39.312,-84.28299
5082790,"Atkinson","NH","Atkinson, NH",6782,42.83842,-71.147
5811995,"Stanwood","WA","Stanwood, WA",6779,48.24121,-122.37071
5562087,"Crescent City","CA","Crescent City, CA",6774,41.75595,-124.20175
4467926,"Gibsonville","NC","Gibsonville, NC",6773,36.10569,-79.54225
4065965,"Hamilton","AL","Hamilton, AL",6772,34.14232,-87.98864
4831969,"Cos Cob","CT","Cos Cob, CT",6770,41.03343,-73.59957
4194202,"Fairview","GA","Fairview, GA",6769,34.94563,-85.2844
4310616,"Taylor Mill","KY","Taylor Mill, KY",6769,38.99756,-84.49633
5345049,"East Porterville","CA","East Porterville, CA",6767,36.05745,-118.97566
5719308,"Clackamas","OR","Clackamas, OR",6767,45.40762,-122.57037
4483174,"Ogden","NC","Ogden, NC",6766,34.27239,-77.81859
5108202,"Bayville","NY","Bayville, NY",6764,40.91065,-73.56207
4816665,"Nitro","WV","Nitro, WV",6763,38.41481,-81.84402
5143966,"West Point","NY","West Point, NY",6763,41.39148,-73.95597
4189014,"Commerce","GA","Commerce, GA",6762,34.204,-83.45711
5108683,"Belle Harbor","NY","Belle Harbor, NY",6758,40.57594,-73.84819
4349175,"Bowleys Quarters","MD","Bowleys Quarters, MD",6755,39.33539,-76.39024
5253662,"Fox Point","WI","Fox Point, WI",6755,43.15751,-87.90175
4538126,"Grove","OK","Grove, OK",6751,36.59369,-94.76912
4954886,"West Bridgewater","MA","West Bridgewater, MA",6750,42.01899,-71.00782
5778601,"Mount Olympus","UT","Mount Olympus, UT",6748,40.6855,-111.78854
5212897,"Souderton","PA","Souderton, PA",6747,40.31177,-75.32518
4051894,"Brook Highland","AL","Brook Highland, AL",6746,33.43566,-86.67388
4370931,"Taneytown","MD","Taneytown, MD",6746,39.65788,-77.17443
4626286,"Greenbrier","TN","Greenbrier, TN",6745,36.42755,-86.80472
5125813,"Manorhaven","NY","Manorhaven, NY",6744,40.84316,-73.71485
5258575,"Kimberly","WI","Kimberly, WI",6744,44.27221,-88.339
4122218,"Morrilton","AR","Morrilton, AR",6738,35.15092,-92.74405
5368233,"Loomis","CA","Loomis, CA",6733,38.82129,-121.193
4178449,"Willow Oak","FL","Willow Oak, FL",6732,27.91614,-82.01786
4744645,"Aquia Harbour","VA","Aquia Harbour, VA",6727,38.46262,-77.38887
4349283,"Brandywine","MD","Brandywine, MD",6719,38.69678,-76.84775
4613560,"Church Hill","TN","Church Hill, TN",6719,36.52232,-82.71349
4529353,"Anadarko","OK","Anadarko, OK",6717,35.07256,-98.24366
4586266,"Marion","SC","Marion, SC",6714,34.17822,-79.40061
5692814,"Watford City","ND","Watford City, ND",6708,47.80224,-103.28325
4107802,"De Queen","AR","De Queen, AR",6707,34.03789,-94.34132
5130327,"Oyster Bay","NY","Oyster Bay, NY",6707,40.86565,-73.53207
4560237,"Parkville","PA","Parkville, PA",6706,39.78121,-76.96331
4177617,"Wedgefield","FL","Wedgefield, FL",6705,28.48778,-81.07729
4955539,"Whitinsville","MA","Whitinsville, MA",6704,42.11121,-71.66618
4110443,"Farmington","AR","Farmington, AR",6701,36.04202,-94.24715
4641974,"Millersville","TN","Millersville, TN",6700,36.37116,-86.71
5553533,"Big Park","AZ","Big Park, AZ",6695,34.7803,-111.76265
5199075,"Lower Allen","PA","Lower Allen, PA",6694,40.22648,-76.90053
4147247,"Belle Isle","FL","Belle Isle, FL",6689,28.45834,-81.35924
4226435,"Thomson","GA","Thomson, GA",6689,33.47069,-82.50457
4728653,"Silsbee","TX","Silsbee, TX",6688,30.3491,-94.17796
5769489,"Sturgis","SD","Sturgis, SD",6688,44.40971,-103.50908
5794416,"Fircrest","WA","Fircrest, WA",6687,47.23954,-122.51596
5218918,"West View","PA","West View, PA",6685,40.52229,-80.03422
4557228,"Clifton Heights","PA","Clifton Heights, PA",6684,39.92928,-75.2963
4195544,"Flowery Branch","GA","Flowery Branch, GA",6683,34.1851,-83.92518
4757863,"Ettrick","VA","Ettrick, VA",6682,37.24015,-77.42998
4957956,"Belfast","ME","Belfast, ME",6682,44.42591,-69.00642
5111974,"Cedarhurst","NY","Cedarhurst, NY",6682,40.62288,-73.7243
5137622,"Seneca Falls","NY","Seneca Falls, NY",6681,42.91062,-76.79662
5184396,"Clairton","PA","Clairton, PA",6681,40.29229,-79.88171
7260752,"Air Force Academy","CO","Air Force Academy, CO",6680,38.99425,-104.86375
5804915,"North Bend","WA","North Bend, WA",6679,47.49566,-121.78678
5420328,"Eagle","CO","Eagle, CO",6678,39.65526,-106.82865
4339690,"Saint Gabriel","LA","Saint Gabriel, LA",6677,30.2577,-91.09927
4576653,"Dillon","SC","Dillon, SC",6677,34.41655,-79.37116
4264555,"Scottsburg","IN","Scottsburg, IN",6674,38.68561,-85.77025
7261327,"Garden Home-Whitford","OR","Garden Home-Whitford, OR",6674,45.464,-122.75891
5138884,"South Hill","NY","South Hill, NY",6673,42.42924,-76.49494
4482941,"Oak Ridge","NC","Oak Ridge, NC",6671,36.17347,-79.98893
5416113,"Carbondale","CO","Carbondale, CO",6670,39.40221,-107.21116
4495616,"Trinity","NC","Trinity, NC",6669,35.89458,-79.99087
5062292,"Valley City","ND","Valley City, ND",6669,46.92331,-98.00315
5841207,"Torrington","WY","Torrington, WY",6669,42.06246,-104.18439
4600413,"Welcome","SC","Welcome, SC",6668,34.82651,-82.43901
5804885,"Normandy Park","WA","Normandy Park, WA",6668,47.43621,-122.34068
4239867,"Greenville","IL","Greenville, IL",6666,38.89227,-89.41314
4543733,"Noble","OK","Noble, OK",6666,35.13924,-97.39475
5116047,"East Rochester","NY","East Rochester, NY",6666,43.10867,-77.4875
5116063,"East Shoreham","NY","East Shoreham, NY",6666,40.94482,-72.87955
4904002,"North Riverside","IL","North Riverside, IL",6665,41.84281,-87.82311
5738690,"Madras","OR","Madras, OR",6662,44.63345,-121.12949
5101901,"North Caldwell","NJ","North Caldwell, NJ",6661,40.86482,-74.2582
5178280,"Ancient Oaks","PA","Ancient Oaks, PA",6661,40.54732,-75.58935
4081683,"Opp","AL","Opp, AL",6658,31.28267,-86.25551
5034813,"Litchfield","MN","Litchfield, MN",6657,45.12718,-94.52805
5330427,"Boyes Hot Springs","CA","Boyes Hot Springs, CA",6656,38.3138,-122.48193
5788125,"Brier","WA","Brier, WA",6656,47.78454,-122.27429
5118650,"Glen Oaks","NY","Glen Oaks, NY",6655,40.74705,-73.71152
5816413,"Wollochet","WA","Wollochet, WA",6651,47.26871,-122.58402
4199075,"Hapeville","GA","Hapeville, GA",6650,33.66011,-84.4102
4817825,"Pea Ridge","WV","Pea Ridge, WV",6650,38.41397,-82.31987
4076771,"Montevallo","AL","Montevallo, AL",6648,33.10067,-86.86416
4906035,"Pingree Grove","IL","Pingree Grove, IL",6648,42.06864,-88.41342
4689120,"Elsa","TX","Elsa, TX",6647,26.2934,-97.99306
5402159,"Thermalito","CA","Thermalito, CA",6646,39.51128,-121.58692
7315242,"Viera West","FL","Viera West, FL",6641,28.24504,-80.7338
5785378,"Airway Heights","WA","Airway Heights, WA",6639,47.64461,-117.59327
4558004,"Folcroft","PA","Folcroft, PA",6637,39.89095,-75.2838
4552820,"Tecumseh","OK","Tecumseh, OK",6630,35.25785,-96.93669
4181110,"Barnesville","GA","Barnesville, GA",6625,33.05457,-84.15575
8605012,"Elmendorf Air Force Base","AK","Elmendorf Air Force Base, AK",6621,61.25703,-149.63139
4262318,"North Vernon","IN","North Vernon, IN",6619,39.00617,-85.62358
4626181,"Green Hill","TN","Green Hill, TN",6618,36.22283,-86.54944
4749715,"Buena Vista","VA","Buena Vista, VA",6618,37.7343,-79.35392
5115857,"East Glenville","NY","East Glenville, NY",6616,42.89452,-73.9279
5121309,"Horseheads","NY","Horseheads, NY",6616,42.16702,-76.82051
5774685,"Farr West","UT","Farr West, UT",6616,41.29717,-112.02772
4081671,"Oneonta","AL","Oneonta, AL",6615,33.94815,-86.47276
5106361,"Wharton","NJ","Wharton, NJ",6613,40.89315,-74.58183
5140532,"Tappan","NY","Tappan, NY",6613,41.02204,-73.94736
5322027,"Youngtown","AZ","Youngtown, AZ",6613,33.59393,-112.30294
4254185,"Batesville","IN","Batesville, IN",6611,39.30005,-85.22218
4839983,"Old Greenwich","CT","Old Greenwich, CT",6611,41.02287,-73.56485
5423078,"Gleneagle","CO","Gleneagle, CO",6611,39.04527,-104.82442
5182733,"California","PA","California, PA",6608,40.06563,-79.89171
5122365,"Irvington","NY","Irvington, NY",6607,41.03922,-73.86823
4704238,"Lacy-Lakeview","TX","Lacy-Lakeview, TX",6604,31.62933,-97.10278
5592562,"Emmett","ID","Emmett, ID",6604,43.8735,-116.4993
5139294,"Springs","NY","Springs, NY",6592,41.01621,-72.15924
4178292,"Wildwood","FL","Wildwood, FL",6590,28.86542,-82.04058
5238499,"Middlebury (village)","VT","Middlebury (village), VT",6588,44.01553,-73.16937
5009717,"Shields","MI","Shields, MI",6587,43.4153,-84.05637
4574140,"Centerville","SC","Centerville, SC",6586,34.53205,-82.70402
4787974,"Strasburg","VA","Strasburg, VA",6586,38.98872,-78.35862
4406941,"Saint John","MO","Saint John, MO",6584,38.71484,-90.34627
4988132,"Carrollton","MI","Carrollton, MI",6583,43.45864,-83.93025
4355214,"Forest Glen","MD","Forest Glen, MD",6582,39.01455,-77.0547
4707932,"Los Fresnos","TX","Los Fresnos, TX",6582,26.07174,-97.47637
5354307,"Gridley","CA","Gridley, CA",6582,39.36378,-121.69358
5168225,"Rittman","OH","Rittman, OH",6580,40.97811,-81.78208
5134420,"Roslyn Heights","NY","Roslyn Heights, NY",6577,40.78871,-73.64735
5800314,"Lake Shore","WA","Lake Shore, WA",6571,45.69067,-122.69093
5111484,"Canton","NY","Canton, NY",6570,44.59562,-75.16909
4933493,"Cochituate","MA","Cochituate, MA",6569,42.32093,-71.36423
4172935,"Siesta Key","FL","Siesta Key, FL",6565,27.26785,-82.54526
5208166,"Richboro","PA","Richboro, PA",6563,40.21511,-75.01072
4746265,"Bedford","VA","Bedford, VA",6561,37.33431,-79.52309
5124087,"Lawrence","NY","Lawrence, NY",6559,40.61566,-73.72958
4267354,"Abilene","KS","Abilene, KS",6558,38.91722,-97.21391
4514282,"Hillsboro","OH","Hillsboro, OH",6557,39.20229,-83.61159
4684218,"Crockett","TX","Crockett, TX",6554,31.31824,-95.45661
7260157,"Southeast Arcadia","FL","Southeast Arcadia, FL",6554,27.18629,-81.8521
4628695,"Henderson","TN","Henderson, TN",6552,35.43924,-88.64144
4704276,"Lago Vista","TX","Lago Vista, TX",6550,30.4602,-97.98835
4496304,"Unionville","NC","Unionville, NC",6547,35.08737,-80.50896
4257110,"Ellettsville","IN","Ellettsville, IN",6544,39.23393,-86.625
7259892,"Inverness Highlands South","FL","Inverness Highlands South, FL",6542,28.80055,-82.3371
5750984,"Seaside","OR","Seaside, OR",6540,45.99316,-123.92264
4173007,"Silver Springs Shores","FL","Silver Springs Shores, FL",6539,29.10442,-82.02064
5416824,"Cherry Hills Village","CO","Cherry Hills Village, CO",6539,39.64165,-104.95943
4893581,"Geneseo","IL","Geneseo, IL",6538,41.44809,-90.15428
5100340,"Laurence Harbor","NJ","Laurence Harbor, NJ",6536,40.45677,-74.24653
5106645,"Yorketown","NJ","Yorketown, NJ",6535,40.30789,-74.33765
5259182,"Lake Hallie","WI","Lake Hallie, WI",6535,44.87579,-91.44071
5044896,"Saint Joseph","MN","Saint Joseph, MN",6534,45.56496,-94.31833
5823516,"Douglas","WY","Douglas, WY",6531,42.75969,-105.38221
4963642,"Eliot","ME","Eliot, ME",6528,43.15314,-70.80006
5174870,"Upper Sandusky","OH","Upper Sandusky, OH",6527,40.82728,-83.28131
5183438,"Catasauqua","PA","Catasauqua, PA",6525,40.65482,-75.47463
4072767,"Lincoln","AL","Lincoln, AL",6524,33.61316,-86.11831
4839435,"New Milford","CT","New Milford, CT",6523,41.57704,-73.40845
4685617,"Decatur","TX","Decatur, TX",6521,33.23428,-97.58614
4192800,"Eatonton","GA","Eatonton, GA",6520,33.3268,-83.3885
4148674,"Boyette","FL","Boyette, FL",6518,27.81753,-82.22259
4746457,"Belle Haven","VA","Belle Haven, VA",6518,38.78539,-77.06303
5168673,"Rossford","OH","Rossford, OH",6512,41.60977,-83.56438
5111137,"Calverton","NY","Calverton, NY",6510,40.90649,-72.74343
4366930,"Riverside","MD","Riverside, MD",6507,39.17344,-76.88525
5127359,"Monticello","NY","Monticello, NY",6505,41.65565,-74.68933
5178225,"Ambler","PA","Ambler, PA",6505,40.15455,-75.22157
5412396,"Avon","CO","Avon, CO",6505,39.63137,-106.52225
4361379,"Lutherville","MD","Lutherville, MD",6504,39.42122,-76.62608
5106057,"Washington","NJ","Washington, NJ",6498,40.75843,-74.97934
7259582,"Champion Heights","OH","Champion Heights, OH",6498,41.28999,-80.84595
5405737,"Vandenberg Village","CA","Vandenberg Village, CA",6497,34.70832,-120.46766
4383513,"De Soto","MO","De Soto, MO",6495,38.1395,-90.55513
5103396,"Rockaway","NJ","Rockaway, NJ",6494,40.90121,-74.51432
4809558,"Hurricane","WV","Hurricane, WV",6493,38.43259,-82.02014
4533909,"Collinsville","OK","Collinsville, OK",6492,36.36454,-95.83888
5506353,"Johnson Lane","NV","Johnson Lane, NV",6490,39.04796,-119.72212
4163083,"Macclenny","FL","Macclenny, FL",6487,30.28218,-82.12206
4206905,"Lovejoy","GA","Lovejoy, GA",6487,33.43622,-84.31437
4351327,"Cheverly","MD","Cheverly, MD",6485,38.92817,-76.91581
5362864,"Kentfield","CA","Kentfield, CA",6485,37.95215,-122.5572
5115838,"East Farmingdale","NY","East Farmingdale, NY",6484,40.72927,-73.41679
4943616,"Medfield","MA","Medfield, MA",6483,42.1876,-71.30645
4997281,"Ishpeming","MI","Ishpeming, MI",6483,46.48855,-87.66764
4560549,"Prospect Park","PA","Prospect Park, PA",6481,39.88789,-75.30824
5334937,"Castroville","CA","Castroville, CA",6481,36.76579,-121.758
4506187,"Belpre","OH","Belpre, OH",6476,39.27396,-81.5729
5715905,"Brookings","OR","Brookings, OR",6476,42.05261,-124.28398
7259773,"Fort Pierce North","FL","Fort Pierce North, FL",6474,27.47364,-80.3593
5048361,"Spring Lake Park","MN","Spring Lake Park, MN",6473,45.10774,-93.238
5001972,"Milford","MI","Milford, MI",6472,42.59364,-83.59939
5075348,"Plattsmouth","NE","Plattsmouth, NE",6462,41.01139,-95.88223
5835606,"Powell","WY","Powell, WY",6462,44.75384,-108.75735
4526790,"Union","OH","Union, OH",6461,39.89783,-84.30633
4161624,"Lauderdale-by-the-Sea","FL","Lauderdale-by-the-Sea, FL",6460,26.19203,-80.09643
5808311,"Ridgefield","WA","Ridgefield, WA",6455,45.81511,-122.7426
5850248,"Lihue","HI","Lihue, HI",6455,21.98121,-159.3721
4371334,"Thurmont","MD","Thurmont, MD",6454,39.62371,-77.41082
4469730,"Hamlet","NC","Hamlet, NC",6454,34.88488,-79.69422
4071763,"Lanett","AL","Lanett, AL",6452,32.86874,-85.1905
8531961,"Kula","HI","Kula, HI",6452,20.79094,-156.32695
5778898,"Nibley","UT","Nibley, UT",6451,41.67438,-111.833
5880568,"Bethel","AK","Bethel, AK",6450,60.79222,-161.75583
4509506,"Covedale","OH","Covedale, OH",6447,39.12117,-84.60633
4512557,"Geneva","OH","Geneva, OH",6447,39.66201,-82.43349
5378087,"Nuevo","CA","Nuevo, CA",6447,33.80141,-117.14587
5126246,"Mattydale","NY","Mattydale, NY",6446,43.09784,-76.1452
5189981,"Forest Hills","PA","Forest Hills, PA",6443,40.41979,-79.85005
5204203,"Oakmont","PA","Oakmont, PA",6443,40.52173,-79.84227
5812434,"Sudden Valley","WA","Sudden Valley, WA",6441,48.72289,-122.34655
4126923,"Pocahontas","AR","Pocahontas, AR",6438,36.26146,-90.97123
5110269,"Bronxville","NY","Bronxville, NY",6438,40.93815,-73.83208
4528203,"Wheelersburg","OH","Wheelersburg, OH",6437,38.73035,-82.85545
5100308,"Landing","NJ","Landing, NJ",6436,40.9051,-74.66516
5121509,"Hudson","NY","Hudson, NY",6436,42.25286,-73.79096
5524527,"Kermit","TX","Kermit, TX",6434,31.85763,-103.09267
5010569,"South Monroe","MI","South Monroe, MI",6433,41.89588,-83.41771
4693621,"Gladewater","TX","Gladewater, TX",6432,32.53653,-94.94272
5222019,"Exeter","RI","Exeter, RI",6426,41.5776,-71.53756
5138674,"Solvay","NY","Solvay, NY",6425,43.05812,-76.20743
4289323,"Cynthiana","KY","Cynthiana, KY",6423,38.39035,-84.2941
5014946,"Whitmore Lake","MI","Whitmore Lake, MI",6423,42.4397,-83.7453
5185490,"Corry","PA","Corry, PA",6420,41.92033,-79.64033
5431740,"Monument","CO","Monument, CO",6420,39.09166,-104.87276
4471241,"Hillsborough","NC","Hillsborough, NC",6415,36.07542,-79.09973
5755890,"Talent","OR","Talent, OR",6411,42.24568,-122.78865
5808432,"Riverton","WA","Riverton, WA",6407,47.48427,-122.29457
5357598,"Holtville","CA","Holtville, CA",6404,32.81116,-115.38026
4159796,"Inwood","FL","Inwood, FL",6403,28.03697,-81.76508
4727629,"Sealy","TX","Sealy, TX",6403,29.78079,-96.15718
4190542,"Dahlonega","GA","Dahlonega, GA",6394,34.53259,-83.98491
4450411,"Waveland","MS","Waveland, MS",6391,30.28686,-89.37616
5579899,"Milliken","CO","Milliken, CO",6388,40.32943,-104.85525
4678565,"Camp Swift","TX","Camp Swift, TX",6383,30.19077,-97.29221
4884161,"Bartonville","IL","Bartonville, IL",6382,40.65032,-89.65205
4676327,"Bridgeport","TX","Bridgeport, TX",6381,33.21012,-97.75476
4271196,"Eudora","KS","Eudora, KS",6378,38.94334,-95.09858
4943432,"Mattapoisett","MA","Mattapoisett, MA",6378,41.65844,-70.81615
4178488,"Wimauma","FL","Wimauma, FL",6373,27.71253,-82.29898
4518661,"Moraine","OH","Moraine, OH",6373,39.70617,-84.21938
4548560,"Purcell","OK","Purcell, OK",6370,35.01368,-97.36114
4720493,"Prairie View","TX","Prairie View, TX",6369,30.09327,-95.98773
5336185,"Cherry Valley","CA","Cherry Valley, CA",6362,33.97252,-116.97725
4357279,"Hampstead","MD","Hampstead, MD",6359,39.60483,-76.84998
4184222,"Bremen","GA","Bremen, GA",6355,33.72122,-85.1455
4689708,"Everman","TX","Everman, TX",6352,32.63097,-97.28918
4746526,"Bellwood","VA","Bellwood, VA",6352,37.42181,-77.43748
5158123,"Howland Center","OH","Howland Center, OH",6351,41.25117,-80.74536
4499850,"Woodfin","NC","Woodfin, NC",6349,35.63344,-82.58207
4168095,"Pelican Bay","FL","Pelican Bay, FL",6346,26.2312,-81.80564
4741501,"White Oak","TX","White Oak, TX",6345,32.52792,-94.86133
4700122,"Iowa Park","TX","Iowa Park, TX",6344,33.95148,-98.66867
4920600,"Garrett","IN","Garrett, IN",6344,41.34949,-85.13553
4991740,"Eastwood","MI","Eastwood, MI",6340,42.3031,-85.55028
4996832,"Huntington Woods","MI","Huntington Woods, MI",6340,42.48059,-83.16687
5188306,"Edinboro","PA","Edinboro, PA",6335,41.87422,-80.13172
4244462,"Metropolis","IL","Metropolis, IL",6334,37.15117,-88.732
5180843,"Blakely","PA","Blakely, PA",6334,41.48091,-75.59463
5198180,"Linglestown","PA","Linglestown, PA",6334,40.33398,-76.78914
4168138,"Pembroke Park","FL","Pembroke Park, FL",6333,25.98787,-80.17477
4330740,"Leesville","LA","Leesville, LA",6333,31.14352,-93.261
5178489,"Arlington Heights","PA","Arlington Heights, PA",6333,40.99009,-75.21629
4160651,"Kathleen","FL","Kathleen, FL",6332,28.12085,-82.02314
4356242,"Glenarden","MD","Glenarden, MD",6326,38.92928,-76.86164
7260679,"Clarkston Heights-Vineland","WA","Clarkston Heights-Vineland, WA",6326,46.38742,-117.083
4157634,"Gulf Breeze","FL","Gulf Breeze, FL",6323,30.35714,-87.16386
4560639,"Red Lion","PA","Red Lion, PA",6321,39.90093,-76.6058
5518232,"Canutillo","TX","Canutillo, TX",6321,31.91149,-106.60027
4344844,"Walker","LA","Walker, LA",6318,30.48797,-90.86149
4276017,"Mulvane","KS","Mulvane, KS",6314,37.47446,-97.24393
4434283,"Louisville","MS","Louisville, MS",6314,33.12374,-89.05506
4742170,"Willis","TX","Willis, TX",6313,30.42493,-95.47994
4897967,"Johnsburg","IL","Johnsburg, IL",6310,42.38002,-88.24203
4490778,"Selma","NC","Selma, NC",6307,35.53655,-78.28444
5190323,"Franklin","PA","Franklin, PA",6302,41.39784,-79.83144
5499004,"Zuni Pueblo","NM","Zuni Pueblo, NM",6302,35.07253,-108.85064
4599455,"Valley Falls","SC","Valley Falls, SC",6299,35.01595,-81.97483
5779798,"Plain City","UT","Plain City, UT",6299,41.298,-112.08605
4978701,"Skowhegan","ME","Skowhegan, ME",6297,44.76506,-69.71922
4402544,"Parkville","MO","Parkville, MO",6296,39.195,-94.68218
4582142,"Homeland Park","SC","Homeland Park, SC",6296,34.47066,-82.67069
4673132,"Bee Cave","TX","Bee Cave, TX",6292,30.30854,-97.94501
5150851,"Columbiana","OH","Columbiana, OH",6291,40.88839,-80.69396
4488859,"Rolesville","NC","Rolesville, NC",6289,35.92321,-78.4575
4498084,"Wendell","NC","Wendell, NC",6285,35.78099,-78.36972
4934827,"Dighton","MA","Dighton, MA",6283,41.81399,-71.12032
4709090,"Marble Falls","TX","Marble Falls, TX",6281,30.57841,-98.27507
5213130,"South Williamsport","PA","South Williamsport, PA",6281,41.23202,-76.99913
5096289,"Carlstadt","NJ","Carlstadt, NJ",6279,40.84038,-74.0907
4297184,"Knottsville","KY","Knottsville, KY",6270,37.77172,-86.90416
5350351,"Fowler","CA","Fowler, CA",6266,36.63051,-119.67847
5538914,"Enoch","UT","Enoch, UT",6265,37.77331,-113.02439
4048888,"Red Chute","LA","Red Chute, LA",6261,32.55598,-93.61323
5150651,"Clyde","OH","Clyde, OH",6260,41.30422,-82.97519
5576882,"Estes Park","CO","Estes Park, CO",6257,40.37721,-105.52167
4408611,"Shrewsbury","MO","Shrewsbury, MO",6254,38.59033,-90.33678
5866583,"Kodiak","AK","Kodiak, AK",6253,57.78852,-152.40533
5179799,"Bellefonte","PA","Bellefonte, PA",6248,40.91339,-77.77833
4313628,"Wilmore","KY","Wilmore, KY",6247,37.86202,-84.66161
4943784,"Merrimac","MA","Merrimac, MA",6245,42.83065,-71.00228
4515318,"Jackson","OH","Jackson, OH",6243,39.05202,-82.63655
4058198,"Danville","AL","Danville, AL",6242,34.41454,-87.08751
5103095,"Ramtown","NJ","Ramtown, NJ",6242,40.12095,-74.14375
4677592,"Burnet","TX","Burnet, TX",6239,30.75824,-98.22836
4502904,"Margate City","NJ","Margate City, NJ",6237,39.32789,-74.50349
5115704,"East Aurora","NY","East Aurora, NY",6236,42.76784,-78.61336
4919826,"Dunlap","IN","Dunlap, IN",6235,41.63783,-85.92166
5327522,"Ben Lomond","CA","Ben Lomond, CA",6234,37.08911,-122.08635
4855248,"Eldridge","IA","Eldridge, IA",6232,41.65809,-90.58458
4422457,"Columbia","MS","Columbia, MS",6229,31.25184,-89.83758
4189157,"Conley","GA","Conley, GA",6228,33.64483,-84.32576
4462701,"Cullowhee","NC","Cullowhee, NC",6228,35.31371,-83.17653
4887574,"Chillicothe","IL","Chillicothe, IL",6226,40.92226,-89.4862
5088377,"Kingston","NH","Kingston, NH",6225,42.93648,-71.05339
4627863,"Harriman","TN","Harriman, TN",6224,35.93396,-84.55244
4711253,"Mila Doce","TX","Mila Doce, TX",6222,26.22618,-97.95889
5775615,"Harrisville","UT","Harrisville, UT",6221,41.28133,-111.98828
5797430,"Hobart","WA","Hobart, WA",6221,47.42177,-121.97289
4159659,"Indian River Estates","FL","Indian River Estates, FL",6220,27.36449,-80.30977
5324400,"Aptos","CA","Aptos, CA",6220,36.97717,-121.8994
7262053,"Otis Orchards-East Farms","WA","Otis Orchards-East Farms, WA",6220,47.70988,-117.07975
4264334,"Salem","IN","Salem, IN",6217,38.60561,-86.10109
4561628,"Swarthmore","PA","Swarthmore, PA",6211,39.90206,-75.34991
5812092,"Steilacoom","WA","Steilacoom, WA",6211,47.16982,-122.60263
4092970,"Tarrant","AL","Tarrant, AL",6210,33.58344,-86.77277
5115854,"East Garden City","NY","East Garden City, NY",6208,40.73083,-73.59806
5166438,"Pepper Pike","OH","Pepper Pike, OH",6204,41.47839,-81.46373
5128492,"New Dorp Beach","NY","New Dorp Beach, NY",6201,40.56538,-74.10292
5098617,"Green Knoll","NJ","Green Knoll, NJ",6200,40.6001,-74.6121
4870083,"Orange City","IA","Orange City, IA",6198,43.00721,-96.05835
5240656,"Saint Johnsbury","VT","Saint Johnsbury, VT",6193,44.41922,-72.01509
5198203,"Lionville","PA","Lionville, PA",6189,40.05372,-75.65993
5486795,"Raton","NM","Raton, NM",6187,36.90336,-104.43915
4925037,"Portland","IN","Portland, IN",6186,40.43449,-84.97775
4088737,"Satsuma","AL","Satsuma, AL",6182,30.85324,-88.05611
4478192,"Marvin","NC","Marvin, NC",6181,34.99182,-80.81479
4702785,"Keene","TX","Keene, TX",6181,32.39681,-97.3239
4254797,"Boonville","IN","Boonville, IN",6180,38.04921,-87.27417
4328435,"Inniswold","LA","Inniswold, LA",6180,30.40491,-91.08344
4356341,"Goddard","MD","Goddard, MD",6177,38.98955,-76.85331
5206666,"Plymouth Meeting","PA","Plymouth Meeting, PA",6177,40.10233,-75.27435
5296962,"Guadalupe","AZ","Guadalupe, AZ",6177,33.37088,-111.96292
4170896,"Saint Augustine Beach","FL","Saint Augustine Beach, FL",6176,29.85053,-81.26535
4237473,"East Alton","IL","East Alton, IL",6176,38.88033,-90.11122
4305266,"Princeton","KY","Princeton, KY",6174,37.10922,-87.88196
4885444,"Braidwood","IL","Braidwood, IL",6172,41.26503,-88.21228
5251784,"Elm Grove","WI","Elm Grove, WI",6172,43.04307,-88.07898
4649251,"Pigeon Forge","TN","Pigeon Forge, TN",6171,35.78842,-83.55433
5078641,"Schuyler","NE","Schuyler, NE",6171,41.44723,-97.05948
4288230,"Cold Spring","KY","Cold Spring, KY",6170,39.02173,-84.43994
4954477,"Ware","MA","Ware, MA",6170,42.25981,-72.2398
4996274,"Holly","MI","Holly, MI",6169,42.79197,-83.62773
4558942,"Kennett Square","PA","Kennett Square, PA",6167,39.84678,-75.7116
4945840,"Northborough","MA","Northborough, MA",6167,42.31954,-71.64118
5156170,"Grafton","OH","Grafton, OH",6165,41.27255,-82.05459
5360403,"Jamul","CA","Jamul, CA",6163,32.717,-116.87613
5031404,"International Falls","MN","International Falls, MN",6158,48.60105,-93.41098
4576319,"Darlington","SC","Darlington, SC",6155,34.29988,-79.87617
4173124,"Sky Lake","FL","Sky Lake, FL",6153,28.45723,-81.39146
4869760,"Oelwein","IA","Oelwein, IA",6153,42.67332,-91.9135
4547690,"Pauls Valley","OK","Pauls Valley, OK",6152,34.74008,-97.22225
5456049,"Aztec","NM","Aztec, NM",6147,36.82223,-107.99285
7260892,"Village of Oak Creek (Big Park)","AZ","Village of Oak Creek (Big Park), AZ",6147,34.7809,-111.76227
4142424,"Elsmere","DE","Elsmere, DE",6146,39.73928,-75.59798
4164602,"Miramar Beach","FL","Miramar Beach, FL",6146,30.37437,-86.35856
4353463,"District Heights","MD","District Heights, MD",6144,38.85761,-76.88942
5345038,"East Pasadena","CA","East Pasadena, CA",6144,34.13814,-118.07384
4938501,"Groveland","MA","Groveland, MA",6143,42.76037,-71.03145
5850027,"Lā‘ie","HI","Lā‘ie, HI",6138,21.64547,-157.9225
4459261,"Carolina Beach","NC","Carolina Beach, NC",6137,34.03517,-77.8936
5100498,"Lincroft","NJ","Lincroft, NJ",6135,40.33067,-74.12097
8260172,"West Greenwich","RI","West Greenwich, RI",6135,41.637,-71.66004
5007436,"Rockford","MI","Rockford, MI",6134,43.12003,-85.56003
4638782,"Lynchburg","TN","Lynchburg, TN",6132,35.28314,-86.37416
5124017,"Larchmont","NY","Larchmont, NY",6132,40.92788,-73.7518
4093399,"Theodore","AL","Theodore, AL",6130,30.54769,-88.17528
4895016,"Hampshire","IL","Hampshire, IL",6130,42.0978,-88.53036
5466585,"Eldorado at Santa Fe","NM","Eldorado at Santa Fe, NM",6130,35.52642,-105.93474
4167176,"Orlovista","FL","Orlovista, FL",6123,28.53834,-81.46035
5032920,"Kasson","MN","Kasson, MN",6123,44.02996,-92.75074
4349706,"Brunswick","MD","Brunswick, MD",6116,39.31427,-77.62777
4340196,"Saint Martinville","LA","Saint Martinville, LA",6114,30.1252,-91.83345
5165664,"Ontario","OH","Ontario, OH",6111,40.7595,-82.59017
5188793,"Enola","PA","Enola, PA",6111,40.29009,-76.93386
4076725,"Monroeville","AL","Monroeville, AL",6110,31.52794,-87.32471
4224745,"Stone Mountain","GA","Stone Mountain, GA",6109,33.80816,-84.1702
4644282,"Munford","TN","Munford, TN",6108,35.44925,-89.81508
5855073,"‘Ewa Villages","HI","‘Ewa Villages, HI",6108,21.34127,-158.0397
4336646,"Patterson","LA","Patterson, LA",6106,29.69326,-91.30205
4301229,"Monticello","KY","Monticello, KY",6103,37.9923,-84.55022
4946546,"Oxford","MA","Oxford, MA",6103,42.11676,-71.86479
5442271,"Twin Lakes","CO","Twin Lakes, CO",6101,39.82499,-105.0047
5518758,"Childress","TX","Childress, TX",6101,34.42645,-100.204
4167245,"Osprey","FL","Osprey, FL",6100,27.19616,-82.49037
5446683,"Ulysses","KS","Ulysses, KS",6097,37.58141,-101.35517
4778945,"Pimmit Hills","VA","Pimmit Hills, VA",6094,38.91289,-77.20081
5276542,"Twin Lakes","WI","Twin Lakes, WI",6094,42.53113,-88.24815
5751600,"Sheridan","OR","Sheridan, OR",6094,45.09928,-123.39483
7261199,"Lucas Valley-Marinwood","CA","Lucas Valley-Marinwood, CA",6094,38.04011,-122.5755
5525295,"Littlefield","TX","Littlefield, TX",6090,33.91731,-102.3249
5184422,"Clarion","PA","Clarion, PA",6089,41.21479,-79.38532
4938957,"Harvard","MA","Harvard, MA",6085,42.50009,-71.58284
5000611,"Manistee","MI","Manistee, MI",6084,44.24445,-86.32425
4159687,"Indiantown","FL","Indiantown, FL",6083,27.02728,-80.48561
4433016,"Latimer","MS","Latimer, MS",6079,30.53464,-88.8667
5495292,"Truth or Consequences","NM","Truth or Consequences, NM",6079,33.1284,-107.25281
4263965,"Rushville","IN","Rushville, IN",6077,39.60921,-85.44636
5032106,"Jordan","MN","Jordan, MN",6076,44.66691,-93.6269
5424099,"Gunnison","CO","Gunnison, CO",6076,38.54582,-106.92532
4270269,"De Soto","KS","De Soto, KS",6074,38.97917,-94.96858
5530825,"Slaton","TX","Slaton, TX",6072,33.43731,-101.64349
5775035,"Fruit Heights","UT","Fruit Heights, UT",6072,41.03217,-111.90216
4167473,"Pahokee","FL","Pahokee, FL",6071,26.82006,-80.66534
5409777,"Willows","CA","Willows, CA",6069,39.52433,-122.19359
5180961,"Blue Bell","PA","Blue Bell, PA",6067,40.15233,-75.26629
4701659,"Joshua","TX","Joshua, TX",6066,32.46153,-97.38807
4925519,"Rochester","IN","Rochester, IN",6065,41.06476,-86.21583
5176830,"Willard","OH","Willard, OH",6063,41.05311,-82.72629
5476960,"Los Ranchos de Albuquerque","NM","Los Ranchos de Albuquerque, NM",6063,35.16199,-106.6428
7260845,"Bangor Trident Base","WA","Bangor Trident Base, WA",6054,47.72274,-122.71446
5552323,"Avra Valley","AZ","Avra Valley, AZ",6050,32.43785,-111.31539
4225522,"Sylvester","GA","Sylvester, GA",6049,31.53092,-83.83693
5091744,"Rindge","NH","Rindge, NH",6049,42.7512,-72.0098
4735013,"Sunnyvale","TX","Sunnyvale, TX",6044,32.79652,-96.56082
4358066,"Hillandale","MD","Hillandale, MD",6043,39.0265,-76.97414
4518890,"Mount Healthy","OH","Mount Healthy, OH",6039,39.23367,-84.54578
5438542,"Sheridan","CO","Sheridan, CO",6039,39.64693,-105.02526
4832176,"East Falmouth","MA","East Falmouth, MA",6038,41.57844,-70.55864
5048796,"Stewartville","MN","Stewartville, MN",6037,43.85552,-92.48851
5814419,"Union Gap","WA","Union Gap, WA",6037,46.55735,-120.47506
4146823,"Bay Harbor Islands","FL","Bay Harbor Islands, FL",6036,25.88759,-80.13116
4259271,"Huntingburg","IN","Huntingburg, IN",6035,38.29894,-86.955
4819079,"Princeton","WV","Princeton, WV",6035,37.36623,-81.10259
5212853,"Somerset","PA","Somerset, PA",6032,40.00841,-79.07808
5333207,"Cambria","CA","Cambria, CA",6032,35.56414,-121.08075
5574704,"Berthoud","CO","Berthoud, CO",6031,40.30832,-105.08109
4703372,"Kingsland","TX","Kingsland, TX",6030,30.65824,-98.44058
5184541,"Clearfield","PA","Clearfield, PA",6030,41.02728,-78.43919
5097769,"Fair Haven","NJ","Fair Haven, NJ",6029,40.36067,-74.03819
5099795,"Jamesburg","NJ","Jamesburg, NJ",6029,40.35261,-74.44015
4861620,"Independence","IA","Independence, IA",6028,42.4686,-91.88934
4954923,"West Concord","MA","West Concord, MA",6028,42.45843,-71.39534
5215247,"Taylor","PA","Taylor, PA",6025,41.3948,-75.70658
4174518,"Surfside","FL","Surfside, FL",6024,25.87843,-80.1256
4075854,"Meridianville","AL","Meridianville, AL",6021,34.85148,-86.57222
4743432,"Yoakum","TX","Yoakum, TX",6016,29.28775,-97.15193
5102190,"Old Tappan","NJ","Old Tappan, NJ",6016,41.01065,-73.99125
4899213,"Lakemoor","IL","Lakemoor, IL",6015,42.32863,-88.19897
5278083,"Waupaca","WI","Waupaca, WI",6014,44.35803,-89.08595
4266965,"Whitestown","IN","Whitestown, IN",6013,39.99726,-86.34583
4955143,"West Yarmouth","MA","West Yarmouth, MA",6012,41.65011,-70.24113
5794369,"Finley","WA","Finley, WA",6012,46.15402,-119.0339
4855709,"Estherville","IA","Estherville, IA",6011,43.40163,-94.83276
5003956,"Northville","MI","Northville, MI",6010,42.43115,-83.48327
5123823,"Lake Mohegan","NY","Lake Mohegan, NY",6010,41.31787,-73.84625
5200474,"McKees Rocks","PA","McKees Rocks, PA",6010,40.46562,-80.06561
4086285,"Roanoke","AL","Roanoke, AL",6005,33.15123,-85.37217
4952217,"Stow","MA","Stow, MA",6005,42.43704,-71.50562
4888906,"Countryside","IL","Countryside, IL",6002,41.78281,-87.87811
4375979,"Battlefield","MO","Battlefield, MO",6001,37.11561,-93.37019
12022259,"James Island","SC","James Island, SC",6000,32.72374,-79.96284
5106862,"Albion","NY","Albion, NY",5998,43.24645,-78.19363
5075972,"Ralston","NE","Ralston, NE",5994,41.20528,-96.04252
4372630,"Walkersville","MD","Walkersville, MD",5993,39.48621,-77.35193
4906527,"Posen","IL","Posen, IL",5992,41.6317,-87.68144
4921229,"Hartford City","IN","Hartford City, IN",5992,40.45115,-85.36997
4503516,"Paulsboro","NJ","Paulsboro, NJ",5989,39.83039,-75.24046
4866164,"Maquoketa","IA","Maquoketa, IA",5989,42.06891,-90.66569
4695535,"Gun Barrel City","TX","Gun Barrel City, TX",5985,32.33459,-96.15136
5001962,"Milan","MI","Milan, MI",5983,42.08532,-83.68244
4279847,"Spring Hill","KS","Spring Hill, KS",5981,38.74306,-94.82552
4621130,"Erwin","TN","Erwin, TN",5979,36.14511,-82.41681
4905704,"Peoria Heights","IL","Peoria Heights, IL",5979,40.74726,-89.57398
4321399,"Cut Off","LA","Cut Off, LA",5976,29.54272,-90.33814
4155988,"Fort Meade","FL","Fort Meade, FL",5975,27.75225,-81.80175
4460465,"Cherryville","NC","Cherryville, NC",5974,35.37874,-81.37897
5037186,"Medina","MN","Medina, MN",5973,45.03524,-93.58246
8469294,"Notre Dame","IN","Notre Dame, IN",5973,41.70019,-86.23793
4924246,"North Manchester","IN","North Manchester, IN",5971,41.0006,-85.7686
5365172,"Las Flores","CA","Las Flores, CA",5971,33.58808,-117.62672
5357755,"Homeland","CA","Homeland, CA",5969,33.74308,-117.1092
4920637,"Gas City","IN","Gas City, IN",5968,40.48726,-85.61303
4165576,"Naples Park","FL","Naples Park, FL",5967,26.26175,-81.80925
4746535,"Belmont","VA","Belmont, VA",5966,39.06483,-77.50999
4177874,"West Miami","FL","West Miami, FL",5965,25.76343,-80.29616
5139015,"South Valley Stream","NY","South Valley Stream, NY",5962,40.65594,-73.71763
4771643,"Marion","VA","Marion, VA",5957,36.83484,-81.51484
5167259,"Port Clinton","OH","Port Clinton, OH",5957,41.512,-82.93769
4054996,"Chickasaw","AL","Chickasaw, AL",5954,30.7638,-88.07472
5102973,"Prospect Park","NJ","Prospect Park, NJ",5953,40.93704,-74.17431
5516203,"Alpine","TX","Alpine, TX",5952,30.35862,-103.66206
4369571,"Silver Hill","MD","Silver Hill, MD",5950,38.84178,-76.94581
4237312,"Du Quoin","IL","Du Quoin, IL",5949,38.01144,-89.23619
5145197,"Yaphank","NY","Yaphank, NY",5945,40.83677,-72.91705
4442067,"Pontotoc","MS","Pontotoc, MS",5944,34.24788,-88.99867
5854450,"Wailea","HI","Wailea, HI",5938,20.68973,-156.4419
5143610,"Wesley Hills","NY","Wesley Hills, NY",5935,41.15926,-74.06986
5338866,"Colusa","CA","Colusa, CA",5935,39.21433,-122.00942
5214040,"Steelton","PA","Steelton, PA",5932,40.23537,-76.84136
4661331,"Sweetwater","TN","Sweetwater, TN",5931,35.60146,-84.46104
4980927,"Topsham","ME","Topsham, ME",5931,43.92758,-69.97588
4380211,"Caruthersville","MO","Caruthersville, MO",5930,36.19312,-89.65564
5301641,"Laveen","AZ","Laveen, AZ",5930,33.36282,-112.16932
4294425,"Hebron","KY","Hebron, KY",5929,39.06589,-84.70106
4388036,"Glendale","MO","Glendale, MO",5927,38.59589,-90.37706
4925311,"Rensselaer","IN","Rensselaer, IN",5927,40.9367,-87.15086
7260057,"Cocoa West","FL","Cocoa West, FL",5925,28.35942,-80.77109
4720789,"Progreso","TX","Progreso, TX",5922,26.0923,-97.95722
5120871,"Hilton","NY","Hilton, NY",5921,43.28812,-77.79334
5793237,"East Port Orchard","WA","East Port Orchard, WA",5919,47.52343,-122.6243
4954364,"Walpole","MA","Walpole, MA",5918,42.14177,-71.2495
5106548,"Woodcliff Lake","NJ","Woodcliff Lake, NJ",5917,41.02343,-74.06653
5106129,"Watchung","NJ","Watchung, NJ",5916,40.63788,-74.45099
5100559,"Little Silver","NJ","Little Silver, NJ",5913,40.33678,-74.04708
7262259,"Roseburg North","OR","Roseburg North, OR",5912,43.26452,-123.30331
4450695,"West Hattiesburg","MS","West Hattiesburg, MS",5909,31.31906,-89.37506
4503736,"Ramblewood","NJ","Ramblewood, NJ",5907,39.92872,-74.94378
4262159,"New Whiteland","IN","New Whiteland, IN",5906,39.5581,-86.09526
4507188,"Brookville","OH","Brookville, OH",5900,39.83672,-84.41134
4473137,"James City","NC","James City, NC",5899,35.08877,-77.03495
4801850,"Charles Town","WV","Charles Town, WV",5899,39.28899,-77.85972
4830768,"Attalla","AL","Attalla, AL",5899,34.02176,-86.08859
4560057,"Norwood","PA","Norwood, PA",5898,39.89178,-75.29963
4679148,"Carrizo Springs","TX","Carrizo Springs, TX",5898,28.52193,-99.86061
4158296,"Heathrow","FL","Heathrow, FL",5896,28.76333,-81.37225
5057562,"Trenton","MO","Trenton, MO",5896,40.0789,-93.61661
5747420,"Raleigh Hills","OR","Raleigh Hills, OR",5896,45.48067,-122.76204
4086363,"Robertsdale","AL","Robertsdale, AL",5894,30.5538,-87.71193
4283845,"Bellevue","KY","Bellevue, KY",5892,39.10645,-84.47883
4287450,"Central City","KY","Central City, KY",5892,37.29393,-87.12333
7262660,"Tanglewilde-Thompson Place","WA","Tanglewilde-Thompson Place, WA",5892,47.05116,-122.78081
8479430,"Tanglewilde","WA","Tanglewilde, WA",5892,47.0515,-122.78241
4538346,"Harrah","OK","Harrah, OK",5891,35.48951,-97.16364
4584683,"Laurel Bay","SC","Laurel Bay, SC",5891,32.45019,-80.78483
5203116,"New Brighton","PA","New Brighton, PA",5891,40.73034,-80.31006
4748925,"Bridgewater","VA","Bridgewater, VA",5889,38.38207,-78.9767
4449532,"Vancleave","MS","Vancleave, MS",5886,30.54047,-88.68752
4692658,"Fulshear","TX","Fulshear, TX",5886,29.68996,-95.89968
4161733,"Lecanto","FL","Lecanto, FL",5882,28.85165,-82.4876
5186924,"Dickson City","PA","Dickson City, PA",5877,41.47147,-75.60769
5103497,"Roseland","NJ","Roseland, NJ",5876,40.82066,-74.29376
5185721,"Crafton","PA","Crafton, PA",5876,40.43507,-80.06617
4173528,"South Patrick Shores","FL","South Patrick Shores, FL",5875,28.20223,-80.6095
5024138,"Delano","MN","Delano, MN",5875,45.04191,-93.78913
5662162,"Lewistown","MT","Lewistown, MT",5874,47.06247,-109.42824
4351184,"Chesapeake Beach","MD","Chesapeake Beach, MD",5873,38.68623,-76.53468
5218505,"Wescosville","PA","Wescosville, PA",5872,40.56676,-75.55296
4983572,"Yarmouth","ME","Yarmouth, ME",5869,43.80064,-70.18672
5101978,"Norwood","NJ","Norwood, NJ",5869,40.99815,-73.9618
5807487,"Prosser","WA","Prosser, WA",5869,46.2068,-119.76892
7260320,"Zephyrhills West","FL","Zephyrhills West, FL",5865,28.23081,-82.20556
5007141,"Richmond","MI","Richmond, MI",5864,42.8092,-82.75576
4245174,"Mount Zion","IL","Mount Zion, IL",5862,39.77143,-88.87424
4841001,"Portland","CT","Portland, CT",5862,41.57288,-72.64065
5207307,"Punxsutawney","PA","Punxsutawney, PA",5861,40.94368,-78.97087
5475667,"Lee Acres","NM","Lee Acres, NM",5858,35.14866,-106.64697
5383844,"Plumas Lake","CA","Plumas Lake, CA",5853,39.02073,-121.55802
4991111,"Dowagiac","MI","Dowagiac, MI",5851,41.98421,-86.10862
4081696,"Orange Beach","AL","Orange Beach, AL",5850,30.29437,-87.57359
4930385,"Berkley","MA","Berkley, MA",5849,41.84593,-71.08282
4634671,"Kingston","TN","Kingston, TN",5846,35.88091,-84.50854
5734198,"Junction City","OR","Junction City, OR",5842,44.21929,-123.20565
5816457,"Woodland","WA","Woodland, WA",5842,45.90456,-122.74399
5791127,"Country Homes","WA","Country Homes, WA",5841,47.7485,-117.40439
4286037,"Buckner","KY","Buckner, KY",5837,38.38368,-85.43996
7257408,"Simsbury Center","CT","Simsbury Center, CT",5836,41.88088,-72.81116
5206659,"Plymouth","PA","Plymouth, PA",5832,41.24036,-75.94464
4158595,"High Springs","FL","High Springs, FL",5831,29.82691,-82.59678
5092364,"Sandown","NH","Sandown, NH",5827,42.9287,-71.18701
5126521,"Medina","NY","Medina, NY",5827,43.22006,-78.38697
5193149,"Hellertown","PA","Hellertown, PA",5824,40.57954,-75.34073
4987587,"Byron Center","MI","Byron Center, MI",5822,42.81225,-85.72281
5098945,"Heathcote","NJ","Heathcote, NJ",5821,40.38872,-74.57571
4746664,"Bensley","VA","Bensley, VA",5819,37.44681,-77.44332
5192019,"Greenville","PA","Greenville, PA",5819,41.4045,-80.39118
7257798,"Branford Center","CT","Branford Center, CT",5819,41.27738,-72.81511
4235311,"Carterville","IL","Carterville, IL",5818,37.76005,-89.0773
4333126,"Meraux","LA","Meraux, LA",5816,29.93017,-89.91623
4380997,"Charleston","MO","Charleston, MO",5815,36.92089,-89.35063
5100809,"Manasquan","NJ","Manasquan, NJ",5815,40.12623,-74.0493
5390267,"Saint Helena","CA","Saint Helena, CA",5814,38.50519,-122.47026
5145374,"Ada","OH","Ada, OH",5811,40.7695,-83.82271
5369150,"Lucerne Valley","CA","Lucerne Valley, CA",5811,34.44389,-116.96781
4135349,"Warren","AR","Warren, AR",5804,33.61261,-92.06458
4369286,"Shady Side","MD","Shady Side, MD",5803,38.84178,-76.51218
5142408,"Volney","NY","Volney, NY",5801,43.34285,-76.35771
7315196,"Fruitridge Pocket","CA","Fruitridge Pocket, CA",5800,38.53265,-121.45581
4526225,"The Village of Indian Hill","OH","The Village of Indian Hill, OH",5798,39.17949,-84.33517
5259218,"Lake Mills","WI","Lake Mills, WI",5798,43.08139,-88.91177
5835956,"Ranchettes","WY","Ranchettes, WY",5798,41.21859,-104.79025
4152888,"DeFuniak Springs","FL","DeFuniak Springs, FL",5795,30.72102,-86.11522
4311646,"Union","KY","Union, KY",5795,38.9459,-84.6805
4370201,"Spring Ridge","MD","Spring Ridge, MD",5795,39.40149,-77.35248
4742537,"Windcrest","TX","Windcrest, TX",5794,29.51551,-98.38029
4046274,"Edna","TX","Edna, TX",5792,28.97859,-96.64609
4570590,"Belvedere","SC","Belvedere, SC",5792,33.53097,-81.94484
5211411,"Selinsgrove","PA","Selinsgrove, PA",5792,40.79897,-76.86219
7315352,"Tellico Village","TN","Tellico Village, TN",5791,35.68321,-84.25518
4206502,"Locust Grove","GA","Locust Grove, GA",5790,33.34595,-84.10908
4456593,"Boiling Spring Lakes","NC","Boiling Spring Lakes, NC",5789,34.03045,-78.06721
5143344,"Washingtonville","NY","Washingtonville, NY",5788,41.42787,-74.16598
7257805,"Cheshire Village","CT","Cheshire Village, CT",5786,41.5026,-72.89952
5193920,"Hollidaysburg","PA","Hollidaysburg, PA",5784,40.42729,-78.3889
4292072,"Fort Wright","KY","Fort Wright, KY",5781,39.05173,-84.53411
4574434,"Cheraw","SC","Cheraw, SC",5778,34.69766,-79.8834
5694163,"Chadron","NE","Chadron, NE",5775,42.82942,-102.99991
5197842,"Lewisburg","PA","Lewisburg, PA",5774,40.96453,-76.88441
4261132,"McCordsville","IN","McCordsville, IN",5773,39.9081,-85.92276
4985552,"Belding","MI","Belding, MI",5769,43.09781,-85.22891
4538577,"Henryetta","OK","Henryetta, OK",5765,35.43983,-95.98194
4708320,"Luling","TX","Luling, TX",5764,29.68051,-97.6475
4312096,"Vine Grove","KY","Vine Grove, KY",5760,37.81007,-85.98135
5268002,"Prairie du Chien","WI","Prairie du Chien, WI",5757,43.05165,-91.14124
5125717,"Malone","NY","Malone, NY",5756,44.84866,-74.2949
5354747,"Gustine","CA","Gustine, CA",5756,37.25772,-120.99882
5222866,"Jamestown","RI","Jamestown, RI",5755,41.49705,-71.36728
4221206,"Sandersville","GA","Sandersville, GA",5752,32.98154,-82.81014
5201901,"Moosic","PA","Moosic, PA",5751,41.35341,-75.73825
4538869,"Holdenville","OK","Holdenville, OK",5750,35.08036,-96.39918
11669119,"Bay Harbor","MI","Bay Harbor, MI",5749,45.36413,-85.08208
4890835,"Elburn","IL","Elburn, IL",5748,41.89225,-88.4723
5139054,"Southold","NY","Southold, NY",5748,41.06482,-72.4262
5156270,"Granville","OH","Granville, OH",5747,40.06812,-82.5196
4850962,"Centerville","IA","Centerville, IA",5745,42.09276,-93.93551
4575061,"Clover","SC","Clover, SC",5744,35.11125,-81.22646
5216092,"Trooper","PA","Trooper, PA",5744,40.14983,-75.40185
5397700,"South Oroville","CA","South Oroville, CA",5742,39.49655,-121.55219
5397059,"Solvang","CA","Solvang, CA",5741,34.59582,-120.13765
4208683,"McRae","GA","McRae, GA",5740,32.06795,-82.9007
5493811,"Taos","NM","Taos, NM",5740,36.40725,-105.57307
5102147,"Oceanport","NJ","Oceanport, NJ",5739,40.31817,-74.01514
4884282,"Beardstown","IL","Beardstown, IL",5738,40.01755,-90.42429
4513425,"Groveport","OH","Groveport, OH",5737,39.8784,-82.88379
4065029,"Grayson Valley","AL","Grayson Valley, AL",5736,33.64816,-86.63943
4728826,"Sinton","TX","Sinton, TX",5736,28.03668,-97.50916
4151132,"Citra","FL","Citra, FL",5732,29.41192,-82.10982
4638278,"Loudon","TN","Loudon, TN",5731,35.73285,-84.33381
4173394,"South Apopka","FL","South Apopka, FL",5728,28.66194,-81.50952
5202114,"Mount Carmel","PA","Mount Carmel, PA",5728,40.79703,-76.4119
4679987,"Center","TX","Center, TX",5727,31.51073,-96.4247
4699608,"Hutchins","TX","Hutchins, TX",5727,32.6493,-96.71305
4240782,"Hillsboro","IL","Hillsboro, IL",5726,39.16128,-89.4954
5497876,"White Rock","NM","White Rock, NM",5725,35.82753,-106.20391
4428663,"Gulf Park Estates","MS","Gulf Park Estates, MS",5719,30.39187,-88.76114
5005484,"Petoskey","MI","Petoskey, MI",5719,45.37334,-84.95533
4190396,"Cumming","GA","Cumming, GA",5718,34.20732,-84.14019
4717339,"Palmview","TX","Palmview, TX",5715,26.23341,-98.37085
5315313,"South Tucson","AZ","South Tucson, AZ",5715,32.19952,-110.96842
5095561,"Belmar","NJ","Belmar, NJ",5712,40.17845,-74.0218
4912248,"Spring Grove","IL","Spring Grove, IL",5711,42.44363,-88.23648
5606000,"Rupert","ID","Rupert, ID",5705,42.61908,-113.67723
4229791,"Waynesboro","GA","Waynesboro, GA",5704,33.08987,-82.01567
4561188,"Sharon Hill","PA","Sharon Hill, PA",5702,39.9065,-75.27157
4951699,"Spencer","MA","Spencer, MA",5700,42.24398,-71.9923
5805505,"Ocean Shores","WA","Ocean Shores, WA",5699,46.9737,-124.15629
4560291,"Penn Wynne","PA","Penn Wynne, PA",5697,39.98622,-75.27546
5762718,"Belle Fourche","SD","Belle Fourche, SD",5696,44.67137,-103.85215
4426884,"Forest","MS","Forest, MS",5695,32.36459,-89.47423
4916698,"Willow Springs","IL","Willow Springs, IL",5695,41.74087,-87.86033
4916740,"Wilmington","IL","Wilmington, IL",5694,41.30781,-88.14672
4254944,"Bright","IN","Bright, IN",5693,39.21839,-84.85606
4519497,"New Carlisle","OH","New Carlisle, OH",5693,39.93617,-84.02549
4706386,"Lindale","TX","Lindale, TX",5692,32.5157,-95.4094
5109479,"Blauvelt","NY","Blauvelt, NY",5689,41.06343,-73.95764
4173460,"South Gate Ridge","FL","South Gate Ridge, FL",5688,27.28644,-82.49676
4502543,"Kingston Estates","NJ","Kingston Estates, NJ",5685,39.92372,-74.98795
4076982,"Moores Mill","AL","Moores Mill, AL",5682,34.84398,-86.51832
4375832,"Barnhart","MO","Barnhart, MO",5682,38.34422,-90.39345
4509986,"Deer Park","OH","Deer Park, OH",5682,39.20534,-84.39466
4709215,"Marlin","TX","Marlin, TX",5682,31.30629,-96.89804
7262504,"West Modesto","CA","West Modesto, CA",5682,37.61754,-121.03914
5202938,"Nazareth","PA","Nazareth, PA",5681,40.74038,-75.30962
4297653,"Lebanon","KY","Lebanon, KY",5680,37.56979,-85.25274
5204575,"Oreland","PA","Oreland, PA",5678,40.11844,-75.17768
4142398,"Edgemoor","DE","Edgemoor, DE",5677,39.75011,-75.49964
5087639,"Hopkinton","NH","Hopkinton, NH",5676,43.19147,-71.67535
5290925,"Corona de Tucson","AZ","Corona de Tucson, AZ",5675,31.96536,-110.77564
4898974,"Lake Bluff","IL","Lake Bluff, IL",5674,42.27891,-87.83424
4290181,"Douglass Hills","KY","Douglass Hills, KY",5669,38.23785,-85.55274
5407927,"West Rancho Dominguez","CA","West Rancho Dominguez, CA",5669,33.8939,-118.27063
5314943,"Snowflake","AZ","Snowflake, AZ",5666,34.51337,-110.07845
7258606,"Fountainhead-Orchard Hills","MD","Fountainhead-Orchard Hills, MD",5666,39.68636,-77.71901
4235211,"Carlinville","IL","Carlinville, IL",5665,39.27977,-89.88177
4676266,"Briar","TX","Briar, TX",5665,32.99512,-97.5428
4928145,"Westville","IN","Westville, IN",5662,41.54143,-86.90058
5133799,"Richland","NY","Richland, NY",5661,43.56951,-76.0477
5786322,"Barberton","WA","Barberton, WA",5661,45.69317,-122.59899
4754358,"Covington","VA","Covington, VA",5658,37.79346,-79.99395
4950654,"Sharon","MA","Sharon, MA",5658,42.12371,-71.17866
4800587,"Buckhannon","WV","Buckhannon, WV",5657,38.99399,-80.23203
5504468,"Gardnerville","NV","Gardnerville, NV",5656,38.9413,-119.74962
4121297,"Mena","AR","Mena, AR",5653,34.58622,-94.23966
5238755,"Morristown","VT","Morristown, VT",5653,44.55727,-72.62373
4403102,"Pevely","MO","Pevely, MO",5652,38.28339,-90.39512
5268742,"Rib Mountain","WI","Rib Mountain, WI",5651,44.91275,-89.6754
4939549,"Hingham","MA","Hingham, MA",5650,42.24177,-70.88977
5201658,"Monaca","PA","Monaca, PA",5649,40.68729,-80.27145
5120741,"Highland","NY","Highland, NY",5647,41.72093,-73.96014
4554496,"Vinita","OK","Vinita, OK",5643,36.63869,-95.15413
4929256,"Ashburnham","MA","Ashburnham, MA",5643,42.6362,-71.90785
4247379,"Pontoon Beach","IL","Pontoon Beach, IL",5637,38.73172,-90.08038
5108110,"Bath","NY","Bath, NY",5635,42.33702,-77.31776
4175011,"Tequesta","FL","Tequesta, FL",5629,26.96811,-80.12865
7257953,"Ashton-Sandy Spring","MD","Ashton-Sandy Spring, MD",5628,39.14976,-77.00504
5550579,"Indian Hills","NV","Indian Hills, NV",5627,39.08602,-119.78407
5015701,"Zeeland","MI","Zeeland, MI",5626,42.81252,-86.01865
4937222,"Foxborough","MA","Foxborough, MA",5625,42.06538,-71.24783
5123907,"Lakeview","NY","Lakeview, NY",5625,42.43202,-75.86547
4840426,"Pawcatuck","CT","Pawcatuck, CT",5624,41.37732,-71.83368
8481841,"Silver Lakes","CA","Silver Lakes, CA",5623,34.74558,-117.34098
4361721,"Marlow Heights","MD","Marlow Heights, MD",5618,38.83345,-76.95164
4476919,"Long Beach","NC","Long Beach, NC",5618,33.91045,-78.11777
4724359,"Rusk","TX","Rusk, TX",5618,31.79601,-95.15022
5875173,"Sterling","AK","Sterling, AK",5617,60.53722,-150.76472
4747554,"Big Stone Gap","VA","Big Stone Gap, VA",5614,36.88176,-82.7471
4780087,"Potomac Mills","VA","Potomac Mills, VA",5614,38.64595,-77.29415
5781609,"Snyderville","UT","Snyderville, UT",5612,40.69439,-111.54381
5108677,"Bellaire","NY","Bellaire, NY",5610,40.71399,-73.75402
5187297,"Dresher","PA","Dresher, PA",5610,40.14094,-75.16684
4723369,"Rockdale","TX","Rockdale, TX",5609,30.65548,-97.00137
4166822,"Okeechobee","FL","Okeechobee, FL",5608,27.24393,-80.82978
4246595,"Pana","IL","Pana, IL",5607,39.38893,-89.08008
4671576,"Atlanta","TX","Atlanta, TX",5605,33.11374,-94.16435
5363058,"Keyes","CA","Keyes, CA",5601,37.5566,-120.91549
5097900,"Finderne","NJ","Finderne, NJ",5600,40.56316,-74.57766
4491715,"Silver Lake","NC","Silver Lake, NC",5598,34.14878,-77.9136
4965079,"Gardiner","ME","Gardiner, ME",5597,44.23007,-69.77532
5189004,"Exeter","PA","Exeter, PA",5596,41.32064,-75.81908
4405588,"Richmond","MO","Richmond, MO",5595,39.27862,-93.97689
5105615,"Union Beach","NJ","Union Beach, NJ",5595,40.4465,-74.1782
5130862,"Pelham Manor","NY","Pelham Manor, NY",5594,40.89538,-73.80708
5263023,"Milton","WI","Milton, WI",5593,42.77556,-88.944
5143857,"West Hills","NY","West Hills, NY",5592,40.81621,-73.43234
4676181,"Breckenridge","TX","Breckenridge, TX",5590,32.75568,-98.90229
5185408,"Coraopolis","PA","Coraopolis, PA",5590,40.5184,-80.16672
4498899,"Whiteville","NC","Whiteville, NC",5589,34.33878,-78.70307
5816494,"Woods Creek","WA","Woods Creek, WA",5589,47.87871,-121.89846
5136088,"Salamanca","NY","Salamanca, NY",5586,42.15784,-78.71503
4326320,"Gray","LA","Gray, LA",5584,29.69771,-90.78648
4497244,"Wadesboro","NC","Wadesboro, NC",5584,34.96821,-80.07673
4177930,"West Samoset","FL","West Samoset, FL",5583,27.46948,-82.55676
5317377,"Three Points","AZ","Three Points, AZ",5581,32.07675,-111.31371
5356767,"Hidden Valley Lake","CA","Hidden Valley Lake, CA",5579,38.80796,-122.55832
4151607,"Combee Settlement","FL","Combee Settlement, FL",5577,28.05835,-81.90536
4099296,"Alma","AR","Alma, AR",5575,35.47787,-94.22188
4413926,"Weldon Spring","MO","Weldon Spring, MO",5575,38.71339,-90.68929
4717341,"Palmview South","TX","Palmview South, TX",5575,26.21563,-98.37863
5205037,"Paoli","PA","Paoli, PA",5575,40.04205,-75.47631
4160086,"Jan-Phyl Village","FL","Jan-Phyl Village, FL",5573,28.01474,-81.77175
5026251,"Falcon Heights","MN","Falcon Heights, MN",5571,44.99163,-93.16633
4388831,"Greenwood","MO","Greenwood, MO",5569,38.85168,-94.34384
5081454,"Wayne","NE","Wayne, NE",5569,42.23056,-97.01782
5011701,"Swartz Creek","MI","Swartz Creek, MI",5567,42.95725,-83.83051
5354157,"Greenacres","CA","Greenacres, CA",5566,35.38329,-119.10983
4754901,"Crozet","VA","Crozet, VA",5565,38.06958,-78.70058
4165961,"Newberry","FL","Newberry, FL",5564,29.64635,-82.6065
4165574,"Naples Manor","FL","Naples Manor, FL",5562,26.0887,-81.7262
4156370,"Fussels Corner","FL","Fussels Corner, FL",5561,28.05419,-81.86064
5070216,"Holdrege","NE","Holdrege, NE",5561,40.44029,-99.36982
5410535,"Woodside","CA","Woodside, CA",5561,37.42994,-122.25386
5543853,"Nephi","UT","Nephi, UT",5560,39.71023,-111.83632
4998543,"Lake Fenton","MI","Lake Fenton, MI",5559,42.84614,-83.70773
5212038,"Shippensburg","PA","Shippensburg, PA",5559,40.05065,-77.52026
5022050,"Corcoran","MN","Corcoran, MN",5552,45.09524,-93.54746
5143211,"Wappingers Falls","NY","Wappingers Falls, NY",5552,41.59648,-73.91097
5862727,"Gateway","AK","Gateway, AK",5552,61.57278,-149.24083
4166723,"Ocean City","FL","Ocean City, FL",5550,30.44103,-86.61356
4676032,"Brady","TX","Brady, TX",5549,31.13517,-99.33506
4114272,"Helena","AR","Helena, AR",5548,34.52955,-90.59177
4455080,"Bessemer City","NC","Bessemer City, NC",5548,35.28486,-81.28397
4935578,"Eastham","MA","Eastham, MA",5548,41.83011,-69.97391
4715696,"Nurillo","TX","Nurillo, TX",5547,26.26702,-98.1214
5125973,"Marbletown","NY","Marbletown, NY",5544,41.88343,-74.1132
4670562,"Alton North (historical)","TX","Alton North (historical), TX",5541,26.29535,-98.30446
7259295,"Grissom Air Force Base","IN","Grissom Air Force Base, IN",5537,40.65753,-86.14755
5187580,"Duquesne","PA","Duquesne, PA",5535,40.38146,-79.85977
5143495,"Webster","NY","Webster, NY",5534,43.21229,-77.42999
4332604,"Marksville","LA","Marksville, LA",5533,31.12797,-92.06624
5302053,"Litchfield Park","AZ","Litchfield Park, AZ",5533,33.49337,-112.35794
5101417,"Morris Plains","NJ","Morris Plains, NJ",5532,40.82177,-74.48099
5251524,"Edgerton","WI","Edgerton, WI",5532,42.83528,-89.06761
4276956,"Paola","KS","Paola, KS",5527,38.57224,-94.87913
4328952,"Jeanerette","LA","Jeanerette, LA",5527,29.91104,-91.66345
5129662,"Old Bethpage","NY","Old Bethpage, NY",5523,40.7626,-73.45318
4161228,"Lake Forest","FL","Lake Forest, FL",5522,25.97759,-80.1831
5028042,"Glencoe","MN","Glencoe, MN",5521,44.76913,-94.15164
5119868,"Hamlin","NY","Hamlin, NY",5521,43.30312,-77.92112
7259396,"Minot Air Force Base","ND","Minot Air Force Base, ND",5521,48.42087,-101.33914
5103384,"Rochelle Park","NJ","Rochelle Park, NJ",5518,40.90732,-74.07514
5344359,"Durham","CA","Durham, CA",5518,39.64627,-121.79998
5099067,"Hightstown","NJ","Hightstown, NJ",5517,40.26955,-74.52321
5516368,"Anthony","TX","Anthony, TX",5517,31.99927,-106.60555
7262515,"West Side Highway","WA","West Side Highway, WA",5517,46.18399,-122.91715
4928733,"Adams","MA","Adams, MA",5515,42.62425,-73.1176
5116819,"Fairview","NY","Fairview, NY",5515,41.7237,-73.91986
5371243,"Mayflower Village","CA","Mayflower Village, CA",5515,34.11501,-118.00979
5864145,"Homer","AK","Homer, AK",5515,59.6425,-151.5494
4152472,"Crystal Lake","FL","Crystal Lake, FL",5514,28.03558,-81.90841
4154972,"Fellsmere","FL","Fellsmere, FL",5514,27.76781,-80.60144
5175847,"Waterville","OH","Waterville, OH",5514,41.50089,-83.71827
5784504,"West Bountiful","UT","West Bountiful, UT",5511,40.89383,-111.90188
4902567,"Monticello","IL","Monticello, IL",5509,40.02781,-88.5734
4499294,"Williamston","NC","Williamston, NC",5508,35.8546,-77.05551
5112038,"Centerport","NY","Centerport, NY",5508,40.88538,-73.37623
5120074,"Harris Hill","NY","Harris Hill, NY",5508,42.96478,-78.67753
4781711,"Richlands","VA","Richlands, VA",5504,37.09317,-81.79373
4512620,"Germantown","OH","Germantown, OH",5503,39.62617,-84.36939
4440413,"Pass Christian","MS","Pass Christian, MS",5498,30.31575,-89.24754
5220221,"Wyndmoor","PA","Wyndmoor, PA",5498,40.08122,-75.18934
5228340,"Harrisburg","SD","Harrisburg, SD",5498,43.43137,-96.69727
4757673,"Emporia","VA","Emporia, VA",5496,36.68598,-77.54248
5238190,"Lyndon","VT","Lyndon, VT",5496,44.51422,-72.01093
4527879,"Wellston","OH","Wellston, OH",5494,39.12341,-82.53294
5346342,"Elverta","CA","Elverta, CA",5492,38.71379,-121.46273
5654391,"Glendive","MT","Glendive, MT",5490,47.10529,-104.71246
4888270,"Coal City","IL","Coal City, IL",5489,41.28781,-88.28562
5386027,"Rancho Murieta","CA","Rancho Murieta, CA",5488,38.50185,-121.09467
4156006,"Fort Myers Shores","FL","Fort Myers Shores, FL",5487,26.70924,-81.74592
5149188,"Canal Fulton","OH","Canal Fulton, OH",5487,40.88978,-81.59762
4574565,"Chester","SC","Chester, SC",5486,34.70486,-81.21426
5010977,"Saint Clair","MI","Saint Clair, MI",5485,42.82087,-82.48602
4904094,"Northfield","IL","Northfield, IL",5484,42.09975,-87.7809
7260357,"Lake Murray of Richland","SC","Lake Murray of Richland, SC",5484,34.12048,-81.2645
4951582,"Southampton","MA","Southampton, MA",5481,42.22926,-72.73009
4907786,"Robbins","IL","Robbins, IL",5480,41.64392,-87.70366
4161150,"Lake Alfred","FL","Lake Alfred, FL",5475,28.09196,-81.72341
4163635,"Mascotte","FL","Mascotte, FL",5473,28.57833,-81.88675
4872593,"Red Oak","IA","Red Oak, IA",5472,41.00972,-95.22555
4199694,"Hawkinsville","GA","Hawkinsville, GA",5471,32.28377,-83.47212
4739641,"Wake Village","TX","Wake Village, TX",5471,33.42679,-94.1063
4273441,"Iola","KS","Iola, KS",5470,37.92448,-95.39998
4846602,"Algona","IA","Algona, IA",5470,43.06997,-94.23302
4981250,"Turner","ME","Turner, ME",5470,44.25646,-70.25617
4846880,"Anamosa","IA","Anamosa, IA",5469,42.10834,-91.28516
5165067,"Northwood","OH","Northwood, OH",5469,40.47283,-83.73243
4256384,"Cumberland","IN","Cumberland, IN",5467,39.77615,-85.9572
5345716,"El Granada","CA","El Granada, CA",5467,37.50272,-122.46942
5437555,"Salida","CO","Salida, CO",5467,38.53472,-105.9989
5031489,"Isanti","MN","Isanti, MN",5464,45.49024,-93.24773
5442727,"Vail","CO","Vail, CO",5461,39.64026,-106.3742
4481519,"Nashville","NC","Nashville, NC",5460,35.9746,-77.96554
4504180,"Somerdale","NJ","Somerdale, NJ",5460,39.844,-75.02267
4678357,"Cameron","TX","Cameron, TX",5460,30.85325,-96.97693
5575194,"Brush","CO","Brush, CO",5459,40.25887,-103.62384
4751886,"Chamberlayne","VA","Chamberlayne, VA",5456,37.62653,-77.42859
7259593,"Comstock Northwest","MI","Comstock Northwest, MI",5455,42.32182,-85.51759
4414816,"Willard","MO","Willard, MO",5454,37.30505,-93.42853
5363925,"La Habra Heights","CA","La Habra Heights, CA",5454,33.96085,-117.95062
5854532,"Waimanalo","HI","Waimanalo, HI",5451,21.34614,-157.7238
4969280,"Lebanon","ME","Lebanon, ME",5446,43.39453,-70.85089
5190089,"Fort Washington","PA","Fort Washington, PA",5446,40.14178,-75.20906
5476881,"Los Chavez","NM","Los Chavez, NM",5446,34.72571,-106.75726
5790756,"Connell","WA","Connell, WA",5446,46.66347,-118.86111
5129093,"North Hills","NY","North Hills, NY",5444,40.78093,-73.67652
5214543,"Stroudsburg","PA","Stroudsburg, PA",5444,40.98676,-75.19462
4570117,"Batesburg-Leesville","SC","Batesburg-Leesville, SC",5441,33.91014,-81.53733
5321135,"Williamson","AZ","Williamson, AZ",5438,34.69002,-112.54101
4396767,"Macon","MO","Macon, MO",5436,39.74226,-92.47269
4051714,"Brewton","AL","Brewton, AL",5434,31.10518,-87.07219
4289629,"Dayton","KY","Dayton, KY",5433,39.11284,-84.47272
5203221,"New Holland","PA","New Holland, PA",5430,40.10176,-76.08523
4388005,"Glasgow Village","MO","Glasgow Village, MO",5429,38.75366,-90.19844
4643153,"Mount Carmel","TN","Mount Carmel, TN",5425,36.54538,-82.66099
4653999,"Rockwood","TN","Rockwood, TN",5425,35.86563,-84.68494
5211037,"Sayre","PA","Sayre, PA",5424,41.97896,-76.5155
5245497,"Berlin","WI","Berlin, WI",5420,43.96804,-88.94345
4851762,"Clarinda","IA","Clarinda, IA",5418,40.73981,-95.038
5092902,"South Hooksett","NH","South Hooksett, NH",5418,43.02647,-71.43534
5445194,"Colby","KS","Colby, KS",5417,39.39584,-101.05238
5802247,"Manchester","WA","Manchester, WA",5413,47.55566,-122.54507
5205267,"Paxtonia","PA","Paxtonia, PA",5412,40.31731,-76.79442
4842958,"Sherwood Manor","CT","Sherwood Manor, CT",5410,42.01343,-72.56425
5784731,"White City","UT","White City, UT",5407,40.56578,-111.86438
4928354,"Winfield","IN","Winfield, IN",5406,41.40531,-87.27531
5174585,"Uhrichsville","OH","Uhrichsville, OH",5404,40.39312,-81.3465
5097677,"Englewood Cliffs","NJ","Englewood Cliffs, NJ",5403,40.88538,-73.95236
4267944,"Basehor","KS","Basehor, KS",5402,39.14167,-94.93858
4318037,"Brownsfield","LA","Brownsfield, LA",5401,30.54658,-91.12066
4686131,"Diboll","TX","Diboll, TX",5400,31.18713,-94.78104
4173999,"Starke","FL","Starke, FL",5397,29.94413,-82.10983
4415813,"Aberdeen","MS","Aberdeen, MS",5397,33.82511,-88.54366
5118920,"Goshen","NY","Goshen, NY",5397,41.40204,-74.32432
5399319,"Strawberry","CA","Strawberry, CA",5393,37.89687,-122.50886
5761481,"Winston","OR","Winston, OR",5393,43.12234,-123.41257
4169378,"Progress Village","FL","Progress Village, FL",5392,27.9003,-82.36454
5579170,"Lochbuie","CO","Lochbuie, CO",5390,40.00721,-104.71608
4973259,"New Gloucester","ME","New Gloucester, ME",5389,43.96285,-70.28255
5122417,"Islip Terrace","NY","Islip Terrace, NY",5389,40.74315,-73.19262
5215726,"Titusville","PA","Titusville, PA",5389,41.627,-79.67366
4378070,"Bowling Green","MO","Bowling Green, MO",5388,39.34199,-91.19514
4258871,"Hidden Valley","IN","Hidden Valley, IN",5387,39.16228,-84.84301
4844084,"Terryville","CT","Terryville, CT",5387,41.67815,-73.01094
4921722,"Huntertown","IN","Huntertown, IN",5387,41.22838,-85.17247
4175391,"Timber Pines","FL","Timber Pines, FL",5386,28.47028,-82.60316
4246983,"Pinckneyville","IL","Pinckneyville, IL",5385,38.08033,-89.38203
4560185,"Oxford","PA","Oxford, PA",5385,39.78539,-75.97883
5190213,"Fox Chapel","PA","Fox Chapel, PA",5383,40.5134,-79.87977
4143834,"New Castle","DE","New Castle, DE",5382,39.66206,-75.56631
5380571,"Palermo","CA","Palermo, CA",5382,39.43544,-121.53802
5093360,"Suncook","NH","Suncook, NH",5379,43.13064,-71.45312
4943746,"Mendon","MA","Mendon, MA",5378,42.10565,-71.55229
4891310,"Eureka","IL","Eureka, IL",5377,40.72143,-89.27286
4718491,"Perezville","TX","Perezville, TX",5376,26.22452,-98.40057
5107812,"Ballston Spa","NY","Ballston Spa, NY",5375,43.00091,-73.84901
4413802,"Waynesville","MO","Waynesville, MO",5374,37.82865,-92.20072
5316172,"Summit","AZ","Summit, AZ",5372,32.06702,-110.95148
5843495,"Worland","WY","Worland, WY",5372,44.0169,-107.95537
4101309,"Berryville","AR","Berryville, AR",5371,36.36479,-93.56797
4942975,"Manchester-by-the-Sea","MA","Manchester-by-the-Sea, MA",5366,42.57787,-70.76894
5139465,"Stapleton","NY","Stapleton, NY",5365,40.62649,-74.07764
7315205,"Old Fig Garden","CA","Old Fig Garden, CA",5365,36.79885,-119.80515
5406879,"Waldon","CA","Waldon, CA",5364,37.92631,-122.05552
8097232,"Contra Costa Centre","CA","Contra Costa Centre, CA",5364,37.92752,-122.05786
4559575,"Media","PA","Media, PA",5363,39.91678,-75.38769
5409941,"Wilton","CA","Wilton, CA",5363,38.41186,-121.27217
5278003,"Waterford","WI","Waterford, WI",5358,42.76307,-88.21426
4443338,"Ripley","MS","Ripley, MS",5357,34.72982,-88.95062
5216514,"Tyrone","PA","Tyrone, PA",5353,40.67062,-78.23862
4895918,"Highwood","IL","Highwood, IL",5352,42.19975,-87.80923
5038252,"Morris","MN","Morris, MN",5352,45.58607,-95.91394
5116815,"Fairport","NY","Fairport, NY",5351,43.09867,-77.44194
5033783,"Zimmerman","MN","Zimmerman, MN",5350,45.4433,-93.58996
5528596,"Post","TX","Post, TX",5349,33.19122,-101.379
5279285,"Wind Lake","WI","Wind Lake, WI",5342,42.82946,-88.1587
4294349,"Hazard","KY","Hazard, KY",5341,37.24954,-83.19323
5288858,"Cave Creek","AZ","Cave Creek, AZ",5341,33.83333,-111.95083
4493547,"Stokesdale","NC","Stokesdale, NC",5340,36.23708,-79.97948
4501057,"Cape May Court House","NJ","Cape May Court House, NJ",5338,39.08261,-74.82378
7260484,"Nassau Village-Ratliff","FL","Nassau Village-Ratliff, FL",5337,30.51111,-81.80925
5430023,"Manitou Springs","CO","Manitou Springs, CO",5334,38.85971,-104.9172
4190523,"Dacula","GA","Dacula, GA",5330,33.98872,-83.89796
5332937,"Calistoga","CA","Calistoga, CA",5330,38.5788,-122.57971
5269583,"Rothschild","WI","Rothschild, WI",5329,44.88719,-89.62012
5019890,"Byron","MN","Byron, MN",5328,44.03274,-92.64546
4366270,"Pumphrey","MD","Pumphrey, MD",5322,39.21733,-76.63719
4923745,"Monticello","IN","Monticello, IN",5322,40.74532,-86.76473
4956338,"Yarmouth Port","MA","Yarmouth Port, MA",5320,41.70205,-70.24947
5611730,"Weiser","ID","Weiser, ID",5317,44.251,-116.96933
4179193,"Adel","GA","Adel, GA",5316,31.13727,-83.42408
4912303,"Spring Valley","IL","Spring Valley, IL",5314,41.32754,-89.19981
4975603,"Poland","ME","Poland, ME",5314,44.06063,-70.39367
5197673,"Lehighton","PA","Lehighton, PA",5314,40.8337,-75.7138
5346986,"Eucalyptus Hills","CA","Eucalyptus Hills, CA",5313,32.87977,-116.94669
4492573,"South Gastonia","NC","South Gastonia, NC",5312,35.2193,-81.20563
5120479,"New Hempstead","NY","New Hempstead, NY",5312,41.14982,-74.03375
5204957,"Palmerton","PA","Palmerton, PA",5305,40.8014,-75.6119
5420859,"Edgewater","CO","Edgewater, CO",5302,39.75304,-105.06415
4581095,"Hardeeville","SC","Hardeeville, SC",5301,32.28714,-81.08067
4090684,"Smiths Station","AL","Smiths Station, AL",5300,32.54014,-85.09855
5101459,"Mount Arlington","NJ","Mount Arlington, NJ",5300,40.92593,-74.63488
5090246,"Newmarket","NH","Newmarket, NH",5297,43.08286,-70.93506
4113067,"Greenbrier","AR","Greenbrier, AR",5296,35.23397,-92.38765
4640736,"McKenzie","TN","McKenzie, TN",5296,36.13256,-88.51866
5512373,"Silver Springs","NV","Silver Springs, NV",5296,39.41547,-119.22461
4718236,"Pecan Plantation","TX","Pecan Plantation, TX",5294,32.36042,-97.67558
4313563,"Williamsburg","KY","Williamsburg, KY",5293,36.74342,-84.15966
5120141,"Hartsdale","NY","Hartsdale, NY",5293,41.01899,-73.79819
4633848,"Jonesborough","TN","Jonesborough, TN",5291,36.29427,-82.47348
4847226,"Asbury","IA","Asbury, IA",5291,42.51445,-90.75152
5359426,"Indian Wells","CA","Indian Wells, CA",5289,33.71791,-116.34311
4052964,"Cahaba Heights","AL","Cahaba Heights, AL",5287,33.464,-86.73193
4736043,"Terrell Hills","TX","Terrell Hills, TX",5287,29.47495,-98.45085
5184966,"Collegeville","PA","Collegeville, PA",5287,40.18566,-75.45157
5787893,"Boulevard Park","WA","Boulevard Park, WA",5287,47.48927,-122.31512
4192754,"Eastman","GA","Eastman, GA",5285,32.19767,-83.17765
4260453,"Linton","IN","Linton, IN",5284,39.03477,-87.16585
5090183,"New Ipswich","NH","New Ipswich, NH",5283,42.74814,-71.85424
4926613,"South Haven","IN","South Haven, IN",5282,41.54198,-87.13726
5759289,"Warrenton","OR","Warrenton, OR",5282,46.1651,-123.92376
4066463,"Harvest","AL","Harvest, AL",5281,34.85564,-86.75083
4966554,"Harpswell Center","ME","Harpswell Center, ME",5281,43.80175,-69.98421
4930804,"Bliss Corner","MA","Bliss Corner, MA",5280,41.61177,-70.93837
4748125,"Bluefield","VA","Bluefield, VA",5279,37.25262,-81.27121
5045403,"Saint Paul Park","MN","Saint Paul Park, MN",5279,44.84219,-92.99132
4600065,"Walterboro","SC","Walterboro, SC",5278,32.90517,-80.66677
5092018,"Rye","NH","Rye, NH",5277,43.01342,-70.77089
5109053,"Big Flats","NY","Big Flats, NY",5277,42.1373,-76.93691
7260319,"Zephyrhills South","FL","Zephyrhills South, FL",5276,28.21492,-82.18873
5136322,"Saranac Lake","NY","Saranac Lake, NY",5274,44.3295,-74.13127
4889130,"Creve Coeur","IL","Creve Coeur, IL",5272,40.64726,-89.59121
5216343,"Turtle Creek","PA","Turtle Creek, PA",5272,40.4059,-79.82505
5211113,"Schlusser","PA","Schlusser, PA",5265,40.24175,-77.17693
5211953,"Shillington","PA","Shillington, PA",5265,40.30787,-75.96549
4938738,"Hampden","MA","Hampden, MA",5261,42.06398,-72.41342
7262495,"West Clarkston-Highland","WA","West Clarkston-Highland, WA",5261,46.40287,-117.06395
4050006,"Delhi Hills","OH","Delhi Hills, OH",5259,39.09284,-84.61272
4507937,"Carlisle","OH","Carlisle, OH",5259,39.582,-84.32022
4891534,"Fairfield","IL","Fairfield, IL",5255,42.21919,-88.06147
5144588,"Williamsville","NY","Williamsville, NY",5254,42.96395,-78.73781
4167594,"Palm Springs North","FL","Palm Springs North, FL",5253,25.9351,-80.33383
4858479,"Glenwood","IA","Glenwood, IA",5253,41.04694,-95.74251
5115974,"East Moriches","NY","East Moriches, NY",5249,40.8051,-72.76093
4280502,"Tonganoxie","KS","Tonganoxie, KS",5248,39.10972,-95.08775
4794641,"Woodstock","VA","Woodstock, VA",5248,38.88178,-78.50584
4810884,"Keyser","WV","Keyser, WV",5248,39.44093,-78.97392
4195600,"Folkston","GA","Folkston, GA",5247,30.83095,-82.01131
4950395,"Scituate","MA","Scituate, MA",5245,42.19593,-70.72587
4501818,"Forked River","NJ","Forked River, NJ",5244,39.83984,-74.19014
7729501,"Dove Valley","CO","Dove Valley, CO",5243,39.57771,-104.8294
4125681,"Pea Ridge","AR","Pea Ridge, AR",5242,36.45396,-94.1152
4853551,"De Witt","IA","De Witt, IA",5242,41.82336,-90.53819
5084518,"Chester","NH","Chester, NH",5236,42.95675,-71.25728
5854718,"Waipi‘o Acres","HI","Waipi‘o Acres, HI",5236,21.46485,-158.01331
5543307,"Moab","UT","Moab, UT",5235,38.57332,-109.54984
5813832,"Tracyton","WA","Tracyton, WA",5233,47.60898,-122.65514
4994862,"Grosse Pointe","MI","Grosse Pointe, MI",5232,42.38615,-82.91186
5308281,"Paulden","AZ","Paulden, AZ",5231,34.88558,-112.46823
5211212,"Schuylkill Haven","PA","Schuylkill Haven, PA",5228,40.63065,-76.17105
5252182,"Evansville","WI","Evansville, WI",5228,42.78028,-89.29928
4991753,"Eaton Rapids","MI","Eaton Rapids, MI",5225,42.5092,-84.65581
4539145,"Hugo","OK","Hugo, OK",5224,34.01066,-95.50968
4075977,"Midfield","AL","Midfield, AL",5222,33.4615,-86.90888
4170092,"River Park","FL","River Park, FL",5222,27.31421,-80.34727
4107198,"Crossett","AR","Crossett, AR",5220,33.12818,-91.96124
4896390,"Hoopeston","IL","Hoopeston, IL",5220,40.46726,-87.66836
4168506,"Pine Island Ridge","FL","Pine Island Ridge, FL",5218,26.09481,-80.27394
4269872,"Concordia","KS","Concordia, KS",5218,39.57084,-97.66254
4816520,"New Martinsville","WV","New Martinsville, WV",5218,39.64452,-80.8576
4155623,"Floral City","FL","Floral City, FL",5217,28.74999,-82.29676
4756643,"Dumfries","VA","Dumfries, VA",5217,38.56762,-77.32804
5038018,"Montevideo","MN","Montevideo, MN",5217,44.94803,-95.71701
4355780,"Fruitland","MD","Fruitland, MD",5215,38.32206,-75.6202
4968729,"Kennebunk","ME","Kennebunk, ME",5214,43.38397,-70.54478
4541625,"Lone Grove","OK","Lone Grove, OK",5213,34.17537,-97.26279
4943144,"Marion","MA","Marion, MA",5213,41.7001,-70.76281
5328163,"Big Bear Lake","CA","Big Bear Lake, CA",5213,34.2439,-116.91142
5604473,"Preston","ID","Preston, ID",5212,42.09631,-111.87662
4262406,"Oak Park","IN","Oak Park, IN",5209,38.30562,-85.69635
4326074,"Grambling","LA","Grambling, LA",5209,32.52765,-92.71404
5273439,"Slinger","WI","Slinger, WI",5208,43.33361,-88.28621
5284905,"Bisbee","AZ","Bisbee, AZ",5208,31.44815,-109.92841
4988628,"Chelsea","MI","Chelsea, MI",5205,42.31807,-84.02181
4884562,"Berkeley","IL","Berkeley, IL",5203,41.88892,-87.9034
5178996,"Bangor","PA","Bangor, PA",5203,40.86565,-75.20657
4894360,"Grandwood Park","IL","Grandwood Park, IL",5202,42.39308,-87.98674
5393484,"Saranap","CA","Saranap, CA",5202,37.88492,-122.07607
4365877,"Poolesville","MD","Poolesville, MD",5201,39.14594,-77.41693
7259881,"Hutchinson Island South","FL","Hutchinson Island South, FL",5201,27.29949,-80.22045
7260996,"Camp Pendleton North","CA","Camp Pendleton North, CA",5200,33.31465,-117.31603
5721551,"Creswell","OR","Creswell, OR",5199,43.9179,-123.02453
5240399,"Rockingham","VT","Rockingham, VT",5198,43.18758,-72.48898
4519445,"Nelsonville","OH","Nelsonville, OH",5197,39.45868,-82.23182
5670128,"Orchard Homes","MT","Orchard Homes, MT",5197,46.86326,-114.04844
7261441,"Hilmar-Irwin","CA","Hilmar-Irwin, CA",5197,37.40454,-120.85042
4893601,"Genoa","IL","Genoa, IL",5196,42.09725,-88.69287
5409417,"Williams","CA","Williams, CA",5196,39.15461,-122.14942
4173467,"South Highpoint","FL","South Highpoint, FL",5195,27.91697,-82.71288
4862069,"Iowa Falls","IA","Iowa Falls, IA",5195,42.52248,-93.25131
4711967,"Mont Belvieu","TX","Mont Belvieu, TX",5193,29.84772,-94.89076
5010917,"Springfield","MI","Springfield, MI",5192,42.32643,-85.23916
4568985,"Abbeville","SC","Abbeville, SC",5191,34.17817,-82.37901
5300830,"Kayenta","AZ","Kayenta, AZ",5189,36.72778,-110.25458
7262802,"Wailua Homesteads","HI","Wailua Homesteads, HI",5188,22.07244,-159.37677
4693569,"Gilmer","TX","Gilmer, TX",5187,32.72875,-94.94244
4127359,"Prairie Grove","AR","Prairie Grove, AR",5186,35.97591,-94.31771
5526805,"Muleshoe","TX","Muleshoe, TX",5185,34.22647,-102.72383
5169130,"Saint Clairsville","OH","Saint Clairsville, OH",5184,40.08063,-80.90009
5782320,"Sunset","UT","Sunset, UT",5183,41.13633,-112.03105
5106857,"Albertson","NY","Albertson, NY",5182,40.77343,-73.64318
4136153,"White Hall","AR","White Hall, AR",5180,34.27399,-92.09098
4529308,"Alva","OK","Alva, OK",5180,36.80499,-98.66718
4401659,"Odessa","MO","Odessa, MO",5178,38.99917,-93.95356
4319507,"Chackbay","LA","Chackbay, LA",5177,29.88354,-90.79732
7259400,"Montrose-Ghent","OH","Montrose-Ghent, OH",5177,41.1538,-81.64378
4882259,"Winterset","IA","Winterset, IA",5176,41.33082,-94.01384
4707173,"Livingston","TX","Livingston, TX",5172,30.71103,-94.93299
5327003,"Bear Valley Springs","CA","Bear Valley Springs, CA",5172,35.15913,-118.62842
4800195,"Brookhaven","WV","Brookhaven, WV",5171,39.61175,-79.90451
4360443,"Layhill","MD","Layhill, MD",5169,39.09233,-77.04442
5126510,"Mechanicville","NY","Mechanicville, NY",5169,42.90285,-73.68734
4574153,"Central","SC","Central, SC",5167,34.72427,-82.78125
5129310,"Northumberland","NY","Northumberland, NY",5159,43.1273,-73.58817
5180620,"Birdsboro","PA","Birdsboro, PA",5159,40.26454,-75.80409
4386685,"Flat River","MO","Flat River, MO",5157,37.85005,-90.51679
4064310,"Glencoe","AL","Glencoe, AL",5153,33.95704,-85.93247
5400065,"Sunnyslope","CA","Sunnyslope, CA",5153,34.01196,-117.43338
4479891,"Mocksville","NC","Mocksville, NC",5151,35.89403,-80.56145
4704940,"Lakehills","TX","Lakehills, TX",5150,29.60467,-98.94309
4504856,"Wildwood","NJ","Wildwood, NJ",5149,38.99178,-74.81489
4807310,"Grafton","WV","Grafton, WV",5148,39.34092,-80.01897
4880268,"Vinton","IA","Vinton, IA",5148,42.16861,-92.02351
5149818,"Chardon","OH","Chardon, OH",5148,41.61422,-81.14899
5782055,"Stansbury park","UT","Stansbury park, UT",5145,40.63772,-112.29606
4927242,"Tipton","IN","Tipton, IN",5144,40.28226,-86.0411
4058061,"Daleville","AL","Daleville, AL",5141,31.31017,-85.71299
4906482,"Poplar Grove","IL","Poplar Grove, IL",5139,42.36835,-88.82205
5802349,"Maplewood","WA","Maplewood, WA",5138,47.40176,-122.55707
5275760,"Tichigan","WI","Tichigan, WI",5133,42.8289,-88.19759
5123109,"Kaser","NY","Kaser, NY",5131,41.12121,-74.06709
5123459,"Kings Point","NY","Kings Point, NY",5131,40.81982,-73.73513
4337823,"Port Allen","LA","Port Allen, LA",5130,30.45214,-91.21011
5144182,"Wheatley Heights","NY","Wheatley Heights, NY",5130,40.76371,-73.36984
4675803,"Bowie","TX","Bowie, TX",5126,33.559,-97.84865
5401121,"Tara Hills","CA","Tara Hills, CA",5126,37.99353,-122.31636
5343728,"Dos Palos","CA","Dos Palos, CA",5125,36.98606,-120.62657
5523335,"Homestead Meadows North","TX","Homestead Meadows North, TX",5124,31.84963,-106.17285
5003384,"New Haven","MI","New Haven, MI",5123,43.09364,-84.15331
4676571,"Brookshire","TX","Brookshire, TX",5120,29.78606,-95.95107
5214696,"Sugarcreek","PA","Sugarcreek, PA",5120,41.42145,-79.88117
4235246,"Carmi","IL","Carmi, IL",5119,38.09088,-88.15865
5204476,"Olyphant","PA","Olyphant, PA",5111,41.46841,-75.60297
4407665,"Savannah","MO","Savannah, MO",5108,39.94166,-94.83025
4619629,"Dunlap","TN","Dunlap, TN",5108,35.37146,-85.39052
4185553,"Byron","GA","Byron, GA",5105,32.65376,-83.75963
4490510,"Sawmills","NC","Sawmills, NC",5104,35.82485,-81.47454
5132152,"Pound Ridge","NY","Pound Ridge, NY",5104,41.20871,-73.57485
4590980,"Piedmont","SC","Piedmont, SC",5103,34.70234,-82.46457
4173376,"South Bay","FL","South Bay, FL",5101,26.66396,-80.71617
4888432,"Colona","IL","Colona, IL",5100,41.48392,-90.35318
5345624,"El Cerrito Corona","CA","El Cerrito Corona, CA",5100,33.84057,-117.52283
4050118,"Turpin Hills","OH","Turpin Hills, OH",5099,39.11006,-84.37994
4342429,"Springhill","LA","Springhill, LA",5097,33.00597,-93.46684
4547861,"Perry","OK","Perry, OK",5097,36.28949,-97.2881
4552519,"Sulphur","OK","Sulphur, OK",5097,34.50787,-96.96835
5173412,"Sunbury","OH","Sunbury, OH",5097,40.24256,-82.85907
4659177,"Sparta","TN","Sparta, TN",5096,35.9259,-85.46414
4902218,"Milan","IL","Milan, IL",5096,41.45309,-90.57208
5023970,"Dayton","MN","Dayton, MN",5096,45.24385,-93.51496
4351264,"Chestertown","MD","Chestertown, MD",5093,39.209,-76.06661
4607598,"Bolivar","TN","Bolivar, TN",5093,35.25619,-88.98784
5645859,"Columbia Falls","MT","Columbia Falls, MT",5093,48.37246,-114.18152
5181636,"Bridgeville","PA","Bridgeville, PA",5092,40.35618,-80.11006
4177308,"Wahneta","FL","Wahneta, FL",5091,27.9528,-81.72702
4686472,"Doffing","TX","Doffing, TX",5091,26.27452,-98.38585
4185863,"Camilla","GA","Camilla, GA",5089,31.23129,-84.21046
4743575,"Zapata","TX","Zapata, TX",5089,26.90726,-99.27143
5082811,"Auburn","NH","Auburn, NH",5089,43.00453,-71.3484
4876141,"Sheldon","IA","Sheldon, IA",5088,43.18109,-95.85613
5593708,"Fruitland","ID","Fruitland, ID",5087,44.00766,-116.91655
4197325,"Glennville","GA","Glennville, GA",5086,31.93659,-81.92845
4525829,"Summerside","OH","Summerside, OH",5083,39.10478,-84.28827
4902498,"Monee","IL","Monee, IL",5082,41.42003,-87.74171
5331568,"Buellton","CA","Buellton, CA",5082,34.6136,-120.19265
4173524,"South Pasadena","FL","South Pasadena, FL",5081,27.75503,-82.7376
4945764,"North Scituate","MA","North Scituate, MA",5077,42.21899,-70.7856
5362849,"Kensington","CA","Kensington, CA",5077,37.91048,-122.28025
5722960,"Deschutes River Woods","OR","Deschutes River Woods, OR",5077,43.99151,-121.35836
4474841,"Lake Norman of Catawba","NC","Lake Norman of Catawba, NC",5075,35.5868,-80.95952
4865996,"Manchester","IA","Manchester, IA",5073,42.48415,-91.45543
4974617,"Paris","ME","Paris, ME",5073,44.25979,-70.50062
4160749,"Kenneth City","FL","Kenneth City, FL",5072,27.81558,-82.7201
4694535,"Granite Shoals","TX","Granite Shoals, TX",5071,30.58908,-98.38392
4983989,"Allegan","MI","Allegan, MI",5071,42.5292,-85.8553
4915703,"Watseka","IL","Watseka, IL",5070,40.77615,-87.73642
5113223,"Cold Spring Harbor","NY","Cold Spring Harbor, NY",5070,40.87149,-73.45679
4519486,"New Burlington","OH","New Burlington, OH",5069,39.2595,-84.55717
4998189,"Kingsford","MI","Kingsford, MI",5069,45.79496,-88.07207
5814992,"Wapato","WA","Wapato, WA",5068,46.44763,-120.42034
4693472,"Giddings","TX","Giddings, TX",5064,30.18272,-96.93637
4710129,"McGregor","TX","McGregor, TX",5064,31.44406,-97.40918
7259774,"Fort Pierce South","FL","Fort Pierce South, FL",5062,27.40962,-80.35483
4177450,"Warm Mineral Springs","FL","Warm Mineral Springs, FL",5061,27.05978,-82.26009
5042832,"Redwood Falls","MN","Redwood Falls, MN",5061,44.5394,-95.11694
8480059,"Apple Valley","OH","Apple Valley, OH",5058,40.4389,-82.35391
5787475,"Blaine","WA","Blaine, WA",5056,48.99372,-122.74712
4453271,"Ayden","NC","Ayden, NC",5053,35.47266,-77.41552
4357289,"Hampton","MD","Hampton, MD",5052,39.42288,-76.58469
4619893,"Eagleton Village","TN","Eagleton Village, TN",5052,35.79508,-83.93185
7258973,"Shanor-Northvue","PA","Shanor-Northvue, PA",5051,40.91045,-79.91562
5097224,"Demarest","NJ","Demarest, NJ",5050,40.95732,-73.96347
5090459,"Northfield","NH","Northfield, NH",5049,43.43313,-71.5923
4917537,"Alexandria","IN","Alexandria, IN",5047,40.26282,-85.67581
7260093,"Samsula-Spruce Creek","FL","Samsula-Spruce Creek, FL",5047,29.04932,-81.06192
4055045,"Childersburg","AL","Childersburg, AL",5046,33.27817,-86.35498
5069480,"Gretna","NE","Gretna, NE",5046,41.14083,-96.23974
5101393,"Morganville","NJ","Morganville, NJ",5040,40.3765,-74.24431
5507103,"Lemmon Valley","NV","Lemmon Valley, NV",5040,39.63602,-119.84325
4623039,"Forest Hills","TN","Forest Hills, TN",5039,36.06839,-86.84417
4709615,"Mathis","TX","Mathis, TX",5037,28.09446,-97.82805
5143380,"Waterloo","NY","Waterloo, NY",5036,42.90479,-76.86274
5089850,"Moultonborough","NH","Moultonborough, NH",5034,43.7548,-71.39674
5140789,"Thiells","NY","Thiells, NY",5032,41.21065,-74.01764
5217103,"Vandergrift","PA","Vandergrift, PA",5032,40.60284,-79.56477
4085373,"Rainsville","AL","Rainsville, AL",5031,34.49425,-85.84775
7315258,"Fairwood","MD","Fairwood, MD",5031,38.95665,-76.77772
4851247,"Cherokee","IA","Cherokee, IA",5030,42.74943,-95.55167
5196621,"Kutztown","PA","Kutztown, PA",5028,40.51732,-75.77742
4235600,"Centreville","IL","Centreville, IL",5027,38.58338,-90.12511
5033727,"Lake City","MN","Lake City, MN",5027,44.44968,-92.2682
4993321,"Frankenmuth","MI","Frankenmuth, MI",5025,43.33169,-83.73802
5137484,"Sea Cliff","NY","Sea Cliff, NY",5025,40.84899,-73.64485
5495360,"Tucumcari","NM","Tucumcari, NM",5025,35.17191,-103.72686
4176316,"Valparaiso","FL","Valparaiso, FL",5023,30.50853,-86.50273
4876190,"Shenandoah","IA","Shenandoah, IA",5021,40.76555,-95.37221
5163968,"Munroe Falls","OH","Munroe Falls, OH",5019,41.1445,-81.43983
5284580,"Holbrook","AZ","Holbrook, AZ",5019,34.90225,-110.15818
4250608,"Staunton","IL","Staunton, IL",5018,39.01227,-89.79121
4877184,"Spirit Lake","IA","Spirit Lake, IA",5018,43.42218,-95.10222
4720060,"Port Isabel","TX","Port Isabel, TX",5016,26.07341,-97.20858
5130915,"Penn Yan","NY","Penn Yan, NY",5014,42.6609,-77.05386
5278608,"West Salem","WI","West Salem, WI",5014,43.89913,-91.08125
5268850,"Richland Center","WI","Richland Center, WI",5013,43.33471,-90.38679
4383713,"Dellwood","MO","Dellwood, MO",5011,38.7495,-90.28567
5143988,"West Sayville","NY","West Sayville, NY",5011,40.72788,-73.09761
5182063,"Bryn Mawr","PA","Bryn Mawr, PA",5009,40.30396,-80.08672
4444938,"Saltillo","MS","Saltillo, MS",5004,34.37649,-88.68172
4728052,"Shady Hollow","TX","Shady Hollow, TX",5004,30.16493,-97.86223
5264814,"North Fond du Lac","WI","North Fond du Lac, WI",5004,43.81138,-88.48344
4859802,"Harlan","IA","Harlan, IA",5002,41.65304,-95.32555
4967563,"Houlton","ME","Houlton, ME",5002,46.12616,-67.8403
4997249,"Ironwood","MI","Ironwood, MI",5002,46.45467,-90.17101
5101073,"Mendham","NJ","Mendham, NJ",5001,40.77593,-74.60071
4841125,"Preston City","CT","Preston City, CT",5000,41.52899,-71.97396
5341210,"Cutler","CA","Cutler, CA",5000,36.52328,-119.28678
